Running No,DoBIH Number,Streetmap,Geograph,Hill-bagging,Name,SMC Section,RHB Section,_Section,Height (m),Height (ft),Map 1:50k,Map 1:25k,Grid Ref,GridRefXY,xcoord,ycoord,1953,1969,1974,1981,1984,1990,1997,Post 1997,Comment
1,1688,"http://www.streetmap.co.uk/newmap.srf?x=242756&y=585549&z=3&sv=242756,585549&st=4&tl=~&bi=~&lu=N&ar=y",http://www.geograph.org.uk/gridref/NX4275685549,http://www.hill-bagging.co.uk/mountaindetails.php?qu=S&rf=1688,Merrick,0,27B,27.2,843,2766,77,318,NX427855,NX4275685549,242756,585549,CORBETT,CORBETT,CORBETT,CORBETT,CORBETT,CORBETT,CORBETT,CORBETT,
2,1691,"http://www.streetmap.co.uk/newmap.srf?x=242089&y=586952&z=3&sv=242089,586952&st=4&tl=~&bi=~&lu=N&ar=y",http://www.geograph.org.uk/gridref/NX4208986952,http://www.hill-bagging.co.uk/mountaindetails.php?qu=S&rf=1691,Kirriereoch Hill,0,27B,27.2,786.8,2581,77,318,NX420869,NX4208986952,242089,586952,CORBETT,CORBETT,CORBETT,CORBETT,,,,,
3,1689,"http://www.streetmap.co.uk/newmap.srf?x=249780&y=587068&z=3&sv=249780,587068&st=4&tl=~&bi=~&lu=N&ar=y",http://www.geograph.org.uk/gridref/NX4978087068,http://www.hill-bagging.co.uk/mountaindetails.php?qu=S&rf=1689,Corserine,0,27B,27.2,814,2671,77,318,NX497870,NX4978087068,249780,587068,CORBETT,CORBETT,CORBETT,CORBETT,CORBETT,CORBETT,CORBETT,CORBETT,
4,1692,"http://www.streetmap.co.uk/newmap.srf?x=240762&y=590564&z=3&sv=240762,590564&st=4&tl=~&bi=~&lu=N&ar=y",http://www.geograph.org.uk/gridref/NX4076290564,http://www.hill-bagging.co.uk/mountaindetails.php?qu=S&rf=1692,Shalloch on Minnoch,0,27B,27.2,774.1,2540,77,318,NX407905,NX4076290564,240762,590564,CORBETT,CORBETT,CORBETT,CORBETT,CORBETT,CORBETT,CORBETT,CORBETT,
5,1739,"http://www.streetmap.co.uk/newmap.srf?x=259464&y=597995&z=3&sv=259464,597995&st=4&tl=~&bi=~&lu=N&ar=y",http://www.geograph.org.uk/gridref/NX5946497995,http://www.hill-bagging.co.uk/mountaindetails.php?qu=S&rf=1739,Cairnsmore of Carsphairn,0,27C,27.3,797,2615,77,328S,NX594979,NX5946497995,259464,597995,CORBETT,CORBETT,CORBETT,CORBETT,CORBETT,CORBETT,CORBETT,CORBETT,
6,1830,"http://www.streetmap.co.uk/newmap.srf?x=314642&y=623538&z=3&sv=314642,623538&st=4&tl=~&bi=~&lu=N&ar=y",http://www.geograph.org.uk/gridref/NT1464223538,http://www.hill-bagging.co.uk/mountaindetails.php?qu=S&rf=1830,Broad Law,0,28B,28.2,840,2756,72,330 336,NT146235,NT1464223538,314642,623538,CORBETT,CORBETT,CORBETT,CORBETT,CORBETT,CORBETT,CORBETT,CORBETT,
7,1832,"http://www.streetmap.co.uk/newmap.srf?x=316320&y=615095&z=3&sv=316320,615095&st=4&tl=~&bi=~&lu=N&ar=y",http://www.geograph.org.uk/gridref/NT1632015095,http://www.hill-bagging.co.uk/mountaindetails.php?qu=S&rf=1832,White Coomb,0,28B,28.2,821,2694,79,330,NT163150,NT1632015095,316320,615095,CORBETT,CORBETT,CORBETT,CORBETT,CORBETT,CORBETT,CORBETT,CORBETT,
8,1831,"http://www.streetmap.co.uk/newmap.srf?x=316845&y=624740&z=3&sv=316845,624740&st=4&tl=~&bi=~&lu=N&ar=y",http://www.geograph.org.uk/gridref/NT1684524740,http://www.hill-bagging.co.uk/mountaindetails.php?qu=S&rf=1831,Cramalt Craig,0,28B,28.2,830.2,2724,72,336,NT168247,NT1684524740,316845,624740,CORBETT,CORBETT,CORBETT,CORBETT,,,,,
9,1835,"http://www.streetmap.co.uk/newmap.srf?x=311365&y=613575&z=3&sv=311365,613575&st=4&tl=~&bi=~&lu=N&ar=y",http://www.geograph.org.uk/gridref/NT1136513575,http://www.hill-bagging.co.uk/mountaindetails.php?qu=S&rf=1835,Hart Fell,0,28B,28.2,808,2651,78,330,NT113135,NT1136513575,311365,613575,CORBETT,CORBETT,CORBETT,CORBETT,CORBETT,CORBETT,CORBETT,CORBETT,
10,2,"http://www.streetmap.co.uk/newmap.srf?x=274441&y=736853&z=3&sv=274441,736853&st=4&tl=~&bi=~&lu=N&ar=y",http://www.geograph.org.uk/gridref/NN7444136853,http://www.hill-bagging.co.uk/mountaindetails.php?qu=S&rf=2,Creagan na Beinne,1,01A,1.1,888,2913,51 52,OL48E 378E,NN744368,NN7444136853,274441,736853,CORBETT,CORBETT,CORBETT,CORBETT,CORBETT,CORBETT,CORBETT,CORBETT,
11,3,"http://www.streetmap.co.uk/newmap.srf?x=270828&y=732324&z=3&sv=270828,732324&st=4&tl=~&bi=~&lu=N&ar=y",http://www.geograph.org.uk/gridref/NN7082832324,http://www.hill-bagging.co.uk/mountaindetails.php?qu=S&rf=3,Creag Uchdag,1,01A,1.1,879,2884,51 52,OL48E 378E,NN708323,NN7082832324,270828,732324,CORBETT,CORBETT,CORBETT,CORBETT,CORBETT,CORBETT,CORBETT,CORBETT,
12,4,"http://www.streetmap.co.uk/newmap.srf?x=280862&y=730811&z=3&sv=280862,730811&st=4&tl=~&bi=~&lu=N&ar=y",http://www.geograph.org.uk/gridref/NN8086230811,http://www.hill-bagging.co.uk/mountaindetails.php?qu=S&rf=4,Auchnafree Hill,1,01A,1.1,789,2589,52,OL47W 368W 379W,NN808308,NN8086230811,280862,730811,CORBETT,CORBETT,CORBETT,CORBETT,CORBETT,CORBETT,CORBETT,CORBETT,
13,19,"http://www.streetmap.co.uk/newmap.srf?x=260165&y=715806&z=3&sv=260165,715806&st=4&tl=~&bi=~&lu=N&ar=y",http://www.geograph.org.uk/gridref/NN6016515806,http://www.hill-bagging.co.uk/mountaindetails.php?qu=S&rf=19,Beinn Each,1,01B,1.2,813,2667,57,OL46N 365N,NN601158,NN6016515806,260165,715806,,,,,CORBETT,CORBETT,CORBETT,CORBETT,
14,20,"http://www.streetmap.co.uk/newmap.srf?x=265078&y=718687&z=3&sv=265078,718687&st=4&tl=~&bi=~&lu=N&ar=y",http://www.geograph.org.uk/gridref/NN6507818687,http://www.hill-bagging.co.uk/mountaindetails.php?qu=S&rf=20,Meall na Fearna,1,01B,1.2,809,2654,57,OL47W 368W,NN650186,NN6507818687,265078,718687,CORBETT,CORBETT,CORBETT,CORBETT,CORBETT,CORBETT,CORBETT,CORBETT,
15,42,"http://www.streetmap.co.uk/newmap.srf?x=256236&y=709777&z=3&sv=256236,709777&st=4&tl=~&bi=~&lu=N&ar=y",http://www.geograph.org.uk/gridref/NN5623609777,http://www.hill-bagging.co.uk/mountaindetails.php?qu=S&rf=42,Ben Ledi,1,01C,1.3,879,2884,57,OL46S 365S,NN562097,NN5623609777,256236,709777,CORBETT,CORBETT,CORBETT,CORBETT,CORBETT,CORBETT,CORBETT,CORBETT,
16,43,"http://www.streetmap.co.uk/newmap.srf?x=241722&y=715975&z=3&sv=241722,715975&st=4&tl=~&bi=~&lu=N&ar=y",http://www.geograph.org.uk/gridref/NN4172215975,http://www.hill-bagging.co.uk/mountaindetails.php?qu=S&rf=43,Stob a'Choin,1,01C,1.3,869,2851,56,OL46N 365N,NN417159,NN4172215975,241722,715975,CORBETT,CORBETT,CORBETT,CORBETT,CORBETT,CORBETT,CORBETT,CORBETT,
17,44,"http://www.streetmap.co.uk/newmap.srf?x=254210&y=723408&z=3&sv=254210,723408&st=4&tl=~&bi=~&lu=N&ar=y",http://www.geograph.org.uk/gridref/NN5421023408,http://www.hill-bagging.co.uk/mountaindetails.php?qu=S&rf=44,Meall an t-Seallaidh,1,01C,1.3,852,2795,51,OL46N 365N,NN542234,NN5421023408,254210,723408,CORBETT,CORBETT,CORBETT,CORBETT,CORBETT,CORBETT,CORBETT,CORBETT,
18,45,"http://www.streetmap.co.uk/newmap.srf?x=253516&y=713728&z=3&sv=253516,713728&st=4&tl=~&bi=~&lu=N&ar=y",http://www.geograph.org.uk/gridref/NN5351613728,http://www.hill-bagging.co.uk/mountaindetails.php?qu=S&rf=45,Benvane,1,01C,1.3,821,2694,57,OL46N 365N,NN535137,NN5351613728,253516,713728,CORBETT,CORBETT,CORBETT,CORBETT,CORBETT,CORBETT,CORBETT,CORBETT,
19,46,"http://www.streetmap.co.uk/newmap.srf?x=254564&y=725567&z=3&sv=254564,725567&st=4&tl=~&bi=~&lu=N&ar=y",http://www.geograph.org.uk/gridref/NN5456425567,http://www.hill-bagging.co.uk/mountaindetails.php?qu=S&rf=46,Creag Mac Ranaich,1,01C,1.3,808.6,2653,51,OL46N 365N,NN545255,NN5456425567,254564,725567,CORBETT,CORBETT,CORBETT,CORBETT,CORBETT,CORBETT,CORBETT,CORBETT,
20,47,"http://www.streetmap.co.uk/newmap.srf?x=247432&y=716323&z=3&sv=247432,716323&st=4&tl=~&bi=~&lu=N&ar=y",http://www.geograph.org.uk/gridref/NN4743216323,http://www.hill-bagging.co.uk/mountaindetails.php?qu=S&rf=47,Beinn Stacach [Ceann na Baintighearna] [Stob Fear-tomhais] [Beinn Stacath],1,01C,1.3,771,2530,57,OL46N 365N,NN474163,NN4743216323,247432,716323,CORBETT,CORBETT,CORBETT,CORBETT,CORBETT,CORBETT,CORBETT,CORBETT,"1953-1984: Ceann na Baintighearna; 1990-1997: Stob Fear-tomhais; post-1997: Beinn Stacach, misspelt Beinn Stacath in the SMC guide to the Corbetts (2002)"
21,48,"http://www.streetmap.co.uk/newmap.srf?x=235426&y=713028&z=3&sv=235426,713028&st=4&tl=~&bi=~&lu=N&ar=y",http://www.geograph.org.uk/gridref/NN3542613028,http://www.hill-bagging.co.uk/mountaindetails.php?qu=S&rf=48,Beinn a'Choin,1,01C,1.3,768.7,2522,50 56,OL39N 364N,NN354130,NN3542613028,235426,713028,CORBETT,CORBETT,CORBETT,CORBETT,CORBETT,CORBETT,CORBETT,CORBETT,
22,79,"http://www.streetmap.co.uk/newmap.srf?x=225952&y=705822&z=3&sv=225952,705822&st=4&tl=~&bi=~&lu=N&ar=y",http://www.geograph.org.uk/gridref/NN2595205822,http://www.hill-bagging.co.uk/mountaindetails.php?qu=S&rf=79,The Cobbler [Ben Arthur],1,01D,1.4,884,2900,56,OL39S 364S,NN259058,NN2595205822,225952,705822,CORBETT,CORBETT,CORBETT,CORBETT,CORBETT,CORBETT,CORBETT,CORBETT,
23,80,"http://www.streetmap.co.uk/newmap.srf?x=228030&y=729235&z=3&sv=228030,729235&st=4&tl=~&bi=~&lu=N&ar=y",http://www.geograph.org.uk/gridref/NN2803029235,http://www.hill-bagging.co.uk/mountaindetails.php?qu=S&rf=80,Beinn Chuirn,1,01D,1.4,880,2887,50,OL39N 364N 377E,NN280292,NN2803029235,228030,729235,CORBETT,CORBETT,CORBETT,CORBETT,CORBETT,CORBETT,CORBETT,CORBETT,
24,81,"http://www.streetmap.co.uk/newmap.srf?x=224281&y=707920&z=3&sv=224281,707920&st=4&tl=~&bi=~&lu=N&ar=y",http://www.geograph.org.uk/gridref/NN2428107920,http://www.hill-bagging.co.uk/mountaindetails.php?qu=S&rf=81,Beinn Luibhean,1,01D,1.4,858,2815,56,OL37N OL39S 363N 364,NN242079,NN2428107920,224281,707920,CORBETT,CORBETT,CORBETT,CORBETT,CORBETT,CORBETT,CORBETT,CORBETT,
25,82,"http://www.streetmap.co.uk/newmap.srf?x=223063&y=710918&z=3&sv=223063,710918&st=4&tl=~&bi=~&lu=N&ar=y",http://www.geograph.org.uk/gridref/NN2306310918,http://www.hill-bagging.co.uk/mountaindetails.php?qu=S&rf=82,Stob Coire Creagach [Binnein an Fhidhleir],1,01D,1.4,817,2680,50 56,OL37N OL39S 363N 364,NN230109,NN2306310918,223063,710918,CORBETT,CORBETT,CORBETT,CORBETT,CORBETT,CORBETT,CORBETT,CORBETT,
26,83,"http://www.streetmap.co.uk/newmap.srf?x=227068&y=719244&z=3&sv=227068,719244&st=4&tl=~&bi=~&lu=N&ar=y",http://www.geograph.org.uk/gridref/NN2706819244,http://www.hill-bagging.co.uk/mountaindetails.php?qu=S&rf=83,Meall an Fhudair,1,01D,1.4,764,2507,50 56,OL39N 364N,NN270192,NN2706819244,227068,719244,CORBETT,CORBETT,CORBETT,CORBETT,CORBETT,CORBETT,CORBETT,CORBETT,
27,1419,"http://www.streetmap.co.uk/newmap.srf?x=221803&y=707893&z=3&sv=221803,707893&st=4&tl=~&bi=~&lu=N&ar=y",http://www.geograph.org.uk/gridref/NN2180307893,http://www.hill-bagging.co.uk/mountaindetails.php?qu=S&rf=1419,Beinn an Lochain,1,19C,19.3,901.7,2958,56,OL37N OL39S 363N 364,NN218078,NN2180307893,221803,707893,,,,CORBETT,CORBETT,CORBETT,CORBETT,CORBETT,
28,1420,"http://www.streetmap.co.uk/newmap.srf?x=221838&y=704307&z=3&sv=221838,704307&st=4&tl=~&bi=~&lu=N&ar=y",http://www.geograph.org.uk/gridref/NN2183804307,http://www.hill-bagging.co.uk/mountaindetails.php?qu=S&rf=1420,Ben Donich,1,19C,19.3,847,2779,56,OL37N OL39S 363N 364,NN218043,NN2183804307,221838,704307,CORBETT,CORBETT,CORBETT,CORBETT,CORBETT,CORBETT,CORBETT,CORBETT,
29,1421,"http://www.streetmap.co.uk/newmap.srf?x=224565&y=703061&z=3&sv=224565,703061&st=4&tl=~&bi=~&lu=N&ar=y",http://www.geograph.org.uk/gridref/NN2456503061,http://www.hill-bagging.co.uk/mountaindetails.php?qu=S&rf=1421,The Brack,1,19C,19.3,787,2582,56,OL37N OL39S 363N 364,NN245030,NN2456503061,224565,703061,CORBETT,CORBETT,CORBETT,CORBETT,CORBETT,CORBETT,CORBETT,CORBETT,
30,1423,"http://www.streetmap.co.uk/newmap.srf?x=223351&y=700755&z=3&sv=223351,700755&st=4&tl=~&bi=~&lu=N&ar=y",http://www.geograph.org.uk/gridref/NN2335100755,http://www.hill-bagging.co.uk/mountaindetails.php?qu=S&rf=1423,Cnoc Coinnich,1,19C,19.3,763.5,2505,56,OL37N 363N,NN233007,NN2335100755,223351,700755,,,,,,,,CORBETT,Promoted to Corbett in May 2016 following height measurement by G&J Surveys and acceptance by the SMC
31,1422,"http://www.streetmap.co.uk/newmap.srf?x=215479&y=698326&z=3&sv=215479,698326&st=4&tl=~&bi=~&lu=N&ar=y",http://www.geograph.org.uk/gridref/NS1547998326,http://www.hill-bagging.co.uk/mountaindetails.php?qu=S&rf=1422,Beinn Bheula,1,19C,19.3,779,2556,56,OL37N 363N,NS154983,NS1547998326,215479,698326,CORBETT,CORBETT,CORBETT,CORBETT,CORBETT,CORBETT,CORBETT,CORBETT,
32,130,"http://www.streetmap.co.uk/newmap.srf?x=242688&y=744962&z=3&sv=242688,744962&st=4&tl=~&bi=~&lu=N&ar=y",http://www.geograph.org.uk/gridref/NN4268844962,http://www.hill-bagging.co.uk/mountaindetails.php?qu=S&rf=130,Meall Buidhe,2,02A,2.1,908.2,2980,51,OL48W 378W,NN426449,NN4268844962,242688,744962,CORBETT,CORBETT,CORBETT,CORBETT,CORBETT,CORBETT,CORBETT,CORBETT,
33,132,"http://www.streetmap.co.uk/newmap.srf?x=253680&y=749126&z=3&sv=253680,749126&st=4&tl=~&bi=~&lu=N&ar=y",http://www.geograph.org.uk/gridref/NN5368049126,http://www.hill-bagging.co.uk/mountaindetails.php?qu=S&rf=132,Cam Chreag,2,02A,2.1,862,2828,51,OL48W 378W,NN536491,NN5368049126,253680,749126,CORBETT,CORBETT,CORBETT,CORBETT,CORBETT,CORBETT,CORBETT,CORBETT,
34,133,"http://www.streetmap.co.uk/newmap.srf?x=245604&y=745301&z=3&sv=245604,745301&st=4&tl=~&bi=~&lu=N&ar=y",http://www.geograph.org.uk/gridref/NN4560445301,http://www.hill-bagging.co.uk/mountaindetails.php?qu=S&rf=133,Sron a'Choire Chnapanich [Sron a'Choire Chnapanaich],2,02A,2.1,837,2746,51,OL48W 378W,NN456453,NN4560445301,245604,745301,,,,,CORBETT,CORBETT,CORBETT,CORBETT,
35,134,"http://www.streetmap.co.uk/newmap.srf?x=260868&y=749755&z=3&sv=260868,749755&st=4&tl=~&bi=~&lu=N&ar=y",http://www.geograph.org.uk/gridref/NN6086849755,http://www.hill-bagging.co.uk/mountaindetails.php?qu=S&rf=134,Beinn Dearg,2,02A,2.1,830,2723,51,OL48E OL49W 378E 386,NN608497,NN6086849755,260868,749755,CORBETT,CORBETT,CORBETT,CORBETT,CORBETT,CORBETT,CORBETT,CORBETT,
36,135,"http://www.streetmap.co.uk/newmap.srf?x=280745&y=754376&z=3&sv=280745,754376&st=4&tl=~&bi=~&lu=N&ar=y",http://www.geograph.org.uk/gridref/NN8074554376,http://www.hill-bagging.co.uk/mountaindetails.php?qu=S&rf=135,Meall Tairneachan,2,02A,2.1,787,2582,52,OL49E 386E,NN807543,NN8074554376,280745,754376,CORBETT,CORBETT,CORBETT,CORBETT,CORBETT,CORBETT,CORBETT,CORBETT,
37,136,"http://www.streetmap.co.uk/newmap.srf?x=284033&y=755305&z=3&sv=284033,755305&st=4&tl=~&bi=~&lu=N&ar=y",http://www.geograph.org.uk/gridref/NN8403355305,http://www.hill-bagging.co.uk/mountaindetails.php?qu=S&rf=136,Farragon Hill,2,02A,2.1,782.3,2567,52,OL49E 386E,NN840553,NN8403355305,284033,755305,CORBETT,CORBETT,CORBETT,CORBETT,CORBETT,CORBETT,CORBETT,CORBETT,
38,168,"http://www.streetmap.co.uk/newmap.srf?x=254167&y=741200&z=3&sv=254167,741200&st=4&tl=~&bi=~&lu=N&ar=y",http://www.geograph.org.uk/gridref/NN5416741200,http://www.hill-bagging.co.uk/mountaindetails.php?qu=S&rf=168,Beinn nan Oighreag,2,02B,2.2,909.6,2984,51,OL48W 378W,NN541412,NN5416741200,254167,741200,CORBETT,CORBETT,CORBETT,CORBETT,CORBETT,CORBETT,CORBETT,CORBETT,
39,169,"http://www.streetmap.co.uk/newmap.srf?x=233735&y=733884&z=3&sv=233735,733884&st=4&tl=~&bi=~&lu=N&ar=y",http://www.geograph.org.uk/gridref/NN3373533884,http://www.hill-bagging.co.uk/mountaindetails.php?qu=S&rf=169,Beinn Odhar,2,02B,2.2,901,2956,50,377E,NN337338,NN3373533884,233735,733884,CORBETT,CORBETT,CORBETT,CORBETT,CORBETT,CORBETT,CORBETT,CORBETT,
40,170,"http://www.streetmap.co.uk/newmap.srf?x=234719&y=736404&z=3&sv=234719,736404&st=4&tl=~&bi=~&lu=N&ar=y",http://www.geograph.org.uk/gridref/NN3471936404,http://www.hill-bagging.co.uk/mountaindetails.php?qu=S&rf=170,Beinn a'Chaisteil,2,02B,2.2,886,2907,50,377E,NN347364,NN3471936404,234719,736404,CORBETT,CORBETT,CORBETT,CORBETT,CORBETT,CORBETT,CORBETT,CORBETT,
41,171,"http://www.streetmap.co.uk/newmap.srf?x=237550&y=734670&z=3&sv=237550,734670&st=4&tl=~&bi=~&lu=N&ar=y",http://www.geograph.org.uk/gridref/NN3755034670,http://www.hill-bagging.co.uk/mountaindetails.php?qu=S&rf=171,Cam Chreag,2,02B,2.2,884,2900,50,OL48W 377E 378W,NN375346,NN3755034670,237550,734670,,,,CORBETT,CORBETT,CORBETT,CORBETT,CORBETT,
42,172,"http://www.streetmap.co.uk/newmap.srf?x=241928&y=730949&z=3&sv=241928,730949&st=4&tl=~&bi=~&lu=N&ar=y",http://www.geograph.org.uk/gridref/NN4192830949,http://www.hill-bagging.co.uk/mountaindetails.php?qu=S&rf=172,Beinn nan Imirean,2,02B,2.2,849,2785,51,OL48W 378W,NN419309,NN4192830949,241928,730949,CORBETT,CORBETT,CORBETT,CORBETT,CORBETT,CORBETT,CORBETT,CORBETT,
43,173,"http://www.streetmap.co.uk/newmap.srf?x=235886&y=732825&z=3&sv=235886,732825&st=4&tl=~&bi=~&lu=N&ar=y",http://www.geograph.org.uk/gridref/NN3588632825,http://www.hill-bagging.co.uk/mountaindetails.php?qu=S&rf=173,Beinn Chaorach,2,02B,2.2,818,2684,50,377E,NN358328,NN3588632825,235886,732825,CORBETT,CORBETT,CORBETT,CORBETT,CORBETT,CORBETT,CORBETT,CORBETT,
44,174,"http://www.streetmap.co.uk/newmap.srf?x=236111&y=738193&z=3&sv=236111,738193&st=4&tl=~&bi=~&lu=N&ar=y",http://www.geograph.org.uk/gridref/NN3611138193,http://www.hill-bagging.co.uk/mountaindetails.php?qu=S&rf=174,Beinn nam Fuaran,2,02B,2.2,806,2644,50,377E,NN361381,NN3611138193,236111,738193,CORBETT,CORBETT,CORBETT,CORBETT,CORBETT,CORBETT,CORBETT,CORBETT,
45,175,"http://www.streetmap.co.uk/newmap.srf?x=246077&y=739750&z=3&sv=246077,739750&st=4&tl=~&bi=~&lu=N&ar=y",http://www.geograph.org.uk/gridref/NN4607739750,http://www.hill-bagging.co.uk/mountaindetails.php?qu=S&rf=175,Meall nan Subh,2,02B,2.2,806,2644,51,OL48W 378W,NN460397,NN4607739750,246077,739750,CORBETT,CORBETT,CORBETT,CORBETT,CORBETT,CORBETT,CORBETT,CORBETT,
46,176,"http://www.streetmap.co.uk/newmap.srf?x=258601&y=743587&z=3&sv=258601,743587&st=4&tl=~&bi=~&lu=N&ar=y",http://www.geograph.org.uk/gridref/NN5860143587,http://www.hill-bagging.co.uk/mountaindetails.php?qu=S&rf=176,Meall nam Maigheach,2,02B,2.2,778.9,2555,51,OL48E 378E,NN586435,NN5860143587,258601,743587,CORBETT,CORBETT,CORBETT,CORBETT,CORBETT,CORBETT,CORBETT,CORBETT,
47,185,"http://www.streetmap.co.uk/newmap.srf?x=216926&y=760096&z=3&sv=216926,760096&st=4&tl=~&bi=~&lu=N&ar=y",http://www.geograph.org.uk/gridref/NN1692660096,http://www.hill-bagging.co.uk/mountaindetails.php?qu=S&rf=185,Garbh Bheinn,3,03A,3.1,867,2844,41,384,NN169600,NN1692660096,216926,760096,CORBETT,CORBETT,CORBETT,CORBETT,CORBETT,CORBETT,CORBETT,CORBETT,
48,186,"http://www.streetmap.co.uk/newmap.srf?x=224627&y=756682&z=3&sv=224627,756682&st=4&tl=~&bi=~&lu=N&ar=y",http://www.geograph.org.uk/gridref/NN2462756682,http://www.hill-bagging.co.uk/mountaindetails.php?qu=S&rf=186,Beinn a'Chrulaiste,3,03A,3.1,857,2812,41,384,NN246566,NN2462756682,224627,756682,CORBETT,CORBETT,CORBETT,CORBETT,CORBETT,CORBETT,CORBETT,CORBETT,
49,211,"http://www.streetmap.co.uk/newmap.srf?x=213494&y=752585&z=3&sv=213494,752585&st=4&tl=~&bi=~&lu=N&ar=y",http://www.geograph.org.uk/gridref/NN1349452585,http://www.hill-bagging.co.uk/mountaindetails.php?qu=S&rf=211,Beinn Maol Chaluim,3,03B,3.2,907,2976,41,384,NN134525,NN1349452585,213494,752585,CORBETT,CORBETT,CORBETT,CORBETT,CORBETT,CORBETT,CORBETT,CORBETT,
50,212,"http://www.streetmap.co.uk/newmap.srf?x=202904&y=751712&z=3&sv=202904,751712&st=4&tl=~&bi=~&lu=N&ar=y",http://www.geograph.org.uk/gridref/NN0290451712,http://www.hill-bagging.co.uk/mountaindetails.php?qu=S&rf=212,Fraochaidh,3,03B,3.2,879,2884,41,384,NN029517,NN0290451712,202904,751712,CORBETT,CORBETT,CORBETT,CORBETT,CORBETT,CORBETT,CORBETT,CORBETT,
51,213,"http://www.streetmap.co.uk/newmap.srf?x=208646&y=743900&z=3&sv=208646,743900&st=4&tl=~&bi=~&lu=N&ar=y",http://www.geograph.org.uk/gridref/NN0864643900,http://www.hill-bagging.co.uk/mountaindetails.php?qu=S&rf=213,Beinn Trilleachan,3,03B,3.2,840,2756,50,377W,NN086439,NN0864643900,208646,743900,CORBETT,CORBETT,CORBETT,CORBETT,CORBETT,CORBETT,CORBETT,CORBETT,
52,214,"http://www.streetmap.co.uk/newmap.srf?x=202374&y=742240&z=3&sv=202374,742240&st=4&tl=~&bi=~&lu=N&ar=y",http://www.geograph.org.uk/gridref/NN0237442240,http://www.hill-bagging.co.uk/mountaindetails.php?qu=S&rf=214,Creach Bheinn,3,03B,3.2,810,2657,50,377W,NN023422,NN0237442240,202374,742240,CORBETT,CORBETT,CORBETT,CORBETT,CORBETT,CORBETT,CORBETT,CORBETT,
53,215,"http://www.streetmap.co.uk/newmap.srf?x=209478&y=752835&z=3&sv=209478,752835&st=4&tl=~&bi=~&lu=N&ar=y",http://www.geograph.org.uk/gridref/NN0947852835,http://www.hill-bagging.co.uk/mountaindetails.php?qu=S&rf=215,Meall Lighiche,3,03B,3.2,772,2533,41,384,NN094528,NN0947852835,209478,752835,,,,CORBETT,CORBETT,CORBETT,CORBETT,CORBETT,
54,262,"http://www.streetmap.co.uk/newmap.srf?x=209424&y=728362&z=3&sv=209424,728362&st=4&tl=~&bi=~&lu=N&ar=y",http://www.geograph.org.uk/gridref/NN0942428362,http://www.hill-bagging.co.uk/mountaindetails.php?qu=S&rf=262,Beinn a'Bhuiridh,3,03C,3.3,897,2943,50,360N 377W,NN094283,NN0942428362,209424,728362,CORBETT,CORBETT,CORBETT,CORBETT,CORBETT,CORBETT,CORBETT,CORBETT,
55,263,"http://www.streetmap.co.uk/newmap.srf?x=216638&y=748831&z=3&sv=216638,748831&st=4&tl=~&bi=~&lu=N&ar=y",http://www.geograph.org.uk/gridref/NN1663848831,http://www.hill-bagging.co.uk/mountaindetails.php?qu=S&rf=263,Stob Dubh,3,03C,3.3,883,2897,50,384,NN166488,NN1663848831,216638,748831,CORBETT,CORBETT,CORBETT,CORBETT,CORBETT,CORBETT,CORBETT,CORBETT,
56,264,"http://www.streetmap.co.uk/newmap.srf?x=222147&y=750228&z=3&sv=222147,750228&st=4&tl=~&bi=~&lu=N&ar=y",http://www.geograph.org.uk/gridref/NN2214750228,http://www.hill-bagging.co.uk/mountaindetails.php?qu=S&rf=264,Beinn Mhic Chasgaig,3,03C,3.3,864,2835,41,384,NN221502,NN2214750228,222147,750228,CORBETT,CORBETT,CORBETT,CORBETT,CORBETT,CORBETT,CORBETT,CORBETT,
57,265,"http://www.streetmap.co.uk/newmap.srf?x=228061&y=733134&z=3&sv=228061,733134&st=4&tl=~&bi=~&lu=N&ar=y",http://www.geograph.org.uk/gridref/NN2806133134,http://www.hill-bagging.co.uk/mountaindetails.php?qu=S&rf=265,Beinn Udlaidh,3,03C,3.3,840,2756,50,377E,NN280331,NN2806133134,228061,733134,CORBETT,CORBETT,CORBETT,CORBETT,CORBETT,CORBETT,CORBETT,CORBETT,
58,266,"http://www.streetmap.co.uk/newmap.srf?x=230277&y=733917&z=3&sv=230277,733917&st=4&tl=~&bi=~&lu=N&ar=y",http://www.geograph.org.uk/gridref/NN3027733917,http://www.hill-bagging.co.uk/mountaindetails.php?qu=S&rf=266,Beinn Bhreac-liath,3,03C,3.3,802,2631,50,377E,NN302339,NN3027733917,230277,733917,CORBETT,CORBETT,CORBETT,CORBETT,CORBETT,CORBETT,CORBETT,CORBETT,
59,267,"http://www.streetmap.co.uk/newmap.srf?x=220871&y=735013&z=3&sv=220871,735013&st=4&tl=~&bi=~&lu=N&ar=y",http://www.geograph.org.uk/gridref/NN2087135013,http://www.hill-bagging.co.uk/mountaindetails.php?qu=S&rf=267,Beinn Mhic-Mhonaidh,3,03C,3.3,796,2612,50,377E,NN208350,NN2087135013,220871,735013,CORBETT,CORBETT,CORBETT,CORBETT,CORBETT,CORBETT,CORBETT,CORBETT,
60,327,"http://www.streetmap.co.uk/newmap.srf?x=233071&y=764141&z=3&sv=233071,764141&st=4&tl=~&bi=~&lu=N&ar=y",http://www.geograph.org.uk/gridref/NN3307164141,http://www.hill-bagging.co.uk/mountaindetails.php?qu=S&rf=327,Leum Uilleim,4,04A,4.1,906.4,2974,41,385W,NN330641,NN3307164141,233071,764141,CORBETT,CORBETT,CORBETT,CORBETT,CORBETT,CORBETT,CORBETT,CORBETT,
61,328,"http://www.streetmap.co.uk/newmap.srf?x=227991&y=776373&z=3&sv=227991,776373&st=4&tl=~&bi=~&lu=N&ar=y",http://www.geograph.org.uk/gridref/NN2799176373,http://www.hill-bagging.co.uk/mountaindetails.php?qu=S&rf=328,Cruach Innse,4,04A,4.1,857,2812,41,392,NN279763,NN2799176373,227991,776373,CORBETT,CORBETT,CORBETT,CORBETT,CORBETT,CORBETT,CORBETT,CORBETT,
62,329,"http://www.streetmap.co.uk/newmap.srf?x=229024&y=774823&z=3&sv=229024,774823&st=4&tl=~&bi=~&lu=N&ar=y",http://www.geograph.org.uk/gridref/NN2902474823,http://www.hill-bagging.co.uk/mountaindetails.php?qu=S&rf=329,Sgurr Innse,4,04A,4.1,809,2654,41,392,NN290748,NN2902474823,229024,774823,CORBETT,CORBETT,CORBETT,CORBETT,CORBETT,CORBETT,CORBETT,CORBETT,
63,330,"http://www.streetmap.co.uk/newmap.srf?x=211507&y=762548&z=3&sv=211507,762548&st=4&tl=~&bi=~&lu=N&ar=y",http://www.geograph.org.uk/gridref/NN1150762548,http://www.hill-bagging.co.uk/mountaindetails.php?qu=S&rf=330,Mam na Gualainn,4,04A,4.1,796,2612,41,384 392,NN115625,NN1150762548,211507,762548,CORBETT,CORBETT,CORBETT,CORBETT,CORBETT,CORBETT,CORBETT,CORBETT,
64,331,"http://www.streetmap.co.uk/newmap.srf?x=225896&y=764116&z=3&sv=225896,764116&st=4&tl=~&bi=~&lu=N&ar=y",http://www.geograph.org.uk/gridref/NN2589664116,http://www.hill-bagging.co.uk/mountaindetails.php?qu=S&rf=331,Glas Bheinn,4,04A,4.1,792,2598,41,392,NN258641,NN2589664116,225896,764116,CORBETT,CORBETT,CORBETT,CORBETT,CORBETT,CORBETT,CORBETT,CORBETT,
65,370,"http://www.streetmap.co.uk/newmap.srf?x=259826&y=784264&z=3&sv=259826,784264&st=4&tl=~&bi=~&lu=N&ar=y",http://www.geograph.org.uk/gridref/NN5982684264,http://www.hill-bagging.co.uk/mountaindetails.php?qu=S&rf=370,The Fara,4,04B,4.2,911.4,2990,42,OL50 393,NN598842,NN5982684264,259826,784264,CORBETT,CORBETT,CORBETT,CORBETT,CORBETT,CORBETT,CORBETT,CORBETT,
66,372,"http://www.streetmap.co.uk/newmap.srf?x=246260&y=771033&z=3&sv=246260,771033&st=4&tl=~&bi=~&lu=N&ar=y",http://www.geograph.org.uk/gridref/NN4626071033,http://www.hill-bagging.co.uk/mountaindetails.php?qu=S&rf=372,Beinn a'Chumhainn,4,04B,4.2,901.9,2959,42,OL50 385E 393,NN462710,NN4626071033,246260,771033,CORBETT,CORBETT,CORBETT,,,,,,
67,374,"http://www.streetmap.co.uk/newmap.srf?x=244817&y=764210&z=3&sv=244817,764210&st=4&tl=~&bi=~&lu=N&ar=y",http://www.geograph.org.uk/gridref/NN4481764210,http://www.hill-bagging.co.uk/mountaindetails.php?qu=S&rf=374,Beinn Pharlagain [Ben Pharlagain - Meall na Meoig],4,04B,4.2,868,2848,42,385E 385W,NN448642,NN4481764210,244817,764210,,,,CORBETT,CORBETT,CORBETT,CORBETT,CORBETT,
68,395,"http://www.streetmap.co.uk/newmap.srf?x=268458&y=761775&z=3&sv=268458,761775&st=4&tl=~&bi=~&lu=N&ar=y",http://www.geograph.org.uk/gridref/NN6845861775,http://www.hill-bagging.co.uk/mountaindetails.php?qu=S&rf=395,Beinn a'Chuallaich,5,05A,5,892,2927,42,OL49W 386W,NN684617,NN6845861775,268458,761775,CORBETT,CORBETT,CORBETT,CORBETT,CORBETT,CORBETT,CORBETT,CORBETT,
69,396,"http://www.streetmap.co.uk/newmap.srf?x=253748&y=769424&z=3&sv=253748,769424&st=4&tl=~&bi=~&lu=N&ar=y",http://www.geograph.org.uk/gridref/NN5374869424,http://www.hill-bagging.co.uk/mountaindetails.php?qu=S&rf=396,Stob an Aonaich Mhoir,5,05A,5,855,2805,42,OL50 385E 393,NN537694,NN5374869424,253748,769424,CORBETT,CORBETT,CORBETT,CORBETT,CORBETT,CORBETT,CORBETT,CORBETT,
70,397,"http://www.streetmap.co.uk/newmap.srf?x=258750&y=765490&z=3&sv=258750,765490&st=4&tl=~&bi=~&lu=N&ar=y",http://www.geograph.org.uk/gridref/NN5875065490,http://www.hill-bagging.co.uk/mountaindetails.php?qu=S&rf=397,Beinn Mholach,5,05A,5,841.7,2761,42,385E,NN587654,NN5875065490,258750,765490,CORBETT,CORBETT,CORBETT,CORBETT,CORBETT,CORBETT,CORBETT,CORBETT,
71,401,"http://www.streetmap.co.uk/newmap.srf?x=262519&y=774120&z=3&sv=262519,774120&st=4&tl=~&bi=~&lu=N&ar=y",http://www.geograph.org.uk/gridref/NN6251974120,http://www.hill-bagging.co.uk/mountaindetails.php?qu=S&rf=401,The Sow of Atholl [Meall an Dobharchain],5,05A,5,803,2635,42,OL50 393,NN625741,NN6251974120,262519,774120,,,,CORBETT,CORBETT,CORBETT,CORBETT,CORBETT,
72,402,"http://www.streetmap.co.uk/newmap.srf?x=264059&y=770288&z=3&sv=264059,770288&st=4&tl=~&bi=~&lu=N&ar=y",http://www.geograph.org.uk/gridref/NN6405970288,http://www.hill-bagging.co.uk/mountaindetails.php?qu=S&rf=402,Meall na Leitreach,5,05A,5,777.3,2550,42,OL49W OL51W 386W 394,NN640702,NN6405970288,264059,770288,CORBETT,CORBETT,CORBETT,CORBETT,CORBETT,CORBETT,CORBETT,CORBETT,
73,399,"http://www.streetmap.co.uk/newmap.srf?x=271735&y=780507&z=3&sv=271735,780507&st=4&tl=~&bi=~&lu=N&ar=y",http://www.geograph.org.uk/gridref/NN7173580507,http://www.hill-bagging.co.uk/mountaindetails.php?qu=S&rf=399,An Dun,5,05B,5,827,2713,42,OL51W 394W,NN717805,NN7173580507,271735,780507,,,,,,,CORBETT,,"GR change following appearance of 827m spot height on N top, 1m higher than S top"
74,400,"http://www.streetmap.co.uk/newmap.srf?x=271650&y=780143&z=3&sv=271650,780143&st=4&tl=~&bi=~&lu=N&ar=y",http://www.geograph.org.uk/gridref/NN7165080143,http://www.hill-bagging.co.uk/mountaindetails.php?qu=S&rf=400,An Dun,5,05B,5,827,2713,42,OL51W 394W,NN716801,NN7165080143,271650,780143,CORBETT,CORBETT,CORBETT,CORBETT,CORBETT,CORBETT,,CORBETT,SMC online version of Munro's Tables has reverted to the S top; 2012 survey shows both summits are of equal height
75,413,"http://www.streetmap.co.uk/newmap.srf?x=282174&y=785829&z=3&sv=282174,785829&st=4&tl=~&bi=~&lu=N&ar=y",http://www.geograph.org.uk/gridref/NN8217485829,http://www.hill-bagging.co.uk/mountaindetails.php?qu=S&rf=413,Leathad an Taobhain,6,06A,6.1,911.7,2991,43,OL51E 394E,NN821858,NN8217485829,282174,785829,CORBETT,CORBETT,CORBETT,CORBETT,CORBETT,CORBETT,CORBETT,CORBETT,
76,414,"http://www.streetmap.co.uk/newmap.srf?x=286838&y=782077&z=3&sv=286838,782077&st=4&tl=~&bi=~&lu=N&ar=y",http://www.geograph.org.uk/gridref/NN8683882077,http://www.hill-bagging.co.uk/mountaindetails.php?qu=S&rf=414,Beinn Bhreac,6,06A,6.1,912.44,2994,43,OL51E 394E,NN868820,NN8683882077,286838,782077,CORBETT,CORBETT,CORBETT,CORBETT,CORBETT,CORBETT,CORBETT,CORBETT,
77,415,"http://www.streetmap.co.uk/newmap.srf?x=288005&y=775900&z=3&sv=288005,775900&st=4&tl=~&bi=~&lu=N&ar=y",http://www.geograph.org.uk/gridref/NN8800575900,http://www.hill-bagging.co.uk/mountaindetails.php?qu=S&rf=415,Beinn Mheadhonach,6,06A,6.1,900.8,2955,43,OL51E 394E,NN880759,NN8800575900,288005,775900,CORBETT,CORBETT,CORBETT,CORBETT,CORBETT,CORBETT,CORBETT,CORBETT,
78,416,"http://www.streetmap.co.uk/newmap.srf?x=273524&y=780711&z=3&sv=273524,780711&st=4&tl=~&bi=~&lu=N&ar=y",http://www.geograph.org.uk/gridref/NN7352480711,http://www.hill-bagging.co.uk/mountaindetails.php?qu=S&rf=416,A'Chaoirnich [Maol Creag an Loch],6,06A,6.1,875,2871,42,OL51W 394W,NN735807,NN7352480711,273524,780711,CORBETT,CORBETT,CORBETT,CORBETT,CORBETT,CORBETT,CORBETT,CORBETT,
79,417,"http://www.streetmap.co.uk/newmap.srf?x=282325&y=791187&z=3&sv=282325,791187&st=4&tl=~&bi=~&lu=N&ar=y",http://www.geograph.org.uk/gridref/NN8232591187,http://www.hill-bagging.co.uk/mountaindetails.php?qu=S&rf=417,Carn Dearg Mor,6,06A,6.1,857,2812,35 43,OL56 402,NN823911,NN8232591187,282325,791187,CORBETT,CORBETT,CORBETT,CORBETT,CORBETT,CORBETT,CORBETT,CORBETT,
80,420,"http://www.streetmap.co.uk/newmap.srf?x=277661&y=790877&z=3&sv=277661,790877&st=4&tl=~&bi=~&lu=N&ar=y",http://www.geograph.org.uk/gridref/NN7766190877,http://www.hill-bagging.co.uk/mountaindetails.php?qu=S&rf=420,Meallach Mhor,6,06A,6.1,769,2523,35,OL56 402,NN776908,NN7766190877,277661,790877,CORBETT,CORBETT,CORBETT,CORBETT,CORBETT,CORBETT,CORBETT,CORBETT,
81,441,"http://www.streetmap.co.uk/newmap.srf?x=299725&y=770009&z=3&sv=299725,770009&st=4&tl=~&bi=~&lu=N&ar=y",http://www.geograph.org.uk/gridref/NN9972570009,http://www.hill-bagging.co.uk/mountaindetails.php?qu=S&rf=441,Ben Vuirich,6,06B,6.2,903,2963,43,OL51E 394E,NN997700,NN9972570009,299725,770009,CORBETT,CORBETT,CORBETT,CORBETT,CORBETT,CORBETT,CORBETT,CORBETT,
82,442,"http://www.streetmap.co.uk/newmap.srf?x=311500&y=782500&z=3&sv=311500,782500&st=4&tl=~&bi=~&lu=N&ar=y",http://www.geograph.org.uk/gridref/NO1150082500,http://www.hill-bagging.co.uk/mountaindetails.php?qu=S&rf=442,Sgor Mor,6,06B,6.2,887,2910,43,OL52N 387N,NO115825,NO1150082500,311500,782500,CORBETT,CORBETT,CORBETT,,,,,,
83,444,"http://www.streetmap.co.uk/newmap.srf?x=313210&y=788650&z=3&sv=313210,788650&st=4&tl=~&bi=~&lu=N&ar=y",http://www.geograph.org.uk/gridref/NO1321088650,http://www.hill-bagging.co.uk/mountaindetails.php?qu=S&rf=444,Morrone,6,06B,6.2,859,2818,43,OL52N OL58S 387N 404,NO132886,NO1321088650,313210,788650,CORBETT,CORBETT,CORBETT,CORBETT,CORBETT,CORBETT,CORBETT,CORBETT,
84,445,"http://www.streetmap.co.uk/newmap.srf?x=295080&y=763243&z=3&sv=295080,763243&st=4&tl=~&bi=~&lu=N&ar=y",http://www.geograph.org.uk/gridref/NN9508063243,http://www.hill-bagging.co.uk/mountaindetails.php?qu=S&rf=445,Ben Vrackie,6,06B,6.2,842,2762,43,OL49E 386E,NN950632,NN9508063243,295080,763243,CORBETT,CORBETT,CORBETT,CORBETT,CORBETT,CORBETT,CORBETT,CORBETT,
85,446,"http://www.streetmap.co.uk/newmap.srf?x=310041&y=772214&z=3&sv=310041,772214&st=4&tl=~&bi=~&lu=N&ar=y",http://www.geograph.org.uk/gridref/NO1004172214,http://www.hill-bagging.co.uk/mountaindetails.php?qu=S&rf=446,Ben Gulabin,6,06B,6.2,806,2644,43,OL52N 387N,NO100722,NO1004172214,310041,772214,CORBETT,CORBETT,CORBETT,CORBETT,CORBETT,CORBETT,CORBETT,CORBETT,
86,447,"http://www.streetmap.co.uk/newmap.srf?x=311063&y=767368&z=3&sv=311063,767368&st=4&tl=~&bi=~&lu=N&ar=y",http://www.geograph.org.uk/gridref/NO1106367368,http://www.hill-bagging.co.uk/mountaindetails.php?qu=S&rf=447,Meall Uaine,6,06B,6.2,794,2605,43,OL52S 387S,NO110673,NO1106367368,311063,767368,CORBETT,CORBETT,CORBETT,,,,,,
87,492,"http://www.streetmap.co.uk/newmap.srf?x=327949&y=786521&z=3&sv=327949,786521&st=4&tl=~&bi=~&lu=N&ar=y",http://www.geograph.org.uk/gridref/NO2794986521,http://www.hill-bagging.co.uk/mountaindetails.php?qu=S&rf=492,Conachcraig,7,07A,7,865,2838,44,OL53N 388N,NO279865,NO2794986521,327949,786521,CORBETT,CORBETT,CORBETT,CORBETT,CORBETT,CORBETT,CORBETT,CORBETT,
88,494,"http://www.streetmap.co.uk/newmap.srf?x=315464&y=784112&z=3&sv=315464,784112&st=4&tl=~&bi=~&lu=N&ar=y",http://www.geograph.org.uk/gridref/NO1546484112,http://www.hill-bagging.co.uk/mountaindetails.php?qu=S&rf=494,Creag nan Gabhar,7,07A,7,834,2736,43,OL52N 387N,NO154841,NO1546484112,315464,784112,CORBETT,CORBETT,CORBETT,CORBETT,CORBETT,CORBETT,CORBETT,CORBETT,
89,495,"http://www.streetmap.co.uk/newmap.srf?x=317600&y=770670&z=3&sv=317600,770670&st=4&tl=~&bi=~&lu=N&ar=y",http://www.geograph.org.uk/gridref/NO1760070670,http://www.hill-bagging.co.uk/mountaindetails.php?qu=S&rf=495,Monamenach,7,07A,7,807,2648,43,OL52N OL53S 387N 388,NO176706,NO1760070670,317600,770670,CORBETT,CORBETT,CORBETT,CORBETT,CORBETT,CORBETT,CORBETT,CORBETT,
90,491,"http://www.streetmap.co.uk/newmap.srf?x=337342&y=774615&z=3&sv=337342,774615&st=4&tl=~&bi=~&lu=N&ar=y",http://www.geograph.org.uk/gridref/NO3734274615,http://www.hill-bagging.co.uk/mountaindetails.php?qu=S&rf=491,Ben Tirran,7,07B,7,896,2940,44,OL53S 388S,NO373746,NO3734274615,337342,774615,CORBETT,CORBETT,CORBETT,CORBETT,CORBETT,CORBETT,CORBETT,CORBETT,
91,496,"http://www.streetmap.co.uk/newmap.srf?x=354964&y=784470&z=3&sv=354964,784470&st=4&tl=~&bi=~&lu=N&ar=y",http://www.geograph.org.uk/gridref/NO5496484470,http://www.hill-bagging.co.uk/mountaindetails.php?qu=S&rf=496,Mount Battock,7,07B,7,778,2552,44,OL54 395,NO549844,NO5496484470,354964,784470,CORBETT,CORBETT,CORBETT,CORBETT,CORBETT,CORBETT,CORBETT,CORBETT,
92,600,"http://www.streetmap.co.uk/newmap.srf?x=300706&y=791414&z=3&sv=300706,791414&st=4&tl=~&bi=~&lu=N&ar=y",http://www.geograph.org.uk/gridref/NO0070691414,http://www.hill-bagging.co.uk/mountaindetails.php?qu=S&rf=600,Sgor Mor,8,08A,8,813,2667,43,OL52N OL57S 387N 403,NO007914,NO0070691414,300706,791414,CORBETT,CORBETT,CORBETT,CORBETT,CORBETT,CORBETT,CORBETT,CORBETT,
93,601,"http://www.streetmap.co.uk/newmap.srf?x=299086&y=811544&z=3&sv=299086,811544&st=4&tl=~&bi=~&lu=N&ar=y",http://www.geograph.org.uk/gridref/NH9908611544,http://www.hill-bagging.co.uk/mountaindetails.php?qu=S&rf=601,Meall a'Bhuachaille,8,08A,8,810,2657,36,OL57N 403N,NH990115,NH9908611544,299086,811544,CORBETT,CORBETT,CORBETT,CORBETT,CORBETT,CORBETT,CORBETT,CORBETT,
94,593,"http://www.streetmap.co.uk/newmap.srf?x=319350&y=798826&z=3&sv=319350,798826&st=4&tl=~&bi=~&lu=N&ar=y",http://www.geograph.org.uk/gridref/NO1935098826,http://www.hill-bagging.co.uk/mountaindetails.php?qu=S&rf=593,Culardoch,8,08B,8,900,2953,36 43,OL58S 404S,NO193988,NO1935098826,319350,798826,CORBETT,CORBETT,CORBETT,CORBETT,CORBETT,CORBETT,CORBETT,CORBETT,
95,594,"http://www.streetmap.co.uk/newmap.srf?x=305746&y=804781&z=3&sv=305746,804781&st=4&tl=~&bi=~&lu=N&ar=y",http://www.geograph.org.uk/gridref/NJ0574604781,http://www.hill-bagging.co.uk/mountaindetails.php?qu=S&rf=594,Creag Mhor,8,08B,8,895,2936,36,OL57S OL58S 403S 404,NJ057047,NJ0574604781,305746,804781,CORBETT,CORBETT,CORBETT,CORBETT,CORBETT,CORBETT,CORBETT,CORBETT,
96,595,"http://www.streetmap.co.uk/newmap.srf?x=316489&y=797623&z=3&sv=316489,797623&st=4&tl=~&bi=~&lu=N&ar=y",http://www.geograph.org.uk/gridref/NO1648997623,http://www.hill-bagging.co.uk/mountaindetails.php?qu=S&rf=595,Carn Liath,8,08B,8,861.5,2826,36 43,OL58S 404S,NO164976,NO1648997623,316489,797623,,,,,,CORBETT,CORBETT,,Corbett moved from Creag an Dail Bheag to Carn Liath in 1990; both had 862m spot heights
97,596,"http://www.streetmap.co.uk/newmap.srf?x=315733&y=798159&z=3&sv=315733,798159&st=4&tl=~&bi=~&lu=N&ar=y",http://www.geograph.org.uk/gridref/NO1573398159,http://www.hill-bagging.co.uk/mountaindetails.php?qu=S&rf=596,Creag an Dail Bheag,8,08B,8,863,2831,36 43,OL58S 404S,NO157981,NO1573398159,315733,798159,CORBETT,CORBETT,CORBETT,CORBETT,CORBETT,,,CORBETT,Reinstated as Corbett  in 2015 following survey
98,597,"http://www.streetmap.co.uk/newmap.srf?x=322105&y=804455&z=3&sv=322105,804455&st=4&tl=~&bi=~&lu=N&ar=y",http://www.geograph.org.uk/gridref/NJ2210504455,http://www.hill-bagging.co.uk/mountaindetails.php?qu=S&rf=597,Brown Cow Hill,8,08B,8,829,2720,36,OL58S 404S,NJ221044,NJ2210504455,322105,804455,CORBETT,CORBETT,CORBETT,CORBETT,CORBETT,CORBETT,CORBETT,CORBETT,
99,598,"http://www.streetmap.co.uk/newmap.srf?x=309051&y=812699&z=3&sv=309051,812699&st=4&tl=~&bi=~&lu=N&ar=y",http://www.geograph.org.uk/gridref/NJ0905112699,http://www.hill-bagging.co.uk/mountaindetails.php?qu=S&rf=598,Geal Charn,8,08B,8,821,2694,36,OL58N 404N,NJ090126,NJ0905112699,309051,812699,CORBETT,CORBETT,CORBETT,CORBETT,CORBETT,CORBETT,CORBETT,CORBETT,
100,599,"http://www.streetmap.co.uk/newmap.srf?x=312738&y=793845&z=3&sv=312738,793845&st=4&tl=~&bi=~&lu=N&ar=y",http://www.geograph.org.uk/gridref/NO1273893845,http://www.hill-bagging.co.uk/mountaindetails.php?qu=S&rf=599,Carn na Drochaide,8,08B,8,818,2684,36 43,OL58S 404S,NO127938,NO1273893845,312738,793845,CORBETT,CORBETT,CORBETT,CORBETT,CORBETT,CORBETT,CORBETT,CORBETT,
101,602,"http://www.streetmap.co.uk/newmap.srf?x=322769&y=811776&z=3&sv=322769,811776&st=4&tl=~&bi=~&lu=N&ar=y",http://www.geograph.org.uk/gridref/NJ2276911776,http://www.hill-bagging.co.uk/mountaindetails.php?qu=S&rf=602,Carn Ealasaid,8,08B,8,792,2598,36,OL58N 404N,NJ227117,NJ2276911776,322769,811776,CORBETT,CORBETT,CORBETT,CORBETT,CORBETT,CORBETT,CORBETT,CORBETT,
102,1488,"http://www.streetmap.co.uk/newmap.srf?x=337681&y=803996&z=3&sv=337681,803996&st=4&tl=~&bi=~&lu=N&ar=y",http://www.geograph.org.uk/gridref/NJ3768103996,http://www.hill-bagging.co.uk/mountaindetails.php?qu=S&rf=1488,Morven,8,21A,21.1,871,2858,37,OL59W 405W,NJ376039,NJ3768103996,337681,803996,CORBETT,CORBETT,CORBETT,CORBETT,CORBETT,CORBETT,CORBETT,CORBETT,
103,1489,"http://www.streetmap.co.uk/newmap.srf?x=325499&y=835447&z=3&sv=325499,835447&st=4&tl=~&bi=~&lu=N&ar=y",http://www.geograph.org.uk/gridref/NJ2549935447,http://www.hill-bagging.co.uk/mountaindetails.php?qu=S&rf=1489,Ben Rinnes,8,21A,21.1,841,2759,28,424S,NJ254354,NJ2549935447,325499,835447,CORBETT,CORBETT,CORBETT,CORBETT,CORBETT,CORBETT,CORBETT,CORBETT,
104,1490,"http://www.streetmap.co.uk/newmap.srf?x=326576&y=818346&z=3&sv=326576,818346&st=4&tl=~&bi=~&lu=N&ar=y",http://www.geograph.org.uk/gridref/NJ2657618346,http://www.hill-bagging.co.uk/mountaindetails.php?qu=S&rf=1490,Carn Mor,8,21A,21.1,804,2638,37,OL62W 420W,NJ265183,NJ2657618346,326576,818346,CORBETT,CORBETT,CORBETT,CORBETT,CORBETT,CORBETT,CORBETT,CORBETT,
105,1491,"http://www.streetmap.co.uk/newmap.srf?x=328093&y=828869&z=3&sv=328093,828869&st=4&tl=~&bi=~&lu=N&ar=y",http://www.geograph.org.uk/gridref/NJ2809328869,http://www.hill-bagging.co.uk/mountaindetails.php?qu=S&rf=1491,Corryhabbie Hill,8,21A,21.1,781,2562,37,OL62W 420W,NJ280288,NJ2809328869,328093,828869,CORBETT,CORBETT,CORBETT,CORBETT,CORBETT,CORBETT,CORBETT,CORBETT,
106,1492,"http://www.streetmap.co.uk/newmap.srf?x=330227&y=827834&z=3&sv=330227,827834&st=4&tl=~&bi=~&lu=N&ar=y",http://www.geograph.org.uk/gridref/NJ3022727834,http://www.hill-bagging.co.uk/mountaindetails.php?qu=S&rf=1492,Cook's Cairn,8,21A,21.1,755,2477,37,OL62W 420W,NJ302278,NJ3022727834,330227,827834,CORBETT,CORBETT,CORBETT,CORBETT,CORBETT,,,,
107,631,"http://www.streetmap.co.uk/newmap.srf?x=246050&y=798527&z=3&sv=246050,798527&st=4&tl=~&bi=~&lu=N&ar=y",http://www.geograph.org.uk/gridref/NN4605098527,http://www.hill-bagging.co.uk/mountaindetails.php?qu=S&rf=631,Gairbeinn,9,09B,9.2,896,2940,34,OL55 401,NN460985,NN4605098527,246050,798527,CORBETT,CORBETT,CORBETT,CORBETT,CORBETT,CORBETT,CORBETT,CORBETT,
108,632,"http://www.streetmap.co.uk/newmap.srf?x=242981&y=799586&z=3&sv=242981,799586&st=4&tl=~&bi=~&lu=N&ar=y",http://www.geograph.org.uk/gridref/NN4298199586,http://www.hill-bagging.co.uk/mountaindetails.php?qu=S&rf=632,Corrieyairack Hill,9,09B,9.2,892,2927,34,OL55 401,NN429995,NN4298199586,242981,799586,,,,CORBETT,CORBETT,CORBETT,,,Location moved 170m SE from NN428997 to NN429995 following publication of Corbett Tops (TACit 1999)
109,633,"http://www.streetmap.co.uk/newmap.srf?x=272561&y=807134&z=3&sv=272561,807134&st=4&tl=~&bi=~&lu=N&ar=y",http://www.geograph.org.uk/gridref/NH7256107134,http://www.hill-bagging.co.uk/mountaindetails.php?qu=S&rf=633,Carn an Fhreiceadain,9,09B,9.2,878,2881,35,OL56 402,NH725071,NH7256107134,272561,807134,CORBETT,CORBETT,CORBETT,CORBETT,CORBETT,CORBETT,CORBETT,CORBETT,
110,634,"http://www.streetmap.co.uk/newmap.srf?x=251528&y=800046&z=3&sv=251528,800046&st=4&tl=~&bi=~&lu=N&ar=y",http://www.geograph.org.uk/gridref/NH5152800046,http://www.hill-bagging.co.uk/mountaindetails.php?qu=S&rf=634,Meall na h-Aisre,9,09B,9.2,862,2828,35,OL55 401,NH515000,NH5152800046,251528,800046,CORBETT,CORBETT,CORBETT,CORBETT,CORBETT,CORBETT,CORBETT,CORBETT,
111,636,"http://www.streetmap.co.uk/newmap.srf?x=283636&y=812330&z=3&sv=283636,812330&st=4&tl=~&bi=~&lu=N&ar=y",http://www.geograph.org.uk/gridref/NH8363612330,http://www.hill-bagging.co.uk/mountaindetails.php?qu=S&rf=636,Geal-charn Mor,9,09B,9.2,824,2703,35,417,NH836123,NH8363612330,283636,812330,CORBETT,CORBETT,CORBETT,CORBETT,CORBETT,CORBETT,CORBETT,CORBETT,
112,675,"http://www.streetmap.co.uk/newmap.srf?x=236136&y=785973&z=3&sv=236136,785973&st=4&tl=~&bi=~&lu=N&ar=y",http://www.geograph.org.uk/gridref/NN3613685973,http://www.hill-bagging.co.uk/mountaindetails.php?qu=S&rf=675,Beinn Teallach,9,09C,9.3,914.6,3001,34 41,400,NN361859,NN3613685973,236136,785973,CORBETT,CORBETT,CORBETT,CORBETT,CORBETT,,,,Reclassified as Munro
113,637,"http://www.streetmap.co.uk/newmap.srf?x=234996&y=796628&z=3&sv=234996,796628&st=4&tl=~&bi=~&lu=N&ar=y",http://www.geograph.org.uk/gridref/NN3499696628,http://www.hill-bagging.co.uk/mountaindetails.php?qu=S&rf=637,Carn Dearg,9,09B,9.2,817,2680,34,400,NN349966,NN3499696628,234996,796628,CORBETT,CORBETT,CORBETT,CORBETT,CORBETT,CORBETT,CORBETT,CORBETT,
114,638,"http://www.streetmap.co.uk/newmap.srf?x=241673&y=803403&z=3&sv=241673,803403&st=4&tl=~&bi=~&lu=N&ar=y",http://www.geograph.org.uk/gridref/NH4167303403,http://www.hill-bagging.co.uk/mountaindetails.php?qu=S&rf=638,Carn a'Chuilinn,9,09B,9.2,817,2680,34,OL55 401,NH416034,NH4167303403,241673,803403,CORBETT,CORBETT,CORBETT,CORBETT,CORBETT,CORBETT,CORBETT,CORBETT,
115,639,"http://www.streetmap.co.uk/newmap.srf?x=259896&y=814408&z=3&sv=259896,814408&st=4&tl=~&bi=~&lu=N&ar=y",http://www.geograph.org.uk/gridref/NH5989614408,http://www.hill-bagging.co.uk/mountaindetails.php?qu=S&rf=639,Carn na Saobhaidhe,9,09B,9.2,811,2661,35,417,NH598144,NH5989614408,259896,814408,CORBETT,CORBETT,CORBETT,CORBETT,CORBETT,CORBETT,CORBETT,CORBETT,Grid reference in SMC guide to Corbetts (NH600145) is of the cairn which is not quite the summit position
116,640,"http://www.streetmap.co.uk/newmap.srf?x=258400&y=811200&z=3&sv=258400,811200&st=4&tl=~&bi=~&lu=N&ar=y",http://www.geograph.org.uk/gridref/NH5840011200,http://www.hill-bagging.co.uk/mountaindetails.php?qu=S&rf=640,Carn na Laraiche Maoile,9,09B,9.2,810,2657,35,417,NH584112,NH5840011200,258400,811200,CORBETT,CORBETT,CORBETT,,,,,,
117,641,"http://www.streetmap.co.uk/newmap.srf?x=248500&y=806300&z=3&sv=248500,806300&st=4&tl=~&bi=~&lu=N&ar=y",http://www.geograph.org.uk/gridref/NH4850006300,http://www.hill-bagging.co.uk/mountaindetails.php?qu=S&rf=641,Carn Easgann Bana,9,09B,9.2,781,2562,34,OL55 401,NH485063,NH4850006300,248500,806300,CORBETT,CORBETT,CORBETT,,,,,,
118,642,"http://www.streetmap.co.uk/newmap.srf?x=235722&y=794884&z=3&sv=235722,794884&st=4&tl=~&bi=~&lu=N&ar=y",http://www.geograph.org.uk/gridref/NN3572294884,http://www.hill-bagging.co.uk/mountaindetails.php?qu=S&rf=642,Carn Dearg,9,09B,9.2,768,2520,34,400,NN357948,NN3572294884,235722,794884,CORBETT,CORBETT,CORBETT,CORBETT,CORBETT,CORBETT,CORBETT,CORBETT,
119,676,"http://www.streetmap.co.uk/newmap.srf?x=234504&y=788700&z=3&sv=234504,788700&st=4&tl=~&bi=~&lu=N&ar=y",http://www.geograph.org.uk/gridref/NN3450488700,http://www.hill-bagging.co.uk/mountaindetails.php?qu=S&rf=676,Carn Dearg,9,09C,9.3,834,2736,34 41,400,NN345887,NN3450488700,234504,788700,CORBETT,CORBETT,CORBETT,CORBETT,CORBETT,CORBETT,CORBETT,CORBETT,
120,677,"http://www.streetmap.co.uk/newmap.srf?x=229699&y=790046&z=3&sv=229699,790046&st=4&tl=~&bi=~&lu=N&ar=y",http://www.geograph.org.uk/gridref/NN2969990046,http://www.hill-bagging.co.uk/mountaindetails.php?qu=S&rf=677,Beinn Iaruinn,9,09C,9.3,805,2641,34,400,NN296900,NN2969990046,229699,790046,CORBETT,CORBETT,CORBETT,CORBETT,CORBETT,CORBETT,CORBETT,CORBETT,
121,1333,"http://www.streetmap.co.uk/newmap.srf?x=184654&y=777873&z=3&sv=184654,777873&st=4&tl=~&bi=~&lu=N&ar=y",http://www.geograph.org.uk/gridref/NM8465477873,http://www.hill-bagging.co.uk/mountaindetails.php?qu=S&rf=1333,Beinn Odhar Bheag,10A,18A,18.1,882,2894,40,391,NM846778,NM8465477873,184654,777873,CORBETT,CORBETT,CORBETT,CORBETT,CORBETT,CORBETT,CORBETT,CORBETT,
122,1334,"http://www.streetmap.co.uk/newmap.srf?x=175602&y=777838&z=3&sv=175602,777838&st=4&tl=~&bi=~&lu=N&ar=y",http://www.geograph.org.uk/gridref/NM7560277838,http://www.hill-bagging.co.uk/mountaindetails.php?qu=S&rf=1334,Rois-Bheinn,10A,18A,18.1,882,2894,40,390E,NM756778,NM7560277838,175602,777838,CORBETT,CORBETT,CORBETT,CORBETT,CORBETT,CORBETT,CORBETT,CORBETT,
123,1335,"http://www.streetmap.co.uk/newmap.srf?x=177016&y=777754&z=3&sv=177016,777754&st=4&tl=~&bi=~&lu=N&ar=y",http://www.geograph.org.uk/gridref/NM7701677754,http://www.hill-bagging.co.uk/mountaindetails.php?qu=S&rf=1335,Sgurr na Ba Glaise,10A,18A,18.1,874,2867,40,390E,NM770777,NM7701677754,177016,777754,,,,CORBETT,CORBETT,CORBETT,CORBETT,CORBETT,
124,717,"http://www.streetmap.co.uk/newmap.srf?x=179142&y=779179&z=3&sv=179142,779179&st=4&tl=~&bi=~&lu=N&ar=y",http://www.geograph.org.uk/gridref/NM7914279179,http://www.hill-bagging.co.uk/mountaindetails.php?qu=S&rf=717,Druim Fiaclach,10A,18A,18.1,869,2851,40,390E 398W,NM791791,NM7914279179,179142,779179,CORBETT,CORBETT,CORBETT,,,,,,
125,1336,"http://www.streetmap.co.uk/newmap.srf?x=176285&y=779280&z=3&sv=176285,779280&st=4&tl=~&bi=~&lu=N&ar=y",http://www.geograph.org.uk/gridref/NM7628579280,http://www.hill-bagging.co.uk/mountaindetails.php?qu=S&rf=1336,An Stac,10A,18A,18.1,814,2671,40,390E 398W,NM762792,NM7628579280,176285,779280,CORBETT,CORBETT,CORBETT,CORBETT,CORBETT,CORBETT,CORBETT,CORBETT,
126,1337,"http://www.streetmap.co.uk/newmap.srf?x=182829&y=778819&z=3&sv=182829,778819&st=4&tl=~&bi=~&lu=N&ar=y",http://www.geograph.org.uk/gridref/NM8282978819,http://www.hill-bagging.co.uk/mountaindetails.php?qu=S&rf=1337,Beinn Mhic Cedidh,10A,18A,18.1,783,2569,40,391,NM828788,NM8282978819,182829,778819,,,,CORBETT,CORBETT,CORBETT,CORBETT,CORBETT,
127,1349,"http://www.streetmap.co.uk/newmap.srf?x=188954&y=767888&z=3&sv=188954,767888&st=4&tl=~&bi=~&lu=N&ar=y",http://www.geograph.org.uk/gridref/NM8895467888,http://www.hill-bagging.co.uk/mountaindetails.php?qu=S&rf=1349,Sgurr Dhomhnuill,10A,18B,18.2,888,2913,40,391,NM889678,NM8895467888,188954,767888,CORBETT,CORBETT,CORBETT,CORBETT,CORBETT,CORBETT,CORBETT,CORBETT,
128,1353,"http://www.streetmap.co.uk/newmap.srf?x=188188&y=768357&z=3&sv=188188,768357&st=4&tl=~&bi=~&lu=N&ar=y",http://www.geograph.org.uk/gridref/NM8818868357,http://www.hill-bagging.co.uk/mountaindetails.php?qu=S&rf=1353,Druim Garbh,10A,18B,18.2,803,2635,40,391,NM881683,NM8818868357,188188,768357,CORBETT,CORBETT,CORBETT,,,,,,
129,1350,"http://www.streetmap.co.uk/newmap.srf?x=190433&y=762214&z=3&sv=190433,762214&st=4&tl=~&bi=~&lu=N&ar=y",http://www.geograph.org.uk/gridref/NM9043362214,http://www.hill-bagging.co.uk/mountaindetails.php?qu=S&rf=1350,Garbh Bheinn,10A,18B,18.2,885,2904,40,391,NM904622,NM9043362214,190433,762214,CORBETT,CORBETT,CORBETT,CORBETT,CORBETT,CORBETT,CORBETT,CORBETT,
130,1351,"http://www.streetmap.co.uk/newmap.srf?x=187560&y=775128&z=3&sv=187560,775128&st=4&tl=~&bi=~&lu=N&ar=y",http://www.geograph.org.uk/gridref/NM8756075128,http://www.hill-bagging.co.uk/mountaindetails.php?qu=S&rf=1351,Sgurr Ghiubhsachain,10A,18B,18.2,849,2785,40,391,NM875751,NM8756075128,187560,775128,CORBETT,CORBETT,CORBETT,CORBETT,CORBETT,CORBETT,CORBETT,CORBETT,
131,1352,"http://www.streetmap.co.uk/newmap.srf?x=176642&y=765464&z=3&sv=176642,765464&st=4&tl=~&bi=~&lu=N&ar=y",http://www.geograph.org.uk/gridref/NM7664265464,http://www.hill-bagging.co.uk/mountaindetails.php?qu=S&rf=1352,Beinn Resipol,10A,18B,18.2,845,2772,40,390E,NM766654,NM7664265464,176642,765464,CORBETT,CORBETT,CORBETT,CORBETT,CORBETT,CORBETT,CORBETT,CORBETT,
132,1354,"http://www.streetmap.co.uk/newmap.srf?x=188628&y=769883&z=3&sv=188628,769883&st=4&tl=~&bi=~&lu=N&ar=y",http://www.geograph.org.uk/gridref/NM8862869883,http://www.hill-bagging.co.uk/mountaindetails.php?qu=S&rf=1354,Carn na Nathrach,10A,18B,18.2,786,2579,40,391,NM886698,NM8862869883,188628,769883,CORBETT,CORBETT,CORBETT,CORBETT,CORBETT,CORBETT,CORBETT,CORBETT,
133,1355,"http://www.streetmap.co.uk/newmap.srf?x=189553&y=775795&z=3&sv=189553,775795&st=4&tl=~&bi=~&lu=N&ar=y",http://www.geograph.org.uk/gridref/NM8955375795,http://www.hill-bagging.co.uk/mountaindetails.php?qu=S&rf=1355,Sgorr Craobh a'Chaorainn,10A,18B,18.2,775,2543,40,391,NM895757,NM8955375795,189553,775795,CORBETT,CORBETT,CORBETT,CORBETT,CORBETT,CORBETT,CORBETT,CORBETT,
134,1356,"http://www.streetmap.co.uk/newmap.srf?x=201687&y=772682&z=3&sv=201687,772682&st=4&tl=~&bi=~&lu=N&ar=y",http://www.geograph.org.uk/gridref/NN0168772682,http://www.hill-bagging.co.uk/mountaindetails.php?qu=S&rf=1356,Stob Coire a'Chearcaill,10A,18B,18.2,771,2530,41,391,NN016726,NN0168772682,201687,772682,CORBETT,CORBETT,CORBETT,CORBETT,CORBETT,CORBETT,CORBETT,CORBETT,
135,1357,"http://www.streetmap.co.uk/newmap.srf?x=187465&y=772742&z=3&sv=187465,772742&st=4&tl=~&bi=~&lu=N&ar=y",http://www.geograph.org.uk/gridref/NM8746572742,http://www.hill-bagging.co.uk/mountaindetails.php?qu=S&rf=1357,Druim Tarsuinn [Stob a'Bhealach an Sgriodain],10A,18B,18.2,770,2526,40,391,NM874727,NM8746572742,187465,772742,CORBETT,CORBETT,CORBETT,CORBETT,CORBETT,CORBETT,CORBETT,CORBETT,
136,1358,"http://www.streetmap.co.uk/newmap.srf?x=191715&y=766424&z=3&sv=191715,766424&st=4&tl=~&bi=~&lu=N&ar=y",http://www.geograph.org.uk/gridref/NM9171566424,http://www.hill-bagging.co.uk/mountaindetails.php?qu=S&rf=1358,Beinn na h-Uamha,10A,18B,18.2,762.4,2501,40,391,NM917664,NM9171566424,191715,766424,,,,CORBETT,CORBETT,CORBETT,CORBETT,CORBETT,
137,1373,"http://www.streetmap.co.uk/newmap.srf?x=187060&y=757648&z=3&sv=187060,757648&st=4&tl=~&bi=~&lu=N&ar=y",http://www.geograph.org.uk/gridref/NM8706057648,http://www.hill-bagging.co.uk/mountaindetails.php?qu=S&rf=1373,Creach Bheinn,10A,18C,18.3,853,2799,49,376 383E,NM870576,NM8706057648,187060,757648,CORBETT,CORBETT,CORBETT,CORBETT,CORBETT,CORBETT,CORBETT,CORBETT,
138,1374,"http://www.streetmap.co.uk/newmap.srf?x=185343&y=756342&z=3&sv=185343,756342&st=4&tl=~&bi=~&lu=N&ar=y",http://www.geograph.org.uk/gridref/NM8534356342,http://www.hill-bagging.co.uk/mountaindetails.php?qu=S&rf=1374,Fuar Bheinn,10A,18C,18.3,766,2513,49,376 383E,NM853563,NM8534356342,185343,756342,CORBETT,CORBETT,CORBETT,CORBETT,CORBETT,CORBETT,CORBETT,CORBETT,
139,713,"http://www.streetmap.co.uk/newmap.srf?x=196334&y=809056&z=3&sv=196334,809056&st=4&tl=~&bi=~&lu=N&ar=y",http://www.geograph.org.uk/gridref/NG9633409056,http://www.hill-bagging.co.uk/mountaindetails.php?qu=S&rf=713,Buidhe Bheinn,10B,10A,10.1,885.5,2905,33,414S,NG963090,NG9633409056,196334,809056,,,,,,,,CORBETT,New position given in 2002 edition of the SMC guide to the Corbetts; survey 2012 measured Buidhe Bheinn to be 0.29m higher than Sgurr a'Bhac Chaolais
140,715,"http://www.streetmap.co.uk/newmap.srf?x=195676&y=808755&z=3&sv=195676,808755&st=4&tl=~&bi=~&lu=N&ar=y",http://www.geograph.org.uk/gridref/NG9567608755,http://www.hill-bagging.co.uk/mountaindetails.php?qu=S&rf=715,Buidhe Bheinn West Top,10B,10A,10.1,879,2884,33,414S,NG956087,NG9567608755,195676,808755,CORBETT,CORBETT,CORBETT,,,,CORBETT,,"Wrong summit identified, corrected in SMC guide to the Corbetts (2002)"
141,716,"http://www.streetmap.co.uk/newmap.srf?x=195833&y=811037&z=3&sv=195833,811037&st=4&tl=~&bi=~&lu=N&ar=y",http://www.geograph.org.uk/gridref/NG9583311037,http://www.hill-bagging.co.uk/mountaindetails.php?qu=S&rf=716,Sgurr a'Bhac Chaolais,10B,10A,10.1,885.2,2904,33,414S,NG958110,NG9583311037,195833,811037,,,,CORBETT,CORBETT,CORBETT,CORBETT,,Declassified as Twin Corbett with Hill 713 Buidhe Bheinn in November 2012
142,718,"http://www.streetmap.co.uk/newmap.srf?x=185433&y=812007&z=3&sv=185433,812007&st=4&tl=~&bi=~&lu=N&ar=y",http://www.geograph.org.uk/gridref/NG8543312007,http://www.hill-bagging.co.uk/mountaindetails.php?qu=S&rf=718,Beinn na h-Eaglaise,10B,10A,10.1,805,2641,33,413S,NG854120,NG8543312007,185433,812007,CORBETT,CORBETT,CORBETT,CORBETT,CORBETT,CORBETT,CORBETT,CORBETT,
143,719,"http://www.streetmap.co.uk/newmap.srf?x=213078&y=807694&z=3&sv=213078,807694&st=4&tl=~&bi=~&lu=N&ar=y",http://www.geograph.org.uk/gridref/NH1307807694,http://www.hill-bagging.co.uk/mountaindetails.php?qu=S&rf=719,Druim nan Cnamh [Beinn Loinne],10B,10A,10.1,789,2589,34,414S,NH130076,NH1307807694,213078,807694,CORBETT,CORBETT,CORBETT,CORBETT,CORBETT,CORBETT,CORBETT,CORBETT,
144,720,"http://www.streetmap.co.uk/newmap.srf?x=191767&y=817364&z=3&sv=191767,817364&st=4&tl=~&bi=~&lu=N&ar=y",http://www.geograph.org.uk/gridref/NG9176717364,http://www.hill-bagging.co.uk/mountaindetails.php?qu=S&rf=720,Sgurr Mhic Bharraich,10B,10A,10.1,779,2556,33,413N,NG917173,NG9176717364,191767,817364,CORBETT,CORBETT,CORBETT,CORBETT,CORBETT,CORBETT,CORBETT,CORBETT,
145,721,"http://www.streetmap.co.uk/newmap.srf?x=187152&y=812123&z=3&sv=187152,812123&st=4&tl=~&bi=~&lu=N&ar=y",http://www.geograph.org.uk/gridref/NG8715212123,http://www.hill-bagging.co.uk/mountaindetails.php?qu=S&rf=721,Beinn nan Caorach,10B,10A,10.1,774,2539,33,413S,NG871121,NG8715212123,187152,812123,CORBETT,CORBETT,CORBETT,CORBETT,CORBETT,CORBETT,CORBETT,CORBETT,
146,742,"http://www.streetmap.co.uk/newmap.srf?x=189594&y=801597&z=3&sv=189594,801597&st=4&tl=~&bi=~&lu=N&ar=y",http://www.geograph.org.uk/gridref/NG8959401597,http://www.hill-bagging.co.uk/mountaindetails.php?qu=S&rf=742,Sgurr a'Choire-bheithe,10B,10B,10.2,913.32,2996,33,398E 413S,NG895015,NG8959401597,189594,801597,CORBETT,CORBETT,CORBETT,CORBETT,CORBETT,CORBETT,CORBETT,CORBETT,
147,743,"http://www.streetmap.co.uk/newmap.srf?x=198740&y=797981&z=3&sv=198740,797981&st=4&tl=~&bi=~&lu=N&ar=y",http://www.geograph.org.uk/gridref/NM9874097981,http://www.hill-bagging.co.uk/mountaindetails.php?qu=S&rf=743,Sgurr an Fhuarain,10B,10B,10.2,901,2956,33 40,398E 399,NM987979,NM9874097981,198740,797981,CORBETT,CORBETT,CORBETT,CORBETT,CORBETT,CORBETT,CORBETT,CORBETT,
148,744,"http://www.streetmap.co.uk/newmap.srf?x=192714&y=804866&z=3&sv=192714,804866&st=4&tl=~&bi=~&lu=N&ar=y",http://www.geograph.org.uk/gridref/NG9271404866,http://www.hill-bagging.co.uk/mountaindetails.php?qu=S&rf=744,Sgurr nan Eugallt,10B,10B,10.2,898,2946,33,413S,NG927048,NG9271404866,192714,804866,,,,,,,,CORBETT,Summit moved in May 2001 following information from OS; current  maps show this summit as higher
149,745,"http://www.streetmap.co.uk/newmap.srf?x=193101&y=804481&z=3&sv=193101,804481&st=4&tl=~&bi=~&lu=N&ar=y",http://www.geograph.org.uk/gridref/NG9310104481,http://www.hill-bagging.co.uk/mountaindetails.php?qu=S&rf=745,Sgurr nan Eugallt East Top,10B,10B,10.2,895,2936,33,414S,NG931044,NG9310104481,193101,804481,CORBETT,CORBETT,CORBETT,CORBETT,CORBETT,CORBETT,CORBETT,,
150,747,"http://www.streetmap.co.uk/newmap.srf?x=189939&y=798626&z=3&sv=189939,798626&st=4&tl=~&bi=~&lu=N&ar=y",http://www.geograph.org.uk/gridref/NM8993998626,http://www.hill-bagging.co.uk/mountaindetails.php?qu=S&rf=747,Ben Aden [Beinn an Aodainn],10B,10B,10.2,887,2910,33 40,398E 413S,NM899986,NM8993998626,189939,798626,CORBETT,CORBETT,CORBETT,CORBETT,CORBETT,CORBETT,CORBETT,CORBETT,
151,763,"http://www.streetmap.co.uk/newmap.srf?x=201259&y=794469&z=3&sv=201259,794469&st=4&tl=~&bi=~&lu=N&ar=y",http://www.geograph.org.uk/gridref/NN0125994469,http://www.hill-bagging.co.uk/mountaindetails.php?qu=S&rf=763,Sgurr Mhurlagain,10B,10B,10.2,880,2887,33,399,NN012944,NN0125994469,201259,794469,CORBETT,CORBETT,CORBETT,CORBETT,CORBETT,CORBETT,CORBETT,CORBETT,
152,748,"http://www.streetmap.co.uk/newmap.srf?x=198608&y=794041&z=3&sv=198608,794041&st=4&tl=~&bi=~&lu=N&ar=y",http://www.geograph.org.uk/gridref/NM9860894041,http://www.hill-bagging.co.uk/mountaindetails.php?qu=S&rf=748,Fraoch Bheinn,10B,10B,10.2,858,2815,33 40,398E 399,NM986940,NM9860894041,198608,794041,CORBETT,CORBETT,CORBETT,CORBETT,CORBETT,CORBETT,CORBETT,CORBETT,
153,749,"http://www.streetmap.co.uk/newmap.srf?x=182176&y=796727&z=3&sv=182176,796727&st=4&tl=~&bi=~&lu=N&ar=y",http://www.geograph.org.uk/gridref/NM8217696727,http://www.hill-bagging.co.uk/mountaindetails.php?qu=S&rf=749,Beinn Bhuidhe,10B,10B,10.2,855,2805,33 40,398E,NM821967,NM8217696727,182176,796727,CORBETT,CORBETT,CORBETT,CORBETT,CORBETT,CORBETT,CORBETT,CORBETT,
154,751,"http://www.streetmap.co.uk/newmap.srf?x=194799&y=794668&z=3&sv=194799,794668&st=4&tl=~&bi=~&lu=N&ar=y",http://www.geograph.org.uk/gridref/NM9479994668,http://www.hill-bagging.co.uk/mountaindetails.php?qu=S&rf=751,Sgurr Cos na Breachd-laoidh,10B,10B,10.2,835,2740,33 40,398E,NM947946,NM9479994668,194799,794668,,,,CORBETT,CORBETT,CORBETT,CORBETT,CORBETT,
155,752,"http://www.streetmap.co.uk/newmap.srf?x=179075&y=801078&z=3&sv=179075,801078&st=4&tl=~&bi=~&lu=N&ar=y",http://www.geograph.org.uk/gridref/NG7907501078,http://www.hill-bagging.co.uk/mountaindetails.php?qu=S&rf=752,Sgurr Coire Choinnichean,10B,10B,10.2,796,2612,33,398W 413S,NG790010,NG7907501078,179075,801078,CORBETT,CORBETT,CORBETT,CORBETT,CORBETT,CORBETT,CORBETT,CORBETT,
156,753,"http://www.streetmap.co.uk/newmap.srf?x=179593&y=806698&z=3&sv=179593,806698&st=4&tl=~&bi=~&lu=N&ar=y",http://www.geograph.org.uk/gridref/NG7959306698,http://www.hill-bagging.co.uk/mountaindetails.php?qu=S&rf=753,Beinn na Caillich,10B,10B,10.2,785,2575,33,413S,NG795066,NG7959306698,179593,806698,CORBETT,CORBETT,CORBETT,CORBETT,CORBETT,CORBETT,CORBETT,CORBETT,
157,761,"http://www.streetmap.co.uk/newmap.srf?x=224064&y=797202&z=3&sv=224064,797202&st=4&tl=~&bi=~&lu=N&ar=y",http://www.geograph.org.uk/gridref/NN2406497202,http://www.hill-bagging.co.uk/mountaindetails.php?qu=S&rf=761,Ben Tee,10B,10C,10.3,904,2966,34,400,NN240972,NN2406497202,224064,797202,CORBETT,CORBETT,CORBETT,CORBETT,CORBETT,CORBETT,CORBETT,CORBETT,
158,764,"http://www.streetmap.co.uk/newmap.srf?x=218549&y=794632&z=3&sv=218549,794632&st=4&tl=~&bi=~&lu=N&ar=y",http://www.geograph.org.uk/gridref/NN1854994632,http://www.hill-bagging.co.uk/mountaindetails.php?qu=S&rf=764,Meall na h-Eilde,10B,10C,10.3,838,2749,34,399 400,NN185946,NN1854994632,218549,794632,,,,CORBETT,CORBETT,CORBETT,CORBETT,CORBETT,
159,765,"http://www.streetmap.co.uk/newmap.srf?x=217464&y=795132&z=3&sv=217464,795132&st=4&tl=~&bi=~&lu=N&ar=y",http://www.geograph.org.uk/gridref/NN1746495132,http://www.hill-bagging.co.uk/mountaindetails.php?qu=S&rf=765,Meall Coire nan Saobhaidh,10B,10C,10.3,826,2710,34,399 400,NN174951,NN1746495132,217464,795132,CORBETT,CORBETT,CORBETT,,,,,,
160,766,"http://www.streetmap.co.uk/newmap.srf?x=215618&y=794267&z=3&sv=215618,794267&st=4&tl=~&bi=~&lu=N&ar=y",http://www.geograph.org.uk/gridref/NN1561894267,http://www.hill-bagging.co.uk/mountaindetails.php?qu=S&rf=766,Geal Charn,10B,10C,10.3,804,2638,34,399,NN156942,NN1561894267,215618,794267,CORBETT,CORBETT,CORBETT,CORBETT,CORBETT,CORBETT,CORBETT,CORBETT,
161,767,"http://www.streetmap.co.uk/newmap.srf?x=224534&y=807847&z=3&sv=224534,807847&st=4&tl=~&bi=~&lu=N&ar=y",http://www.geograph.org.uk/gridref/NH2453407847,http://www.hill-bagging.co.uk/mountaindetails.php?qu=S&rf=767,Meall Dubh,10B,10C,10.3,789,2589,34,415,NH245078,NH2453407847,224534,807847,CORBETT,CORBETT,CORBETT,CORBETT,CORBETT,CORBETT,CORBETT,CORBETT,
162,777,"http://www.streetmap.co.uk/newmap.srf?x=194660&y=786376&z=3&sv=194660,786376&st=4&tl=~&bi=~&lu=N&ar=y",http://www.geograph.org.uk/gridref/NM9466086376,http://www.hill-bagging.co.uk/mountaindetails.php?qu=S&rf=777,Streap,10B,10D,10.4,909,2982,40,398E,NM946863,NM9466086376,194660,786376,CORBETT,CORBETT,CORBETT,CORBETT,CORBETT,CORBETT,CORBETT,CORBETT,
163,781,"http://www.streetmap.co.uk/newmap.srf?x=192930&y=783547&z=3&sv=192930,783547&st=4&tl=~&bi=~&lu=N&ar=y",http://www.geograph.org.uk/gridref/NM9293083547,http://www.hill-bagging.co.uk/mountaindetails.php?qu=S&rf=781,Beinn an Tuim,10B,10D,10.4,810,2657,40,398E,NM929835,NM9293083547,192930,783547,CORBETT,CORBETT,CORBETT,,,,,,
164,779,"http://www.streetmap.co.uk/newmap.srf?x=188903&y=793060&z=3&sv=188903,793060&st=4&tl=~&bi=~&lu=N&ar=y",http://www.geograph.org.uk/gridref/NM8890393060,http://www.hill-bagging.co.uk/mountaindetails.php?qu=S&rf=779,Bidein a'Chabair,10B,10D,10.4,867,2844,33 40,398E,NM889930,NM8890393060,188903,793060,CORBETT,CORBETT,CORBETT,CORBETT,CORBETT,CORBETT,CORBETT,CORBETT,
165,780,"http://www.streetmap.co.uk/newmap.srf?x=190305&y=790943&z=3&sv=190305,790943&st=4&tl=~&bi=~&lu=N&ar=y",http://www.geograph.org.uk/gridref/NM9030590943,http://www.hill-bagging.co.uk/mountaindetails.php?qu=S&rf=780,Carn Mor,10B,10D,10.4,829,2720,33 40,398E,NM903909,NM9030590943,190305,790943,CORBETT,CORBETT,CORBETT,CORBETT,CORBETT,CORBETT,CORBETT,CORBETT,
166,782,"http://www.streetmap.co.uk/newmap.srf?x=188502&y=783974&z=3&sv=188502,783974&st=4&tl=~&bi=~&lu=N&ar=y",http://www.geograph.org.uk/gridref/NM8850283974,http://www.hill-bagging.co.uk/mountaindetails.php?qu=S&rf=782,Sgurr an Utha,10B,10D,10.4,796,2612,40,398E,NM885839,NM8850283974,188502,783974,CORBETT,CORBETT,CORBETT,CORBETT,CORBETT,CORBETT,CORBETT,CORBETT,
167,783,"http://www.streetmap.co.uk/newmap.srf?x=214060&y=785714&z=3&sv=214060,785714&st=4&tl=~&bi=~&lu=N&ar=y",http://www.geograph.org.uk/gridref/NN1406085714,http://www.hill-bagging.co.uk/mountaindetails.php?qu=S&rf=783,Beinn Bhan,10B,10D,10.4,796,2612,34 41,399,NN140857,NN1406085714,214060,785714,CORBETT,CORBETT,CORBETT,CORBETT,CORBETT,CORBETT,CORBETT,CORBETT,
168,784,"http://www.streetmap.co.uk/newmap.srf?x=202938&y=785419&z=3&sv=202938,785419&st=4&tl=~&bi=~&lu=N&ar=y",http://www.geograph.org.uk/gridref/NN0293885419,http://www.hill-bagging.co.uk/mountaindetails.php?qu=S&rf=784,Meall a'Phubuill,10B,10D,10.4,774,2539,41,399,NN029854,NN0293885419,202938,785419,CORBETT,CORBETT,CORBETT,CORBETT,CORBETT,CORBETT,CORBETT,CORBETT,
169,785,"http://www.streetmap.co.uk/newmap.srf?x=197532&y=786667&z=3&sv=197532,786667&st=4&tl=~&bi=~&lu=N&ar=y",http://www.geograph.org.uk/gridref/NM9753286667,http://www.hill-bagging.co.uk/mountaindetails.php?qu=S&rf=785,Braigh nan Uamhachan,10B,10D,10.4,765,2510,40,398E,NM975866,NM9753286667,197532,786667,CORBETT,CORBETT,CORBETT,CORBETT,CORBETT,CORBETT,CORBETT,CORBETT,
170,853,"http://www.streetmap.co.uk/newmap.srf?x=194045&y=822715&z=3&sv=194045,822715&st=4&tl=~&bi=~&lu=N&ar=y",http://www.geograph.org.uk/gridref/NG9404522715,http://www.hill-bagging.co.uk/mountaindetails.php?qu=S&rf=853,Sgurr an Airgid,11,11A,11.1,841,2759,25 33,413N 414N,NG940227,NG9404522715,194045,822715,CORBETT,CORBETT,CORBETT,CORBETT,CORBETT,CORBETT,CORBETT,CORBETT,
171,854,"http://www.streetmap.co.uk/newmap.srf?x=203588&y=821875&z=3&sv=203588,821875&st=4&tl=~&bi=~&lu=N&ar=y",http://www.geograph.org.uk/gridref/NH0358821875,http://www.hill-bagging.co.uk/mountaindetails.php?qu=S&rf=854,Sgurr Gaorsaic,11,11A,11.1,839,2753,25 33,414N,NH035218,NH0358821875,203588,821875,,,,CORBETT,CORBETT,CORBETT,CORBETT,CORBETT,
172,855,"http://www.streetmap.co.uk/newmap.srf?x=207335&y=814340&z=3&sv=207335,814340&st=4&tl=~&bi=~&lu=N&ar=y",http://www.geograph.org.uk/gridref/NH0733514340,http://www.hill-bagging.co.uk/mountaindetails.php?qu=S&rf=855,Am Bathach,11,11A,11.1,798,2618,33,414N 414S,NH073143,NH0733514340,207335,814340,CORBETT,CORBETT,CORBETT,CORBETT,CORBETT,CORBETT,CORBETT,CORBETT,
173,875,"http://www.streetmap.co.uk/newmap.srf?x=217322&y=818022&z=3&sv=217322,818022&st=4&tl=~&bi=~&lu=N&ar=y",http://www.geograph.org.uk/gridref/NH1732218022,http://www.hill-bagging.co.uk/mountaindetails.php?qu=S&rf=875,Aonach Shasuinn,11,11B,11.2,888,2913,34,415,NH173180,NH1732218022,217322,818022,CORBETT,CORBETT,CORBETT,CORBETT,CORBETT,CORBETT,CORBETT,CORBETT,
174,876,"http://www.streetmap.co.uk/newmap.srf?x=213685&y=818878&z=3&sv=213685,818878&st=4&tl=~&bi=~&lu=N&ar=y",http://www.geograph.org.uk/gridref/NH1368518878,http://www.hill-bagging.co.uk/mountaindetails.php?qu=S&rf=876,Carn a'Choire Ghairbh,11,11B,11.2,865,2838,34,414N,NH136188,NH1368518878,213685,818878,CORBETT,CORBETT,CORBETT,CORBETT,CORBETT,CORBETT,CORBETT,CORBETT,
175,900,"http://www.streetmap.co.uk/newmap.srf?x=208724&y=848063&z=3&sv=208724,848063&st=4&tl=~&bi=~&lu=N&ar=y",http://www.geograph.org.uk/gridref/NH0872448063,http://www.hill-bagging.co.uk/mountaindetails.php?qu=S&rf=900,Sgurr nan Ceannaichean,12,12A,12.1,913.43,2997,25,429,NH087480,NH0872448063,208724,848063,CORBETT,CORBETT,CORBETT,,,,,CORBETT,Reclassified from Munro to Corbett in September 2009
176,903,"http://www.streetmap.co.uk/newmap.srf?x=226466&y=855747&z=3&sv=226466,855747&st=4&tl=~&bi=~&lu=N&ar=y",http://www.geograph.org.uk/gridref/NH2646655747,http://www.hill-bagging.co.uk/mountaindetails.php?qu=S&rf=903,Sgurr a'Mhuilinn,12,12A,12.1,879,2884,25,430,NH264557,NH2646655747,226466,855747,CORBETT,CORBETT,CORBETT,CORBETT,CORBETT,CORBETT,CORBETT,CORBETT,
177,904,"http://www.streetmap.co.uk/newmap.srf?x=205518&y=843351&z=3&sv=205518,843351&st=4&tl=~&bi=~&lu=N&ar=y",http://www.geograph.org.uk/gridref/NH0551843351,http://www.hill-bagging.co.uk/mountaindetails.php?qu=S&rf=904,Beinn Tharsuinn,12,12A,12.1,863,2831,25,429,NH055433,NH0551843351,205518,843351,CORBETT,CORBETT,CORBETT,CORBETT,CORBETT,CORBETT,CORBETT,CORBETT,
178,905,"http://www.streetmap.co.uk/newmap.srf?x=236059&y=843484&z=3&sv=236059,843484&st=4&tl=~&bi=~&lu=N&ar=y",http://www.geograph.org.uk/gridref/NH3605943484,http://www.hill-bagging.co.uk/mountaindetails.php?qu=S&rf=905,Beinn a'Bha'ach Ard [Beinn a'Bhathaich Ard],12,12A,12.1,862,2828,26,431,NH360434,NH3605943484,236059,843484,CORBETT,CORBETT,CORBETT,CORBETT,CORBETT,CORBETT,CORBETT,CORBETT,
179,906,"http://www.streetmap.co.uk/newmap.srf?x=205514&y=845398&z=3&sv=205514,845398&st=4&tl=~&bi=~&lu=N&ar=y",http://www.geograph.org.uk/gridref/NH0551445398,http://www.hill-bagging.co.uk/mountaindetails.php?qu=S&rf=906,Sgurr na Feartaig,12,12A,12.1,863,2831,25,429,NH055453,NH0551445398,205514,845398,CORBETT,CORBETT,CORBETT,CORBETT,CORBETT,CORBETT,CORBETT,CORBETT,
180,907,"http://www.streetmap.co.uk/newmap.srf?x=222215&y=848950&z=3&sv=222215,848950&st=4&tl=~&bi=~&lu=N&ar=y",http://www.geograph.org.uk/gridref/NH2221548950,http://www.hill-bagging.co.uk/mountaindetails.php?qu=S&rf=907,Bac an Eich,12,12A,12.1,849,2785,25,430,NH222489,NH2221548950,222215,848950,CORBETT,CORBETT,CORBETT,CORBETT,CORBETT,CORBETT,CORBETT,CORBETT,
181,909,"http://www.streetmap.co.uk/newmap.srf?x=226372&y=854472&z=3&sv=226372,854472&st=4&tl=~&bi=~&lu=N&ar=y",http://www.geograph.org.uk/gridref/NH2637254472,http://www.hill-bagging.co.uk/mountaindetails.php?qu=S&rf=909,Meallan nan Uan,12,12A,12.1,838,2749,25,430,NH263544,NH2637254472,226372,854472,CORBETT,CORBETT,CORBETT,CORBETT,CORBETT,CORBETT,CORBETT,CORBETT,
182,910,"http://www.streetmap.co.uk/newmap.srf?x=217103&y=845392&z=3&sv=217103,845392&st=4&tl=~&bi=~&lu=N&ar=y",http://www.geograph.org.uk/gridref/NH1710345392,http://www.hill-bagging.co.uk/mountaindetails.php?qu=S&rf=910,An Sidhean,12,12A,12.1,814,2671,25,430,NH171453,NH1710345392,217103,845392,CORBETT,CORBETT,CORBETT,CORBETT,CORBETT,CORBETT,CORBETT,CORBETT,
183,911,"http://www.streetmap.co.uk/newmap.srf?x=203707&y=838184&z=3&sv=203707,838184&st=4&tl=~&bi=~&lu=N&ar=y",http://www.geograph.org.uk/gridref/NH0370738184,http://www.hill-bagging.co.uk/mountaindetails.php?qu=S&rf=911,Beinn Dronaig,12,12A,12.1,797,2615,25,429,NH037381,NH0370738184,203707,838184,CORBETT,CORBETT,CORBETT,CORBETT,CORBETT,CORBETT,CORBETT,CORBETT,
184,940,"http://www.streetmap.co.uk/newmap.srf?x=205761&y=832465&z=3&sv=205761,832465&st=4&tl=~&bi=~&lu=N&ar=y",http://www.geograph.org.uk/gridref/NH0576132465,http://www.hill-bagging.co.uk/mountaindetails.php?qu=S&rf=940,Aonach Buidhe,12,12B,12.2,899,2949,25,414N 429,NH057324,NH0576132465,205761,832465,CORBETT,CORBETT,CORBETT,CORBETT,CORBETT,CORBETT,CORBETT,CORBETT,
185,941,"http://www.streetmap.co.uk/newmap.srf?x=197700&y=830360&z=3&sv=197700,830360&st=4&tl=~&bi=~&lu=N&ar=y",http://www.geograph.org.uk/gridref/NG9770030360,http://www.hill-bagging.co.uk/mountaindetails.php?qu=S&rf=941,Sguman Coinntich,12,12B,12.2,879,2884,25,414N 429,NG977303,NG9770030360,197700,830360,CORBETT,CORBETT,CORBETT,CORBETT,CORBETT,CORBETT,CORBETT,CORBETT,
186,942,"http://www.streetmap.co.uk/newmap.srf?x=202184&y=831717&z=3&sv=202184,831717&st=4&tl=~&bi=~&lu=N&ar=y",http://www.geograph.org.uk/gridref/NH0218431717,http://www.hill-bagging.co.uk/mountaindetails.php?qu=S&rf=942,Faochaig,12,12B,12.2,868,2848,25,414N 429,NH021317,NH0218431717,202184,831717,CORBETT,CORBETT,CORBETT,CORBETT,CORBETT,CORBETT,CORBETT,CORBETT,
187,943,"http://www.streetmap.co.uk/newmap.srf?x=228178&y=836262&z=3&sv=228178,836262&st=4&tl=~&bi=~&lu=N&ar=y",http://www.geograph.org.uk/gridref/NH2817836262,http://www.hill-bagging.co.uk/mountaindetails.php?qu=S&rf=943,Sgorr na Diollaid,12,12B,12.2,818,2684,25,430,NH281362,NH2817836262,228178,836262,CORBETT,CORBETT,CORBETT,CORBETT,CORBETT,CORBETT,CORBETT,CORBETT,
188,970,"http://www.streetmap.co.uk/newmap.srf?x=189530&y=860820&z=3&sv=189530,860820&st=4&tl=~&bi=~&lu=N&ar=y",http://www.geograph.org.uk/gridref/NG8953060820,http://www.hill-bagging.co.uk/mountaindetails.php?qu=S&rf=970,Beinn Dearg,13,13A,13.1,913.7,2998,19 24,433,NG895608,NG8953060820,189530,860820,CORBETT,CORBETT,CORBETT,CORBETT,CORBETT,CORBETT,CORBETT,CORBETT,
189,971,"http://www.streetmap.co.uk/newmap.srf?x=197276&y=861340&z=3&sv=197276,861340&st=4&tl=~&bi=~&lu=N&ar=y",http://www.geograph.org.uk/gridref/NG9727661340,http://www.hill-bagging.co.uk/mountaindetails.php?qu=S&rf=971,Ruadh-stac Beag,13,13A,13.1,896,2940,19,433,NG972613,NG9727661340,197276,861340,CORBETT,CORBETT,CORBETT,CORBETT,CORBETT,CORBETT,CORBETT,CORBETT,
190,972,"http://www.streetmap.co.uk/newmap.srf?x=197606&y=863421&z=3&sv=197606,863421&st=4&tl=~&bi=~&lu=N&ar=y",http://www.geograph.org.uk/gridref/NG9760663421,http://www.hill-bagging.co.uk/mountaindetails.php?qu=S&rf=972,Meall a'Ghiubhais [Meall a'Ghiuthais],13,13A,13.1,887,2910,19,433,NG976634,NG9760663421,197606,863421,CORBETT,CORBETT,CORBETT,CORBETT,CORBETT,CORBETT,CORBETT,CORBETT,
191,973,"http://www.streetmap.co.uk/newmap.srf?x=187031&y=865420&z=3&sv=187031,865420&st=4&tl=~&bi=~&lu=N&ar=y",http://www.geograph.org.uk/gridref/NG8703165420,http://www.hill-bagging.co.uk/mountaindetails.php?qu=S&rf=973,Baosbheinn,13,13A,13.1,875,2871,19 24,433,NG870654,NG8703165420,187031,865420,CORBETT,CORBETT,CORBETT,CORBETT,CORBETT,CORBETT,CORBETT,CORBETT,
192,974,"http://www.streetmap.co.uk/newmap.srf?x=190511&y=864634&z=3&sv=190511,864634&st=4&tl=~&bi=~&lu=N&ar=y",http://www.geograph.org.uk/gridref/NG9051164634,http://www.hill-bagging.co.uk/mountaindetails.php?qu=S&rf=974,Beinn an Eoin,13,13A,13.1,855,2805,19,433,NG905646,NG9051164634,190511,864634,CORBETT,CORBETT,CORBETT,CORBETT,CORBETT,CORBETT,CORBETT,CORBETT,
193,984,"http://www.streetmap.co.uk/newmap.srf?x=197544&y=848948&z=3&sv=197544,848948&st=4&tl=~&bi=~&lu=N&ar=y",http://www.geograph.org.uk/gridref/NG9754448948,http://www.hill-bagging.co.uk/mountaindetails.php?qu=S&rf=984,Fuar Tholl,13,13B,13.2,907,2976,25,429,NG975489,NG9754448948,197544,848948,CORBETT,CORBETT,CORBETT,CORBETT,CORBETT,CORBETT,CORBETT,CORBETT,
194,986,"http://www.streetmap.co.uk/newmap.srf?x=189262&y=850201&z=3&sv=189262,850201&st=4&tl=~&bi=~&lu=N&ar=y",http://www.geograph.org.uk/gridref/NG8926250201,http://www.hill-bagging.co.uk/mountaindetails.php?qu=S&rf=986,Beinn Damh,13,13B,13.2,903,2963,24,428N,NG892502,NG8926250201,189262,850201,CORBETT,CORBETT,CORBETT,CORBETT,CORBETT,CORBETT,CORBETT,CORBETT,
195,987,"http://www.streetmap.co.uk/newmap.srf?x=180361&y=845039&z=3&sv=180361,845039&st=4&tl=~&bi=~&lu=N&ar=y",http://www.geograph.org.uk/gridref/NG8036145039,http://www.hill-bagging.co.uk/mountaindetails.php?qu=S&rf=987,Beinn Bhan,13,13B,13.2,896,2940,24,428N 428S,NG803450,NG8036145039,180361,845039,CORBETT,CORBETT,CORBETT,CORBETT,CORBETT,CORBETT,CORBETT,CORBETT,
196,988,"http://www.streetmap.co.uk/newmap.srf?x=192145&y=848064&z=3&sv=192145,848064&st=4&tl=~&bi=~&lu=N&ar=y",http://www.geograph.org.uk/gridref/NG9214548064,http://www.hill-bagging.co.uk/mountaindetails.php?qu=S&rf=988,An Ruadh-stac,13,13B,13.2,892,2927,25,429,NG921480,NG9214548064,192145,848064,CORBETT,CORBETT,CORBETT,CORBETT,CORBETT,CORBETT,CORBETT,CORBETT,
197,989,"http://www.streetmap.co.uk/newmap.srf?x=196909&y=853149&z=3&sv=196909,853149&st=4&tl=~&bi=~&lu=N&ar=y",http://www.geograph.org.uk/gridref/NG9690953149,http://www.hill-bagging.co.uk/mountaindetails.php?qu=S&rf=989,Sgorr nan Lochan Uaine,13,13B,13.2,871,2858,25,429,NG969531,NG9690953149,196909,853149,CORBETT,CORBETT,CORBETT,CORBETT,CORBETT,CORBETT,CORBETT,CORBETT,
198,990,"http://www.streetmap.co.uk/newmap.srf?x=179662&y=841752&z=3&sv=179662,841752&st=4&tl=~&bi=~&lu=N&ar=y",http://www.geograph.org.uk/gridref/NG7966241752,http://www.hill-bagging.co.uk/mountaindetails.php?qu=S&rf=990,Sgurr a'Chaorachain,13,13B,13.2,792,2598,24,428S,NG796417,NG7966241752,179662,841752,CORBETT,CORBETT,CORBETT,CORBETT,CORBETT,CORBETT,CORBETT,CORBETT,
199,991,"http://www.streetmap.co.uk/newmap.srf?x=197909&y=855791&z=3&sv=197909,855791&st=4&tl=~&bi=~&lu=N&ar=y",http://www.geograph.org.uk/gridref/NG9790955791,http://www.hill-bagging.co.uk/mountaindetails.php?qu=S&rf=991,Sgurr Dubh,13,13B,13.2,782,2566,25,429 433,NG979557,NG9790955791,197909,855791,CORBETT,CORBETT,CORBETT,CORBETT,CORBETT,CORBETT,CORBETT,CORBETT,
200,1023,"http://www.streetmap.co.uk/newmap.srf?x=201853&y=875655&z=3&sv=201853,875655&st=4&tl=~&bi=~&lu=N&ar=y",http://www.geograph.org.uk/gridref/NH0185375655,http://www.hill-bagging.co.uk/mountaindetails.php?qu=S&rf=1023,Ruadh Stac Mor,14,14A,14.1,918.7,3014,19,433 435S,NH018756,NH0185375655,201853,875655,CORBETT,CORBETT,,,,,,,Reclassified as Munro
201,1024,"http://www.streetmap.co.uk/newmap.srf?x=206135&y=877581&z=3&sv=206135,877581&st=4&tl=~&bi=~&lu=N&ar=y",http://www.geograph.org.uk/gridref/NH0613577581,http://www.hill-bagging.co.uk/mountaindetails.php?qu=S&rf=1024,Beinn a'Chlaidheimh,14,14A,14.1,913.96,2999,19,435N 435S,NH061775,NH0613577581,206135,877581,CORBETT,CORBETT,,,,,,CORBETT,Reclassified from Munro to Corbett in Nov 2012 following survey in 2010
202,1025,"http://www.streetmap.co.uk/newmap.srf?x=203217&y=879939&z=3&sv=203217,879939&st=4&tl=~&bi=~&lu=N&ar=y",http://www.geograph.org.uk/gridref/NH0321779939,http://www.hill-bagging.co.uk/mountaindetails.php?qu=S&rf=1025,Beinn Dearg Mor,14,14A,14.1,906.28,2973,19,435N 435S,NH032799,NH0321779939,203217,879939,CORBETT,CORBETT,CORBETT,CORBETT,CORBETT,CORBETT,CORBETT,CORBETT,
203,1026,"http://www.streetmap.co.uk/newmap.srf?x=198158&y=873278&z=3&sv=198158,873278&st=4&tl=~&bi=~&lu=N&ar=y",http://www.geograph.org.uk/gridref/NG9815873278,http://www.hill-bagging.co.uk/mountaindetails.php?qu=S&rf=1026,Beinn Lair,14,14A,14.1,859,2818,19,433,NG981732,NG9815873278,198158,873278,CORBETT,CORBETT,CORBETT,CORBETT,CORBETT,CORBETT,CORBETT,CORBETT,
204,1027,"http://www.streetmap.co.uk/newmap.srf?x=198251&y=878554&z=3&sv=198251,878554&st=4&tl=~&bi=~&lu=N&ar=y",http://www.geograph.org.uk/gridref/NG9825178554,http://www.hill-bagging.co.uk/mountaindetails.php?qu=S&rf=1027,Beinn a'Chaisgein Mor,14,14A,14.1,856,2808,19,435N,NG982785,NG9825178554,198251,878554,CORBETT,CORBETT,CORBETT,CORBETT,CORBETT,CORBETT,CORBETT,CORBETT,
205,1028,"http://www.streetmap.co.uk/newmap.srf?x=201995&y=881134&z=3&sv=201995,881134&st=4&tl=~&bi=~&lu=N&ar=y",http://www.geograph.org.uk/gridref/NH0199581134,http://www.hill-bagging.co.uk/mountaindetails.php?qu=S&rf=1028,Beinn Dearg Bheag,14,14A,14.1,820,2690,19,435N,NH019811,NH0199581134,201995,881134,CORBETT,CORBETT,CORBETT,CORBETT,CORBETT,CORBETT,CORBETT,CORBETT,
206,1029,"http://www.streetmap.co.uk/newmap.srf?x=209600&y=875155&z=3&sv=209600,875155&st=4&tl=~&bi=~&lu=N&ar=y",http://www.geograph.org.uk/gridref/NH0960075155,http://www.hill-bagging.co.uk/mountaindetails.php?qu=S&rf=1029,Creag Rainich,14,14A,14.1,807,2648,19,435S,NH096751,NH0960075155,209600,875155,CORBETT,CORBETT,CORBETT,CORBETT,CORBETT,CORBETT,CORBETT,CORBETT,
207,1030,"http://www.streetmap.co.uk/newmap.srf?x=193030&y=876184&z=3&sv=193030,876184&st=4&tl=~&bi=~&lu=N&ar=y",http://www.geograph.org.uk/gridref/NG9303076184,http://www.hill-bagging.co.uk/mountaindetails.php?qu=S&rf=1030,Beinn Airigh Charr,14,14A,14.1,792,2598,19,433 434 435N,NG930761,NG9303076184,193030,876184,CORBETT,CORBETT,CORBETT,CORBETT,CORBETT,CORBETT,CORBETT,CORBETT,
208,1031,"http://www.streetmap.co.uk/newmap.srf?x=203295&y=888706&z=3&sv=203295,888706&st=4&tl=~&bi=~&lu=N&ar=y",http://www.geograph.org.uk/gridref/NH0329588706,http://www.hill-bagging.co.uk/mountaindetails.php?qu=S&rf=1031,Sail Mhor,14,14A,14.1,767,2516,19,435N,NH032887,NH0329588706,203295,888706,CORBETT,CORBETT,CORBETT,CORBETT,CORBETT,CORBETT,CORBETT,CORBETT,
209,1054,"http://www.streetmap.co.uk/newmap.srf?x=228083&y=871315&z=3&sv=228083,871315&st=4&tl=~&bi=~&lu=N&ar=y",http://www.geograph.org.uk/gridref/NH2808371315,http://www.hill-bagging.co.uk/mountaindetails.php?qu=S&rf=1054,Beinn Liath Mhor a'Ghiubhais Li [Beinn Liath Mhor a'Ghiuthais],14,14B,14.2,766,2513,20,436S,NH280713,NH2808371315,228083,871315,,,,CORBETT,CORBETT,CORBETT,CORBETT,CORBETT,
210,1073,"http://www.streetmap.co.uk/newmap.srf?x=222500&y=880525&z=3&sv=222500,880525&st=4&tl=~&bi=~&lu=N&ar=y",http://www.geograph.org.uk/gridref/NH2250080525,http://www.hill-bagging.co.uk/mountaindetails.php?qu=S&rf=1073,Beinn Enaiglair,15,15A,15.1,890,2920,20,436N,NH225805,NH2250080525,222500,880525,CORBETT,CORBETT,CORBETT,CORBETT,CORBETT,CORBETT,CORBETT,CORBETT,
211,1074,"http://www.streetmap.co.uk/newmap.srf?x=233849&y=887583&z=3&sv=233849,887583&st=4&tl=~&bi=~&lu=N&ar=y",http://www.geograph.org.uk/gridref/NH3384987583,http://www.hill-bagging.co.uk/mountaindetails.php?qu=S&rf=1074,Carn Ban,15,15A,15.1,842,2762,20,437N,NH338875,NH3384987583,233849,887583,CORBETT,CORBETT,CORBETT,CORBETT,CORBETT,CORBETT,CORBETT,CORBETT,
212,1095,"http://www.streetmap.co.uk/newmap.srf?x=248360&y=883334&z=3&sv=248360,883334&st=4&tl=~&bi=~&lu=N&ar=y",http://www.geograph.org.uk/gridref/NH4836083334,http://www.hill-bagging.co.uk/mountaindetails.php?qu=S&rf=1095,Carn Chuinneag,15,15B,15.2,839,2753,20,437N,NH483833,NH4836083334,248360,883334,CORBETT,CORBETT,CORBETT,CORBETT,CORBETT,CORBETT,CORBETT,CORBETT,
213,1096,"http://www.streetmap.co.uk/newmap.srf?x=236996&y=880112&z=3&sv=236996,880112&st=4&tl=~&bi=~&lu=N&ar=y",http://www.geograph.org.uk/gridref/NH3699680112,http://www.hill-bagging.co.uk/mountaindetails.php?qu=S&rf=1096,Beinn a'Chaisteil,15,15B,15.2,787,2582,20,437N,NH369801,NH3699680112,236996,880112,CORBETT,CORBETT,CORBETT,CORBETT,CORBETT,CORBETT,CORBETT,CORBETT,
214,1097,"http://www.streetmap.co.uk/newmap.srf?x=242960&y=864480&z=3&sv=242960,864480&st=4&tl=~&bi=~&lu=N&ar=y",http://www.geograph.org.uk/gridref/NH4296064480,http://www.hill-bagging.co.uk/mountaindetails.php?qu=S&rf=1097,Little Wyvis,15,15B,15.2,763,2503,20,437S,NH429644,NH4296064480,242960,864480,,,,CORBETT,CORBETT,CORBETT,CORBETT,CORBETT,
215,1124,"http://www.streetmap.co.uk/newmap.srf?x=231520&y=950697&z=3&sv=231520,950697&st=4&tl=~&bi=~&lu=N&ar=y",http://www.geograph.org.uk/gridref/NC3152050697,http://www.hill-bagging.co.uk/mountaindetails.php?qu=S&rf=1124,Foinaven [Foinne Bhein] - Ganu Mor,16,16B,16.2,911.05,2989,9,445,NC315506,NC3152050697,231520,950697,CORBETT,CORBETT,CORBETT,CORBETT,CORBETT,CORBETT,CORBETT,CORBETT,
216,1126,"http://www.streetmap.co.uk/newmap.srf?x=242655&y=933942&z=3&sv=242655,933942&st=4&tl=~&bi=~&lu=N&ar=y",http://www.geograph.org.uk/gridref/NC4265533942,http://www.hill-bagging.co.uk/mountaindetails.php?qu=S&rf=1126,Ben Hee,16,16B,16.2,873,2864,16,440N 447S,NC426339,NC4265533942,242655,933942,CORBETT,CORBETT,CORBETT,CORBETT,CORBETT,CORBETT,CORBETT,CORBETT,
217,1127,"http://www.streetmap.co.uk/newmap.srf?x=235720&y=939150&z=3&sv=235720,939150&st=4&tl=~&bi=~&lu=N&ar=y",http://www.geograph.org.uk/gridref/NC3572039150,http://www.hill-bagging.co.uk/mountaindetails.php?qu=S&rf=1127,Meallan Liath Coire Mhic Dhughaill,16,16B,16.2,801,2628,15,445,NC357391,NC3572039150,235720,939150,CORBETT,CORBETT,CORBETT,CORBETT,CORBETT,CORBETT,CORBETT,CORBETT,
218,1128,"http://www.streetmap.co.uk/newmap.srf?x=235061&y=955604&z=3&sv=235061,955604&st=4&tl=~&bi=~&lu=N&ar=y",http://www.geograph.org.uk/gridref/NC3506155604,http://www.hill-bagging.co.uk/mountaindetails.php?qu=S&rf=1128,Cranstackie,16,16B,16.2,801,2628,9,446,NC350556,NC3506155604,235061,955604,CORBETT,CORBETT,CORBETT,CORBETT,CORBETT,CORBETT,CORBETT,CORBETT,
219,1129,"http://www.streetmap.co.uk/newmap.srf?x=230275&y=946180&z=3&sv=230275,946180&st=4&tl=~&bi=~&lu=N&ar=y",http://www.geograph.org.uk/gridref/NC3027546180,http://www.hill-bagging.co.uk/mountaindetails.php?qu=S&rf=1129,Arkle,16,16B,16.2,787,2582,9,445,NC302461,NC3027546180,230275,946180,CORBETT,CORBETT,CORBETT,CORBETT,CORBETT,CORBETT,CORBETT,CORBETT,
220,1130,"http://www.streetmap.co.uk/newmap.srf?x=235261&y=944921&z=3&sv=235261,944921&st=4&tl=~&bi=~&lu=N&ar=y",http://www.geograph.org.uk/gridref/NC3526144921,http://www.hill-bagging.co.uk/mountaindetails.php?qu=S&rf=1130,Meall Horn,16,16B,16.2,777,2549,9,445,NC352449,NC3526144921,235261,944921,CORBETT,CORBETT,CORBETT,CORBETT,CORBETT,CORBETT,CORBETT,CORBETT,
221,1131,"http://www.streetmap.co.uk/newmap.srf?x=236195&y=957297&z=3&sv=236195,957297&st=4&tl=~&bi=~&lu=N&ar=y",http://www.geograph.org.uk/gridref/NC3619557297,http://www.hill-bagging.co.uk/mountaindetails.php?qu=S&rf=1131,Beinn Spionnaidh,16,16B,16.2,773,2536,9,446,NC361572,NC3619557297,236195,957297,CORBETT,CORBETT,CORBETT,CORBETT,CORBETT,CORBETT,CORBETT,CORBETT,
222,1132,"http://www.streetmap.co.uk/newmap.srf?x=257811&y=948861&z=3&sv=257811,948861&st=4&tl=~&bi=~&lu=N&ar=y",http://www.geograph.org.uk/gridref/NC5781148861,http://www.hill-bagging.co.uk/mountaindetails.php?qu=S&rf=1132,Ben Loyal - An Caisteal,16,16B,16.2,764.2,2507,10,447S,NC578488,NC5781148861,257811,948861,CORBETT,CORBETT,CORBETT,CORBETT,CORBETT,CORBETT,CORBETT,CORBETT,
223,1187,"http://www.streetmap.co.uk/newmap.srf?x=228672&y=915739&z=3&sv=228672,915739&st=4&tl=~&bi=~&lu=N&ar=y",http://www.geograph.org.uk/gridref/NC2867215739,http://www.hill-bagging.co.uk/mountaindetails.php?qu=S&rf=1187,Breabag,16,16E,16.5,815,2674,15,439E 442E,NC286157,NC2867215739,228672,915739,CORBETT,CORBETT,CORBETT,CORBETT,CORBETT,CORBETT,CORBETT,CORBETT,
224,1188,"http://www.streetmap.co.uk/newmap.srf?x=220938&y=929210&z=3&sv=220938,929210&st=4&tl=~&bi=~&lu=N&ar=y",http://www.geograph.org.uk/gridref/NC2093829210,http://www.hill-bagging.co.uk/mountaindetails.php?qu=S&rf=1188,Quinag - Sail Gharbh,16,16E,16.5,809,2654,15,442E,NC209292,NC2093829210,220938,929210,CORBETT,CORBETT,CORBETT,CORBETT,CORBETT,CORBETT,CORBETT,CORBETT,
225,1189,"http://www.streetmap.co.uk/newmap.srf?x=232027&y=929490&z=3&sv=232027,929490&st=4&tl=~&bi=~&lu=N&ar=y",http://www.geograph.org.uk/gridref/NC3202729490,http://www.hill-bagging.co.uk/mountaindetails.php?qu=S&rf=1189,Beinn Leoid,16,16E,16.5,792,2598,15,442E,NC320294,NC3202729490,232027,929490,CORBETT,CORBETT,CORBETT,CORBETT,CORBETT,CORBETT,CORBETT,CORBETT,
226,1190,"http://www.streetmap.co.uk/newmap.srf?x=219837&y=930426&z=3&sv=219837,930426&st=4&tl=~&bi=~&lu=N&ar=y",http://www.geograph.org.uk/gridref/NC1983730426,http://www.hill-bagging.co.uk/mountaindetails.php?qu=S&rf=1190,Quinag - Sail Gorm [Sail Ghorm],16,16E,16.5,776,2546,15,442W,NC198304,NC1983730426,219837,930426,,,,CORBETT,CORBETT,CORBETT,CORBETT,CORBETT,
227,1191,"http://www.streetmap.co.uk/newmap.srf?x=225486&y=926501&z=3&sv=225486,926501&st=4&tl=~&bi=~&lu=N&ar=y",http://www.geograph.org.uk/gridref/NC2548626501,http://www.hill-bagging.co.uk/mountaindetails.php?qu=S&rf=1191,Glas Bheinn,16,16E,16.5,776,2546,15,442E,NC254265,NC2548626501,225486,926501,CORBETT,CORBETT,CORBETT,CORBETT,CORBETT,CORBETT,CORBETT,CORBETT,
228,1192,"http://www.streetmap.co.uk/newmap.srf?x=220602&y=927746&z=3&sv=220602,927746&st=4&tl=~&bi=~&lu=N&ar=y",http://www.geograph.org.uk/gridref/NC2060227746,http://www.hill-bagging.co.uk/mountaindetails.php?qu=S&rf=1192,Quinag - Spidean Coinich,16,16E,16.5,764,2507,15,442E,NC206277,NC2060227746,220602,927746,CORBETT,CORBETT,CORBETT,CORBETT,CORBETT,CORBETT,CORBETT,CORBETT,
229,1205,"http://www.streetmap.co.uk/newmap.srf?x=216203&y=911919&z=3&sv=216203,911919&st=4&tl=~&bi=~&lu=N&ar=y",http://www.geograph.org.uk/gridref/NC1620311919,http://www.hill-bagging.co.uk/mountaindetails.php?qu=S&rf=1205,Cul Mor,16,16F,16.6,849,2785,15,439E,NC162119,NC1620311919,216203,911919,CORBETT,CORBETT,CORBETT,CORBETT,CORBETT,CORBETT,CORBETT,CORBETT,
230,1206,"http://www.streetmap.co.uk/newmap.srf?x=220289&y=918732&z=3&sv=220289,918732&st=4&tl=~&bi=~&lu=N&ar=y",http://www.geograph.org.uk/gridref/NC2028918732,http://www.hill-bagging.co.uk/mountaindetails.php?qu=S&rf=1206,Canisp,16,16F,16.6,847,2779,15,442E,NC202187,NC2028918732,220289,918732,CORBETT,CORBETT,CORBETT,CORBETT,CORBETT,CORBETT,CORBETT,CORBETT,
231,1207,"http://www.streetmap.co.uk/newmap.srf?x=214035&y=908834&z=3&sv=214035,908834&st=4&tl=~&bi=~&lu=N&ar=y",http://www.geograph.org.uk/gridref/NC1403508834,http://www.hill-bagging.co.uk/mountaindetails.php?qu=S&rf=1207,Cul Beag,16,16F,16.6,769,2523,15,439E,NC140088,NC1403508834,214035,908834,CORBETT,CORBETT,CORBETT,CORBETT,CORBETT,CORBETT,CORBETT,CORBETT,
232,1262,"http://www.streetmap.co.uk/newmap.srf?x=153125&y=823246&z=3&sv=153125,823246&st=4&tl=~&bi=~&lu=N&ar=y",http://www.geograph.org.uk/gridref/NG5312523246,http://www.hill-bagging.co.uk/mountaindetails.php?qu=S&rf=1262,Garbh-bheinn,17,17B,17.2,808,2651,32,411,NG531232,NG5312523246,153125,823246,CORBETT,CORBETT,CORBETT,CORBETT,CORBETT,CORBETT,CORBETT,CORBETT,
233,1263,"http://www.streetmap.co.uk/newmap.srf?x=151361&y=830005&z=3&sv=151361,830005&st=4&tl=~&bi=~&lu=N&ar=y",http://www.geograph.org.uk/gridref/NG5136130005,http://www.hill-bagging.co.uk/mountaindetails.php?qu=S&rf=1263,Glamaig - Sgurr Mhairi,17,17B,17.2,775,2543,24 32,411,NG513300,NG5136130005,151361,830005,CORBETT,CORBETT,CORBETT,CORBETT,CORBETT,CORBETT,CORBETT,CORBETT,
234,1292,"http://www.streetmap.co.uk/newmap.srf?x=139310&y=795223&z=3&sv=139310,795223&st=4&tl=~&bi=~&lu=N&ar=y",http://www.geograph.org.uk/gridref/NM3931095223,http://www.hill-bagging.co.uk/mountaindetails.php?qu=S&rf=1292,Askival,17,17D,17.4,812,2664,39,397,NM393952,NM3931095223,139310,795223,CORBETT,CORBETT,CORBETT,CORBETT,CORBETT,CORBETT,CORBETT,CORBETT,
235,1293,"http://www.streetmap.co.uk/newmap.srf?x=137841&y=794333&z=3&sv=137841,794333&st=4&tl=~&bi=~&lu=N&ar=y",http://www.geograph.org.uk/gridref/NM3784194333,http://www.hill-bagging.co.uk/mountaindetails.php?qu=S&rf=1293,Ainshval,17,17D,17.4,781,2562,39,397,NM378943,NM3784194333,137841,794333,CORBETT,CORBETT,CORBETT,CORBETT,CORBETT,CORBETT,CORBETT,CORBETT,
236,1302,"http://www.streetmap.co.uk/newmap.srf?x=167247&y=736218&z=3&sv=167247,736218&st=4&tl=~&bi=~&lu=N&ar=y",http://www.geograph.org.uk/gridref/NM6724736218,http://www.hill-bagging.co.uk/mountaindetails.php?qu=S&rf=1302,Dun da Ghaoithe,17,17E,17.5,766,2513,49,375E,NM672362,NM6724736218,167247,736218,CORBETT,CORBETT,CORBETT,CORBETT,CORBETT,CORBETT,CORBETT,CORBETT,
237,1303,"http://www.streetmap.co.uk/newmap.srf?x=162543&y=734709&z=3&sv=162543,734709&st=4&tl=~&bi=~&lu=N&ar=y",http://www.geograph.org.uk/gridref/NM6254334709,http://www.hill-bagging.co.uk/mountaindetails.php?qu=S&rf=1303,Beinn Talaidh,17,17E,17.5,761.7,2499,49,375E,NM625347,NM6254334709,162543,734709,,,,CORBETT,CORBETT,CORBETT,,,Reclassified as Graham
238,1449,"http://www.streetmap.co.uk/newmap.srf?x=149806&y=674947&z=3&sv=149806,674947&st=4&tl=~&bi=~&lu=N&ar=y",http://www.geograph.org.uk/gridref/NR4980674947,http://www.hill-bagging.co.uk/mountaindetails.php?qu=S&rf=1449,Beinn an Oir,17,20A,20.1,785,2575,60 61,355S,NR498749,NR4980674947,149806,674947,CORBETT,CORBETT,CORBETT,CORBETT,CORBETT,CORBETT,CORBETT,CORBETT,
239,1472,"http://www.streetmap.co.uk/newmap.srf?x=199139&y=641540&z=3&sv=199139,641540&st=4&tl=~&bi=~&lu=N&ar=y",http://www.geograph.org.uk/gridref/NR9913941540,http://www.hill-bagging.co.uk/mountaindetails.php?qu=S&rf=1472,Goatfell [Goat Fell],17,20C,20.3,874,2867,62 69,361N,NR991415,NR9913941540,199139,641540,CORBETT,CORBETT,CORBETT,CORBETT,CORBETT,CORBETT,CORBETT,CORBETT,
240,1473,"http://www.streetmap.co.uk/newmap.srf?x=196907&y=644324&z=3&sv=196907,644324&st=4&tl=~&bi=~&lu=N&ar=y",http://www.geograph.org.uk/gridref/NR9690744324,http://www.hill-bagging.co.uk/mountaindetails.php?qu=S&rf=1473,Caisteal Abhail,17,20C,20.3,859,2818,62 69,361N,NR969443,NR9690744324,196907,644324,CORBETT,CORBETT,CORBETT,CORBETT,CORBETT,CORBETT,CORBETT,CORBETT,
241,1474,"http://www.streetmap.co.uk/newmap.srf?x=196015&y=641275&z=3&sv=196015,641275&st=4&tl=~&bi=~&lu=N&ar=y",http://www.geograph.org.uk/gridref/NR9601541275,http://www.hill-bagging.co.uk/mountaindetails.php?qu=S&rf=1474,Beinn Tarsuinn,17,20C,20.3,826,2710,62 69,361N,NR960412,NR9601541275,196015,641275,CORBETT,CORBETT,CORBETT,CORBETT,CORBETT,CORBETT,CORBETT,CORBETT,
242,1475,"http://www.streetmap.co.uk/newmap.srf?x=197278&y=643111&z=3&sv=197278,643111&st=4&tl=~&bi=~&lu=N&ar=y",http://www.geograph.org.uk/gridref/NR9727843111,http://www.hill-bagging.co.uk/mountaindetails.php?qu=S&rf=1475,Cir Mhor,17,20C,20.3,799,2621,62 69,361N,NR972431,NR9727843111,197278,643111,CORBETT,CORBETT,CORBETT,CORBETT,CORBETT,CORBETT,CORBETT,CORBETT,
243,1587,"http://www.streetmap.co.uk/newmap.srf?x=115484&y=907302&z=3&sv=115484,907302&st=4&tl=~&bi=~&lu=N&ar=y",http://www.geograph.org.uk/gridref/NB1548407302,http://www.hill-bagging.co.uk/mountaindetails.php?qu=S&rf=1587,An Cliseam [Clisham],17,24B,24.2,799,2621,13 14,456,NB154073,NB1548407302,115484,907302,CORBETT,CORBETT,CORBETT,CORBETT,CORBETT,CORBETT,CORBETT,CORBETT,
,,,,,,,,,,,,,,,,,,,,,,,,,
,,,,,,,,,,,,,TOTAL,,,TOTAL,219,219,217,223,223,221,220,222,
"Ten-figure grid references of summits, information on summit features, details of surveys and more can be obtained from The Database of British and Irish Hills which may be downloaded from www.hills-database.co.uk",,,,,,,,,,,,,,,,,,,,,,,,,
