name,region,height_wh,first_route_title,first_route_url,time_hours_min,time_hours_max,distance_km,ascent,scramble,exposed,spate,bog,river,arete,toilet,bothy,pub,car_park,deer_fence,wood,ascents,rating,corbett_key_wh,row_id_x,number,name_dobih,height_dobih,xcoord,ycoord,grid_ref,corbett,corbett_key_dobih,row_id_y,height_diff,site_key,time,scramble_exposed,wet
Beinn a' Bha'ach Ard,Loch Ness,862,Beinn a' Bha'ach Ard,https://www.walkhighlands.co.uk/lochness/beinn-a-bha-ach-ard.shtml,6,7,16,928,FALSE,FALSE,FALSE,TRUE,TRUE,FALSE,FALSE,FALSE,FALSE,TRUE,TRUE,FALSE,865,2.84,beinn a' bha'ach ard,14,NA,NA,NA,NA,NA,NA,NA,NA,NA,Inf,NA_NA,6.5,Neither,Neither
NA,NA,NA,NA,NA,NA,NA,NA,NA,NA,NA,NA,NA,NA,NA,NA,NA,NA,NA,NA,NA,NA,NA,NA,NA,1587,An Cliseam [Clisham],799,115484,907302,NB154073,Clisham,an cliseam,222,Inf,NB154073,NA,Neither,Neither
Cùl Beag,Ullapool,769,Cùl Beag from the east,https://www.walkhighlands.co.uk/ullapool/cul-beag.shtml,4,5,10.5,729,FALSE,FALSE,FALSE,TRUE,FALSE,FALSE,FALSE,FALSE,FALSE,FALSE,FALSE,FALSE,1582,4.23,cul beag,128,1207,Cul Beag,769,214035,908834,NC140088,Cul Beag,cul beag,211,0,NC140088,4.5,Neither,Neither
Cùl Mòr,Ullapool,849,Cùl Mòr from the east,https://www.walkhighlands.co.uk/ullapool/culmor.shtml,4,5.5,13.5,808,FALSE,FALSE,FALSE,TRUE,FALSE,FALSE,FALSE,FALSE,FALSE,FALSE,FALSE,FALSE,2313,4.44,cul mor,129,1205,Cul Mor,849,216203,911919,NC162119,Cul Mor,cul mor,209,0,NC162119,4.75,Neither,Neither
NA,NA,NA,NA,NA,NA,NA,NA,NA,NA,NA,NA,NA,NA,NA,NA,NA,NA,NA,NA,NA,NA,NA,NA,NA,1190,Quinag - Sail Gorm [Sail Ghorm],776,219837,930426,NC198304,Quinag - Sàil Ghorm,quinag - sail gorm,206,Inf,NC198304,NA,Neither,Neither
Canisp,Ullapool,847,Canisp from the east,https://www.walkhighlands.co.uk/ullapool/canisp.shtml,5,6,12,710,FALSE,FALSE,FALSE,TRUE,FALSE,FALSE,FALSE,FALSE,FALSE,FALSE,FALSE,FALSE,1687,3.91,canisp,95,1206,Canisp,847,220289,918732,NC202187,Canisp,canisp,210,0,NC202187,5.5,Neither,Neither
Quinag - Spidean Coinich,Ullapool,764,Quinag: three Corbetts,https://www.walkhighlands.co.uk/ullapool/quinag.shtml,7.5,8.5,14,1130,TRUE,FALSE,FALSE,TRUE,FALSE,TRUE,FALSE,FALSE,FALSE,TRUE,FALSE,FALSE,2671,4.47,quinag - spidean coinich,183,1192,Quinag - Spidean Coinich,764,220602,927746,NC206277,Quinag - Spidean Coinich,quinag - spidean coinich,208,0,NC206277,8,Neither,Neither
Quinag - Sàil Gharbh,Ullapool,808,Quinag: three Corbetts,https://www.walkhighlands.co.uk/ullapool/quinag.shtml,7.5,8.5,14,1130,TRUE,FALSE,FALSE,TRUE,FALSE,TRUE,FALSE,FALSE,FALSE,TRUE,FALSE,FALSE,2460,4.22,quinag - sail gharbh,181,1188,Quinag - Sail Gharbh,809,220938,929210,NC209292,Quinag - Sail Gharbh,quinag - sail gharbh,204,1,NC209292,8,Neither,Neither
Glas Bheinn,Ullapool,776,Glas Bheinn from Inchnadamph,https://www.walkhighlands.co.uk/ullapool/glas-bheinn.shtml,5.5,6.5,15.75,770,FALSE,FALSE,TRUE,TRUE,TRUE,FALSE,FALSE,FALSE,FALSE,TRUE,FALSE,FALSE,1054,4,glas bheinn,148,1191,Glas Bheinn,776,225486,926501,NC254265,Glas Bheinn,glas bheinn,207,0,NC254265,6,Neither,Neither
Breabag,Ullapool,815,Breabag and the Caves of Assynt,https://www.walkhighlands.co.uk/ullapool/breabag.shtml,7,9,20,778,FALSE,TRUE,FALSE,TRUE,TRUE,FALSE,FALSE,FALSE,FALSE,TRUE,FALSE,FALSE,925,3.81,breabag,87,1187,Breabag,815,228672,915739,NC286157,Breabag,breabag,203,0,NC286157,8,Neither,Neither
Arkle,Sutherland,787,Arkle from near Achfary,https://www.walkhighlands.co.uk/sutherland/arkle.shtml,6,7,17.5,880,TRUE,TRUE,FALSE,FALSE,TRUE,FALSE,FALSE,FALSE,FALSE,TRUE,FALSE,TRUE,1113,4.37,arkle,9,1129,Arkle,787,230275,946180,NC302461,Arkle,arkle,199,0,NC302461,6.5,Neither,Neither
NA,NA,NA,NA,NA,NA,NA,NA,NA,NA,NA,NA,NA,NA,NA,NA,NA,NA,NA,NA,NA,NA,NA,NA,NA,1124,Foinaven [Foinne Bhein] - Ganu Mor,911.05,231520,950697,NC315506,Foinaven,foinaven - ganu mor,195,Inf,NC315506,NA,Neither,Neither
Beinn Leoìd,Sutherland,792,Beinn Leoìd and Meallan a' Chuail from the A838,https://www.walkhighlands.co.uk/sutherland/beinn-leoid.shtml,6,7,15.5,941,FALSE,FALSE,FALSE,TRUE,FALSE,FALSE,FALSE,FALSE,FALSE,FALSE,FALSE,FALSE,640,3.48,beinn leoid,45,1189,Beinn Leoid,792,232027,929490,NC320294,Beinn Leoid,beinn leoid,205,0,NC320294,6.5,Neither,Neither
Cranstackie,Sutherland,801,Cranstackie and Beinn Spionnaidh from Carbreck,https://www.walkhighlands.co.uk/sutherland/cranstackie.shtml,6,8,12,1030,FALSE,FALSE,FALSE,TRUE,TRUE,FALSE,FALSE,FALSE,FALSE,FALSE,FALSE,FALSE,903,3.88,cranstackie,117,1128,Cranstackie,801,235061,955604,NC350556,Cranstackie,cranstackie,198,0,NC350556,7,Neither,Neither
Meall Horn,Sutherland,777,Meall Horn from Loch Stack,https://www.walkhighlands.co.uk/sutherland/meall-horn.shtml,6,7,18,836,FALSE,FALSE,FALSE,TRUE,TRUE,FALSE,FALSE,FALSE,FALSE,TRUE,FALSE,TRUE,638,3.44,meall horn,164,1130,Meall Horn,777,235261,944921,NC352449,Meall Horn,meall horn,200,0,NC352449,6.5,Neither,Neither
Meallan Liath Coire Mhic Dhughaill,Sutherland,801,Meallan Liath Coire Mhic Dhughaill,https://www.walkhighlands.co.uk/sutherland/meallan-liath-coire-mhic-dhughaill.shtml,6,6.5,16,900,FALSE,FALSE,TRUE,TRUE,FALSE,FALSE,FALSE,FALSE,FALSE,FALSE,FALSE,TRUE,557,3.94,meallan liath coire mhic dhughaill,174,1127,Meallan Liath Coire Mhic Dhughaill,801,235720,939150,NC357391,Meallan Liath Coire Mhic Dhughaill,meallan liath coire mhic dhughaill,197,0,NC357391,6.25,Neither,Neither
Beinn Spionnaidh,Sutherland,773,Cranstackie and Beinn Spionnaidh from Carbreck,https://www.walkhighlands.co.uk/sutherland/cranstackie.shtml,6,8,12,1030,FALSE,FALSE,FALSE,TRUE,TRUE,FALSE,FALSE,FALSE,FALSE,FALSE,FALSE,FALSE,880,3.62,beinn spionnaidh,66,1131,Beinn Spionnaidh,773,236195,957297,NC361572,Beinn Spionnaidh,beinn spionnaidh,201,0,NC361572,7,Neither,Neither
Ben Hee,Sutherland,873,"Ben Hee, from West Merkland",https://www.walkhighlands.co.uk/sutherland/ben-hee.shtml,5,6,13.25,765,FALSE,FALSE,FALSE,TRUE,FALSE,FALSE,FALSE,FALSE,FALSE,FALSE,FALSE,FALSE,746,3.46,ben hee,75,1126,Ben Hee,873,242655,933942,NC426339,Ben Hee,ben hee,196,0,NC426339,5.5,Neither,Neither
NA,NA,NA,NA,NA,NA,NA,NA,NA,NA,NA,NA,NA,NA,NA,NA,NA,NA,NA,NA,NA,NA,NA,NA,NA,1132,Ben Loyal - An Caisteal,764.2,257811,948861,NC578488,Ben Loyal,ben loyal - an caisteal,202,Inf,NC578488,NA,Neither,Neither
NA,NA,NA,NA,NA,NA,NA,NA,NA,NA,NA,NA,NA,NA,NA,NA,NA,NA,NA,NA,NA,NA,NA,NA,NA,1263,Glamaig - Sgurr Mhairi,775,151361,830005,NG513300,Glamaig,glamaig - sgurr mhairi,213,Inf,NG513300,NA,Neither,Neither
Garbh-bheinn,Skye,808,Garbh Bheinn and Belig circular,https://www.walkhighlands.co.uk/skye/garbhbheinn.shtml,5,7,10,1070,TRUE,FALSE,FALSE,TRUE,FALSE,FALSE,FALSE,FALSE,FALSE,FALSE,FALSE,FALSE,1027,4.56,garbh-bheinn,143,1262,Garbh-bheinn,808,153125,823246,NG531232,Garbh-bheinn,garbh-bheinn,212,0,NG531232,6,Neither,Neither
Sgùrr Coire Choinnichean,Fort William,796,Sgùrr Coire Choinnichean from Inverie,https://www.walkhighlands.co.uk/fortwilliam/sgurr-coire-choinnichean.shtml,5.5,6,12.75,857,FALSE,TRUE,FALSE,FALSE,TRUE,FALSE,FALSE,FALSE,TRUE,FALSE,TRUE,FALSE,906,4.09,sgurr coire choinnichean,198,752,Sgurr Coire Choinnichean,796,179075,801078,NG790010,Sgurr Coire Choinnichean,sgurr coire choinnichean,138,0,NG790010,5.75,Neither,Neither
Beinn na Caillich,Fort William,785,Beinn na Caillich from Inverie,https://www.walkhighlands.co.uk/fortwilliam/beinn-na-caillich-knoydart.shtml,8,9,21.5,1048,FALSE,FALSE,FALSE,TRUE,FALSE,FALSE,FALSE,FALSE,FALSE,FALSE,TRUE,TRUE,552,4.27,beinn na caillich,55,753,Beinn na Caillich,785,179593,806698,NG795066,Beinn na Caillich,beinn na caillich,139,0,NG795066,8.5,Neither,Neither
NA,NA,NA,NA,NA,NA,NA,NA,NA,NA,NA,NA,NA,NA,NA,NA,NA,NA,NA,NA,NA,NA,NA,NA,NA,990,Sgurr a'Chaorachain,792,179662,841752,NG796417,Sgùrr a' Chaorachain,sgurr a'chaorachain,179,Inf,NG796417,NA,Neither,Neither
Beinn Bhan,Torridon,896,Beinn Bhan,https://www.walkhighlands.co.uk/torridon/Beinnbhan.shtml,5,7,14,995,TRUE,TRUE,FALSE,FALSE,TRUE,FALSE,FALSE,FALSE,FALSE,FALSE,FALSE,FALSE,1028,4.6,beinn bhan,27,987,Beinn Bhan,896,180361,845039,NG803450,Beinn Bhan,beinn bhan,176,0,NG803450,6,Neither,Neither
Beinn na h-Eaglaise,Kintail,805,Beinn na h-Eaglaise and Beinn nan Caorach,https://www.walkhighlands.co.uk/kintail/beinn-na-h-eaglaise.shtml,6,8,11.5,1020,FALSE,FALSE,FALSE,FALSE,TRUE,FALSE,FALSE,FALSE,FALSE,TRUE,FALSE,TRUE,665,3.63,beinn na h-eaglaise,56,718,Beinn na h-Eaglaise,805,185433,812007,NG854120,Beinn na h-Eaglaise,beinn na h-eaglaise,126,0,NG854120,7,Neither,Neither
Baosbheinn,Torridon,875,Baosbheinn,https://www.walkhighlands.co.uk/torridon/baosbheinn.shtml,8,9,23,1190,FALSE,FALSE,TRUE,TRUE,TRUE,FALSE,FALSE,FALSE,FALSE,TRUE,TRUE,FALSE,787,4.5,baosbheinn,13,973,Baosbheinn,875,187031,865420,NG870654,Baosbheinn,baosbheinn,172,0,NG870654,8.5,Neither,Neither
Beinn nan Caorach,Kintail,774,Beinn na h-Eaglaise and Beinn nan Caorach,https://www.walkhighlands.co.uk/kintail/beinn-na-h-eaglaise.shtml,6,8,11.5,1020,FALSE,FALSE,FALSE,FALSE,TRUE,FALSE,FALSE,FALSE,FALSE,TRUE,FALSE,TRUE,638,3.28,beinn nan caorach,59,721,Beinn nan Caorach,774,187152,812123,NG871121,Beinn nan Caorach,beinn nan caorach,129,0,NG871121,7,Neither,Neither
Beinn Dàmh,Torridon,903,Beinn Dàmh,https://www.walkhighlands.co.uk/torridon/Beinndamh.shtml,5,6,12,980,FALSE,FALSE,FALSE,FALSE,FALSE,FALSE,FALSE,FALSE,FALSE,TRUE,FALSE,TRUE,1760,4.41,beinn damh,35,986,Beinn Damh,903,189262,850201,NG892502,Beinn Damh,beinn damh,175,0,NG892502,5.5,Neither,Neither
NA,NA,NA,NA,NA,NA,NA,NA,NA,NA,NA,NA,NA,NA,NA,NA,NA,NA,NA,NA,NA,NA,NA,NA,NA,742,Sgurr a'Choire-bheithe,913.3199999999999,189594,801597,NG895015,Sgùrr a' Choire-bheithe,sgurr a'choire-bheithe,130,Inf,NG895015,NA,Neither,Neither
Beinn Dearg,Torridon,914,Beinn Dearg from the Abhainn Coire Mhic Nobuil path,https://www.walkhighlands.co.uk/torridon/beinn-dearg-torridon.shtml,7,7.5,14,1014,TRUE,TRUE,FALSE,TRUE,TRUE,FALSE,FALSE,FALSE,FALSE,TRUE,FALSE,FALSE,884,4.77,beinn dearg,37,970,Beinn Dearg,913.7,189530,860820,NG895608,Beinn Dearg,beinn dearg,169,0.2999999999999545,NG895608,7.25,Neither,Neither
Beinn an Eoin,Torridon,855,Beinn an Eoin from the north,https://www.walkhighlands.co.uk/torridon/beinn-an-eoin.shtml,6,7,20,900,TRUE,FALSE,TRUE,TRUE,FALSE,FALSE,FALSE,FALSE,FALSE,TRUE,TRUE,TRUE,848,4.29,beinn an eoin,24,974,Beinn an Eoin,855,190511,864634,NG905646,Beinn an Eoin,beinn an eoin,173,0,NG905646,6.5,Neither,Neither
Sgùrr Mhic Bharraich,Kintail,779,Sgùrr Mhic Bharraich from Shiel Bridge,https://www.walkhighlands.co.uk/kintail/sgurr-mhic-bharraich.shtml,4.5,6.5,9.5,787,FALSE,FALSE,FALSE,TRUE,FALSE,FALSE,FALSE,FALSE,FALSE,TRUE,FALSE,FALSE,913,3.48,sgurr mhic bharraich,205,720,Sgurr Mhic Bharraich,779,191767,817364,NG917173,Sgurr Mhic Bharraich,sgurr mhic bharraich,128,0,NG917173,5.5,Neither,Neither
An Ruadh-stac,Torridon,892,"An Ruadh-stac, from Coulags",https://www.walkhighlands.co.uk/torridon/an-ruadh-stac.shtml,5.5,7,15,1060,TRUE,FALSE,FALSE,TRUE,TRUE,FALSE,FALSE,TRUE,FALSE,FALSE,FALSE,FALSE,1056,4.63,an ruadh-stac,4,988,An Ruadh-stac,892,192145,848064,NG921480,An Ruadh-stac,an ruadh-stac,177,0,NG921480,6.25,Neither,Neither
Sgùrr nan Eugallt,Fort William,898,Sgùrr nan Eugallt,https://www.walkhighlands.co.uk/fortwilliam/sgurr-nan-eugallt.shtml,4.5,5,9.5,786,FALSE,FALSE,FALSE,FALSE,FALSE,FALSE,FALSE,FALSE,FALSE,FALSE,FALSE,FALSE,569,4.15,sgurr nan eugallt,210,744,Sgurr nan Eugallt,898,192714,804866,NG927048,Sgurr nan Eugallt,sgurr nan eugallt,132,0,NG927048,4.75,Neither,Neither
Beinn Airigh Charr,Torridon,791,Beinn Airigh Charr from Poolewe,https://www.walkhighlands.co.uk/torridon/beinn-airigh-charr.shtml,7,8,22.25,984,FALSE,FALSE,FALSE,TRUE,TRUE,FALSE,FALSE,FALSE,FALSE,TRUE,FALSE,TRUE,731,4.43,beinn airigh charr,23,1030,Beinn Airigh Charr,792,193030,876184,NG930761,Beinn Airigh Charr,beinn airigh charr,187,1,NG930761,7.5,Neither,Neither
Sgùrr an Airgid,Kintail,841,Sgùrr an Airgid from Morvich,https://www.walkhighlands.co.uk/kintail/Sgurranairgid.shtml,4.5,6,10.5,932,FALSE,FALSE,FALSE,TRUE,FALSE,FALSE,FALSE,FALSE,FALSE,TRUE,FALSE,FALSE,1267,4.08,sgurr an airgid,195,853,Sgurr an Airgid,841,194045,822715,NG940227,Sgurr an Airgid,sgurr an airgid,151,0,NG940227,5.25,Neither,Neither
Buidhe Bheinn,Fort William,885,Buidhe Bheinn from Kinloch Hourn,https://www.walkhighlands.co.uk/fortwilliam/buidhe-bheinn.shtml,5.5,6,12,1070,FALSE,FALSE,FALSE,FALSE,FALSE,FALSE,FALSE,FALSE,FALSE,FALSE,FALSE,TRUE,515,4.2,buidhe bheinn,90,713,Buidhe Bheinn,885.5,196334,809056,NG963090,Buidhe Bheinn,buidhe bheinn,125,0.5,NG963090,5.75,Neither,Neither
Sgòrr nan Lochan Uaine,Torridon,871,Sgòrr nan Lochan Uaine and Sgùrr Dubh from Glen Torridon,https://www.walkhighlands.co.uk/torridon/sgorr-nan-lochan-uaine.shtml,7.5,9,14.25,985,FALSE,FALSE,FALSE,TRUE,FALSE,FALSE,FALSE,FALSE,FALSE,TRUE,FALSE,FALSE,778,3.84,sgorr nan lochan uaine,190,989,Sgorr nan Lochan Uaine,871,196909,853149,NG969531,Sgorr nan Lochan Uaine,sgorr nan lochan uaine,178,0,NG969531,8.25,Neither,Neither
Ruadh-stac Beag,Torridon,896,Ruadh-stac Beag from the Beinn Eighe visitor centre,https://www.walkhighlands.co.uk/torridon/ruadh-stac-beag.shtml,6.5,7.5,15.5,931,FALSE,FALSE,FALSE,FALSE,FALSE,FALSE,FALSE,FALSE,FALSE,TRUE,TRUE,FALSE,844,4.45,ruadh-stac beag,185,971,Ruadh-stac Beag,896,197276,861340,NG972613,Ruadh-stac Beag,ruadh-stac beag,170,0,NG972613,7,Neither,Neither
Fuar Tholl,Torridon,907,Fuar Tholl from Achnashellach,https://www.walkhighlands.co.uk/torridon/fuar-tholl.shtml,5.5,7,14.5,919,FALSE,FALSE,TRUE,FALSE,TRUE,FALSE,FALSE,FALSE,FALSE,FALSE,FALSE,FALSE,1260,4.55,fuar tholl,139,984,Fuar Tholl,907,197544,848948,NG975489,Fuar Tholl,fuar tholl,174,0,NG975489,6.25,Neither,Neither
NA,NA,NA,NA,NA,NA,NA,NA,NA,NA,NA,NA,NA,NA,NA,NA,NA,NA,NA,NA,NA,NA,NA,NA,NA,972,Meall a'Ghiubhais [Meall a'Ghiuthais],887,197606,863421,NG976634,Meall a' Ghiubhais,meall a'ghiubhais,171,Inf,NG976634,NA,Neither,Neither
Sguman Coinntich,Kintail,879,Sguman Coinntich and Faochaig from Killilan,https://www.walkhighlands.co.uk/kintail/sguman-coinntich.shtml,9,10,25,1198,TRUE,FALSE,FALSE,FALSE,FALSE,FALSE,FALSE,FALSE,FALSE,FALSE,TRUE,TRUE,576,4,sguman coinntich,191,941,Sguman Coinntich,879,197700,830360,NG977303,Sguman Coinntich,sguman coinntich,166,0,NG977303,9.5,Neither,Neither
Sgùrr Dubh,Torridon,782,Sgòrr nan Lochan Uaine and Sgùrr Dubh from Glen Torridon,https://www.walkhighlands.co.uk/torridon/sgorr-nan-lochan-uaine.shtml,7.5,9,14.25,985,FALSE,FALSE,FALSE,TRUE,FALSE,FALSE,FALSE,FALSE,FALSE,TRUE,FALSE,FALSE,808,4.09,sgurr dubh,201,991,Sgurr Dubh,782,197909,855791,NG979557,Sgurr Dubh,sgurr dubh,180,0,NG979557,8.25,Neither,Neither
Beinn Lair,Torridon,859,Beinn Lair from Poolewe,https://www.walkhighlands.co.uk/torridon/beinn-lair.shtml,13,14,40,1210,FALSE,FALSE,TRUE,TRUE,TRUE,FALSE,FALSE,FALSE,FALSE,TRUE,FALSE,TRUE,518,4.45,beinn lair,44,1026,Beinn Lair,859,198158,873278,NG981732,Beinn Lair,beinn lair,183,0,NG981732,13.5,Neither,Neither
NA,NA,NA,NA,NA,NA,NA,NA,NA,NA,NA,NA,NA,NA,NA,NA,NA,NA,NA,NA,NA,NA,NA,NA,NA,1027,Beinn a'Chaisgein Mor,856,198251,878554,NG982785,Beinn a' Chaisgein Mòr,beinn a'chaisgein mor,184,Inf,NG982785,NA,Neither,Neither
Beinn Dearg Bheag,Ullapool,820,Beinn Dearg Mòr and Beinn Dearg Bheag from Gruinard,https://www.walkhighlands.co.uk/ullapool/beinn-deargs-fisherfield.shtml,13,15,35.25,1450,TRUE,TRUE,FALSE,TRUE,TRUE,FALSE,FALSE,FALSE,FALSE,FALSE,FALSE,TRUE,562,4.33,beinn dearg bheag,38,1028,Beinn Dearg Bheag,820,201995,881134,NH019811,Beinn Dearg Bheag,beinn dearg bheag,185,0,NH019811,14,Neither,Neither
Faochaig,Kintail,868,Sguman Coinntich and Faochaig from Killilan,https://www.walkhighlands.co.uk/kintail/sguman-coinntich.shtml,9,10,25,1198,TRUE,FALSE,FALSE,FALSE,FALSE,FALSE,FALSE,FALSE,FALSE,FALSE,TRUE,TRUE,529,3.47,faochaig,133,942,Faochaig,868,202184,831717,NH021317,Faochaig,faochaig,167,0,NH021317,9.5,Neither,Neither
Beinn Dearg Mòr,Ullapool,910,Beinn Dearg Mòr and Beinn Dearg Bheag from Gruinard,https://www.walkhighlands.co.uk/ullapool/beinn-deargs-fisherfield.shtml,13,15,35.25,1450,TRUE,TRUE,FALSE,TRUE,TRUE,FALSE,FALSE,FALSE,FALSE,FALSE,FALSE,TRUE,624,4.61,beinn dearg mor,39,1025,Beinn Dearg Mor,906.2800000000001,203217,879939,NH032799,Beinn Dearg Mor,beinn dearg mor,182,3.7199999999999136,NH032799,14,Neither,Neither
Sail Mhòr,Ullapool,767,"Sail Mhòr, from Ardessie",https://www.walkhighlands.co.uk/ullapool/sail-mhor.shtml,5.5,6,12,825,FALSE,FALSE,TRUE,TRUE,FALSE,FALSE,FALSE,FALSE,FALSE,FALSE,FALSE,TRUE,1045,3.91,sail mhor,186,1031,Sail Mhor,767,203295,888706,NH032887,Sail Mhor,sail mhor,188,0,NH032887,5.75,Neither,Neither
Sgùrr Gaorsaic,Kintail,839,Sgùrr Gaorsaic from Morvich,https://www.walkhighlands.co.uk/kintail/sgurr-gaorsaic.shtml,7,9,20.5,1139,FALSE,FALSE,TRUE,TRUE,TRUE,FALSE,FALSE,FALSE,FALSE,FALSE,FALSE,FALSE,577,3.18,sgurr gaorsaic,202,854,Sgurr Gaorsaic,839,203588,821875,NH035218,Sgurr Gaorsaic,sgurr gaorsaic,152,0,NH035218,8,Neither,Neither
Beinn Dronaig,Torridon,797,Beinn Dronaig from Attadale,https://www.walkhighlands.co.uk/torridon/beinn-dronaig.shtml,14,14,32,1157,FALSE,FALSE,FALSE,FALSE,TRUE,FALSE,TRUE,TRUE,FALSE,TRUE,FALSE,TRUE,499,3,beinn dronaig,40,911,Beinn Dronaig,797,203707,838184,NH037381,Beinn Dronaig,beinn dronaig,164,0,NH037381,14,Neither,Neither
Beinn Tharsuinn,Torridon,863,Sgùrr na Feartaig and Beinn Tharsuinn from Achnashellach,https://www.walkhighlands.co.uk/torridon/sgurr-na-feartaig.shtml,7,8,22,1180,FALSE,FALSE,TRUE,TRUE,TRUE,FALSE,FALSE,FALSE,FALSE,TRUE,TRUE,TRUE,1054,3.72,beinn tharsuinn,69,904,Beinn Tharsuinn,863,205518,843351,NH055433,Beinn Tharsuinn,beinn tharsuinn,158,0,NH055433,7.5,Neither,Neither
Sgùrr na Feartaig,Torridon,862,Sgùrr na Feartaig and Beinn Tharsuinn from Achnashellach,https://www.walkhighlands.co.uk/torridon/sgurr-na-feartaig.shtml,7,8,22,1180,FALSE,FALSE,TRUE,TRUE,TRUE,FALSE,FALSE,FALSE,FALSE,TRUE,TRUE,TRUE,780,3.83,sgurr na feartaig,208,906,Sgurr na Feartaig,863,205514,845398,NH055453,Sgurr na Feartaig,sgurr na feartaig,160,1,NH055453,7.5,Neither,Neither
Aonach Buidhe,Kintail,899,Aonach Buidhe via Glen Elchaig,https://www.walkhighlands.co.uk/kintail/aonach-buidhe.shtml,9,10,33,965,FALSE,FALSE,FALSE,TRUE,TRUE,FALSE,FALSE,TRUE,FALSE,FALSE,FALSE,FALSE,477,3.62,aonach buidhe,7,940,Aonach Buidhe,899,205761,832465,NH057324,Aonach Buidhe,aonach buidhe,165,0,NH057324,9.5,Neither,Neither
NA,NA,NA,NA,NA,NA,NA,NA,NA,NA,NA,NA,NA,NA,NA,NA,NA,NA,NA,NA,NA,NA,NA,NA,NA,1024,Beinn a'Chlaidheimh,913.9599999999999,206135,877581,NH061775,Beinn a' Chlaidheimh,beinn a'chlaidheimh,181,Inf,NH061775,NA,Neither,Neither
Am Bathach,Kintail,798,Ciste Dhubh and Am Bathach from Cluanie,https://www.walkhighlands.co.uk/kintail/Cistedhubh.shtml,5,7,12.5,1040,FALSE,FALSE,FALSE,TRUE,FALSE,FALSE,FALSE,FALSE,FALSE,FALSE,FALSE,FALSE,2434,3.66,am bathach,2,855,Am Bathach,798,207335,814340,NH073143,Am Bathach,am bathach,153,0,NH073143,6,Neither,Neither
Sgùrr nan Ceannaichean,Torridon,913,Moruisg and Sgùrr nan Ceannaichean from Glen Carron,https://www.walkhighlands.co.uk/torridon/Moruisg.shtml,6,7,12,978,FALSE,FALSE,FALSE,TRUE,TRUE,FALSE,FALSE,FALSE,FALSE,FALSE,TRUE,TRUE,2402,3.71,sgurr nan ceannaichean,209,900,Sgurr nan Ceannaichean,913.43,208724,848063,NH087480,Sgurr nan Ceannaichean,sgurr nan ceannaichean,156,0.42999999999995,NH087480,6.5,Neither,Neither
Creag Rainich,Ullapool,807,Craig Rainich via Loch a'Bhraoin,https://www.walkhighlands.co.uk/ullapool/creag-rainich.shtml,6,7,17.5,620,FALSE,FALSE,FALSE,TRUE,FALSE,FALSE,FALSE,TRUE,FALSE,FALSE,FALSE,TRUE,742,3.94,creag rainich,124,1029,Creag Rainich,807,209600,875155,NH096751,Creag Rainich,creag rainich,186,0,NH096751,6.5,Neither,Neither
NA,NA,NA,NA,NA,NA,NA,NA,NA,NA,NA,NA,NA,NA,NA,NA,NA,NA,NA,NA,NA,NA,NA,NA,NA,719,Druim nan Cnamh [Beinn Loinne],789,213078,807694,NH130076,Beinn Loinne,druim nan cnamh,127,Inf,NH130076,NA,Neither,Neither
NA,NA,NA,NA,NA,NA,NA,NA,NA,NA,NA,NA,NA,NA,NA,NA,NA,NA,NA,NA,NA,NA,NA,NA,NA,876,Carn a'Choire Ghairbh,865,213685,818878,NH136188,Càrn a' Choire Ghairbh,carn a'choire ghairbh,155,Inf,NH136188,NA,Neither,Neither
An Sìdhean,Loch Ness,814,An Sìdhean from the Loch Monar dam,https://www.walkhighlands.co.uk/lochness/an-sidhean.shtml,6,7,17,892,FALSE,FALSE,FALSE,FALSE,FALSE,FALSE,FALSE,FALSE,FALSE,FALSE,FALSE,FALSE,545,3.3,an sidhean,5,910,An Sidhean,814,217103,845392,NH171453,An Sidhean,an sidhean,163,0,NH171453,6.5,Neither,Neither
Aonach Shasuinn,Loch Ness,888,"Càrn a' Choire Ghairbh and Aonach Shasuinn, Affric",https://www.walkhighlands.co.uk/lochness/affric-corbetts.shtml,9,10,24.5,1228,FALSE,FALSE,FALSE,TRUE,TRUE,FALSE,FALSE,FALSE,FALSE,TRUE,FALSE,FALSE,568,3.33,aonach shasuinn,8,875,Aonach Shasuinn,888,217322,818022,NH173180,Aonach Shasuinn,aonach shasuinn,154,0,NH173180,9.5,Neither,Neither
Bac an Eich,Loch Ness,849,Bac an Eich from Strathconon,https://www.walkhighlands.co.uk/lochness/bac-an-eich.shtml,6.5,7,20.5,738,FALSE,FALSE,TRUE,TRUE,TRUE,FALSE,FALSE,FALSE,FALSE,FALSE,FALSE,FALSE,699,3.8,bac an eich,12,907,Bac an Eich,849,222215,848950,NH222489,Bac an Eich,bac an eich,161,0,NH222489,6.75,Neither,Neither
Beinn Enaiglair,Ullapool,890,Beinn Enaglair circuit from Braemore Junction,https://www.walkhighlands.co.uk/ullapool/beinn-enaiglair.shtml,5,6,15.5,754,FALSE,FALSE,FALSE,TRUE,TRUE,FALSE,FALSE,FALSE,FALSE,TRUE,TRUE,TRUE,1147,3.71,beinn enaiglair,42,1073,Beinn Enaiglair,890,222500,880525,NH225805,Beinn Enaiglair,beinn enaiglair,190,0,NH225805,5.5,Neither,Neither
Meall Dubh,Fort William,788,Meall Dubh from Glen Moriston,https://www.walkhighlands.co.uk/lochness/meall-dubh.shtml,4,5,11,670,FALSE,FALSE,FALSE,TRUE,FALSE,FALSE,FALSE,FALSE,FALSE,FALSE,FALSE,FALSE,782,2.9,meall dubh,163,767,Meall Dubh,789,224534,807847,NH245078,Meall Dubh,meall dubh,143,1,NH245078,4.5,Neither,Neither
Meallan nan Uan,Loch Ness,838,Sgùrr a'Mhuilinn and Meallan nan Uan from Strathconon,https://www.walkhighlands.co.uk/lochness/sgurr-a-mhuilinn.shtml,5,7,13,1085,FALSE,FALSE,FALSE,TRUE,FALSE,FALSE,FALSE,FALSE,FALSE,FALSE,TRUE,TRUE,972,3.88,meallan nan uan,175,909,Meallan nan Uan,838,226372,854472,NH263544,Meallan nan Uan,meallan nan uan,162,0,NH263544,6,Neither,Neither
NA,NA,NA,NA,NA,NA,NA,NA,NA,NA,NA,NA,NA,NA,NA,NA,NA,NA,NA,NA,NA,NA,NA,NA,NA,903,Sgurr a'Mhuilinn,879,226466,855747,NH264557,Sgùrr a' Mhuilinn,sgurr a'mhuilinn,157,Inf,NH264557,NA,Neither,Neither
NA,NA,NA,NA,NA,NA,NA,NA,NA,NA,NA,NA,NA,NA,NA,NA,NA,NA,NA,NA,NA,NA,NA,NA,NA,1054,Beinn Liath Mhor a'Ghiubhais Li [Beinn Liath Mhor a'Ghiuthais],766,228083,871315,NH280713,Beinn Liath Mhòr a' Ghiubhais Li,beinn liath mhor a'ghiubhais li,189,Inf,NH280713,NA,Neither,Neither
Sgòrr na Diollaid,Loch Ness,818,Sgòrr na Diollaid from Glen Cannich,https://www.walkhighlands.co.uk/lochness/sgorr-na-diollaid.shtml,4,5,7,654,TRUE,FALSE,FALSE,TRUE,TRUE,FALSE,FALSE,FALSE,FALSE,FALSE,FALSE,FALSE,1056,3.78,sgorr na diollaid,189,943,Sgorr na Diollaid,818,228178,836262,NH281362,Sgorr na Diollaid,sgorr na diollaid,168,0,NH281362,4.5,Neither,Neither
Càrn Bàn,Ullapool,842,Càrn Ban via Alladale,https://www.walkhighlands.co.uk/sutherland/carn-ban-alladale.shtml,11,12,38.5,935,FALSE,FALSE,FALSE,TRUE,TRUE,FALSE,FALSE,FALSE,FALSE,FALSE,FALSE,TRUE,552,2.75,carn ban,99,1074,Carn Ban,842,233849,887583,NH338875,Carn Ban,carn ban,191,0,NH338875,11.5,Neither,Neither
NA,NA,NA,NA,NA,NA,NA,NA,NA,NA,NA,NA,NA,NA,NA,NA,NA,NA,NA,NA,NA,NA,NA,NA,NA,905,Beinn a'Bha'ach Ard [Beinn a'Bhathaich Ard],862,236059,843484,NH360434,Beinn a' Bha'ach Ard,beinn a'bha'ach ard,159,Inf,NH360434,NA,Neither,Neither
NA,NA,NA,NA,NA,NA,NA,NA,NA,NA,NA,NA,NA,NA,NA,NA,NA,NA,NA,NA,NA,NA,NA,NA,NA,1096,Beinn a'Chaisteil,787,236996,880112,NH369801,Beinn a' Chaisteil (Strath Vaich),beinn a'chaisteil,193,Inf,NH369801,NA,Neither,Neither
NA,NA,NA,NA,NA,NA,NA,NA,NA,NA,NA,NA,NA,NA,NA,NA,NA,NA,NA,NA,NA,NA,NA,NA,NA,638,Carn a'Chuilinn,817,241673,803403,NH416034,Càrn a' Chuilinn,carn a'chuilinn,104,Inf,NH416034,NA,Neither,Neither
Little Wyvis,Loch Ness,764,Little Wyvis ascent,https://www.walkhighlands.co.uk/lochness/little-wyvis.shtml,3,4,10,NA,FALSE,FALSE,FALSE,TRUE,FALSE,FALSE,FALSE,FALSE,FALSE,TRUE,FALSE,TRUE,1811,3.1,little wyvis,154,1097,Little Wyvis,763,242960,864480,NH429644,Little Wyvis,little wyvis,194,1,NH429644,3.5,Neither,Neither
Càrn Chuinneag,Sutherland,839,"Càrn Chuinneag, from Glencalvie Lodge",https://www.walkhighlands.co.uk/sutherland/carn-chuinneag.shtml,5.5,6.5,18.5,769,FALSE,FALSE,FALSE,FALSE,TRUE,FALSE,FALSE,FALSE,FALSE,FALSE,FALSE,TRUE,870,4,carn chuinneag,100,1095,Carn Chuinneag,839,248360,883334,NH483833,Carn Chuinneag,carn chuinneag,192,0,NH483833,6,Neither,Neither
Meall na h-Aisre,Cairngorms,862,Meall na h-Aisre from Garva Bridge,https://www.walkhighlands.co.uk/cairngorms/meall-na-h-aisre.shtml,4.5,5,13,611,FALSE,FALSE,FALSE,TRUE,FALSE,FALSE,FALSE,FALSE,FALSE,FALSE,FALSE,FALSE,786,2.67,meall na h-aisre,167,634,Meall na h-Aisre,862,251528,800046,NH515000,Meall na h-Aisre,meall na h-aisre,101,0,NH515000,4.75,Neither,Neither
Càrn na Saobhaidhe,Loch Ness,811,Càrn na Saobhaide via Dunmaglass,https://www.walkhighlands.co.uk/lochness/carn-na-saobhaidhe.shtml,7,7.5,26.5,647,FALSE,FALSE,FALSE,FALSE,FALSE,FALSE,FALSE,FALSE,FALSE,FALSE,FALSE,FALSE,684,2.5,carn na saobhaidhe,110,639,Carn na Saobhaidhe,811,259896,814408,NH598144,Carn na Saobhaidhe,carn na saobhaidhe,105,0,NH598144,7.25,Neither,Neither
Càrn an Fhreiceadain,Cairngorms,878,Càrn an Fhreiceadain from Kingussie,https://www.walkhighlands.co.uk/cairngorms/carn-an-fhreiceadain.shtml,4,5,18,682,FALSE,FALSE,FALSE,FALSE,TRUE,FALSE,FALSE,TRUE,FALSE,TRUE,FALSE,TRUE,1630,3.16,carn an fhreiceadain,98,633,Carn an Fhreiceadain,878,272561,807134,NH725071,Carn an Fhreiceadain,carn an fhreiceadain,100,0,NH725071,4.5,Neither,Neither
Geal-charn Mòr,Cairngorms,824,Geal Charn Mòr from Lynwilg near Aviemore,https://www.walkhighlands.co.uk/cairngorms/geal-charn-mor.shtml,3,4.5,12.5,608,FALSE,FALSE,FALSE,TRUE,TRUE,FALSE,FALSE,FALSE,FALSE,FALSE,TRUE,TRUE,2256,3.18,geal-charn mor,146,636,Geal-charn Mor,824,283636,812330,NH836123,Geal-charn Mor,geal-charn mor,102,0,NH836123,3.75,Neither,Neither
NA,NA,NA,NA,NA,NA,NA,NA,NA,NA,NA,NA,NA,NA,NA,NA,NA,NA,NA,NA,NA,NA,NA,NA,NA,601,Meall a'Bhuachaille,810,299086,811544,NH990115,Meall a' Bhuachaille,meall a'bhuachaille,87,Inf,NH990115,NA,Neither,Neither
Creag Mhòr,Cairngorms,895,Creag Mhòr and Loch Avon from Glenmore,https://www.walkhighlands.co.uk/cairngorms/creag-mhor.shtml,8,10,32,868,FALSE,FALSE,FALSE,TRUE,TRUE,FALSE,FALSE,FALSE,FALSE,TRUE,FALSE,TRUE,1045,3.67,creag mhor,122,594,Creag Mhor,895,305746,804781,NJ057047,Creag Mhor,creag mhor,89,0,NJ057047,9,Neither,Neither
Geal Charn,Cairngorms,821,Geal Charn from Dorback Lodge,https://www.walkhighlands.co.uk/cairngorms/geal-charn-dorback.shtml,3.5,4,13.25,524,FALSE,FALSE,FALSE,TRUE,TRUE,FALSE,FALSE,FALSE,FALSE,FALSE,FALSE,FALSE,1132,2.96,geal charn,145,598,Geal Charn,821,309051,812699,NJ090126,Geal Charn,geal charn,92,0,NJ090126,3.75,Neither,Neither
Brown Cow Hill,Cairngorms,829,Brown Cow Hill circular from Cock Bridge,https://www.walkhighlands.co.uk/cairngorms/brown-cow-hill.shtml,5.5,6.5,18,575,FALSE,FALSE,FALSE,TRUE,TRUE,FALSE,FALSE,TRUE,FALSE,TRUE,FALSE,FALSE,1257,2.33,brown cow hill,89,597,Brown Cow Hill,829,322105,804455,NJ221044,Brown Cow Hill,brown cow hill,91,0,NJ221044,6,Neither,Neither
Càrn Ealasaid,Cairngorms,792,Càrn Ealasaid from the north,https://www.walkhighlands.co.uk/cairngorms/carn-ealasaid.shtml,3,3.5,10.25,472,FALSE,FALSE,FALSE,TRUE,FALSE,FALSE,FALSE,FALSE,FALSE,FALSE,FALSE,FALSE,1324,2.59,carn ealasaid,105,602,Carn Ealasaid,792,322769,811776,NJ227117,Carn Ealasaid,carn ealasaid,94,0,NJ227117,3.25,Neither,Neither
Ben Rinnes,Moray,840,Ben Rinnes via the east ridge,https://www.walkhighlands.co.uk/moray/ben-rinnes.shtml,3,4,7.5,541,FALSE,FALSE,FALSE,FALSE,FALSE,FALSE,FALSE,FALSE,FALSE,FALSE,FALSE,FALSE,4186,3.71,ben rinnes,78,1489,Ben Rinnes,841,325499,835447,NJ254354,Ben Rinnes,ben rinnes,96,1,NJ254354,3.5,Neither,Neither
Càrn Mòr,Cairngorms,804,Càrn Mòr and the Ladder Hills from Glenlivet,https://www.walkhighlands.co.uk/cairngorms/ladder-hills.shtml,4,5,14.5,519,FALSE,FALSE,FALSE,TRUE,FALSE,FALSE,FALSE,FALSE,FALSE,TRUE,FALSE,TRUE,1340,2.95,carn mor,107,1490,Carn Mor,804,326576,818346,NJ265183,Carn Mor,carn mor,97,0,NJ265183,4.5,Neither,Neither
Corryhabbie Hill,Moray,781,Corryhabbie Hill from Glen Rinnes,https://www.walkhighlands.co.uk/moray/corryhabbie-hill.shtml,4,5,12.75,525,FALSE,FALSE,TRUE,TRUE,FALSE,FALSE,FALSE,FALSE,FALSE,FALSE,TRUE,FALSE,1472,2.82,corryhabbie hill,115,1491,Corryhabbie Hill,781,328093,828869,NJ280288,Corryhabbie Hill,corryhabbie hill,98,0,NJ280288,4.5,Neither,Neither
Morven,Cairngorms,872,Morven from the east,https://www.walkhighlands.co.uk/aberdeenshire/morven.shtml,3.5,4.5,8.75,655,FALSE,FALSE,FALSE,TRUE,FALSE,FALSE,FALSE,FALSE,FALSE,FALSE,FALSE,TRUE,2674,3.4,morven,179,1488,Morven,871,337681,803996,NJ376039,Morven,morven,95,1,NJ376039,4,Neither,Neither
Ainshval,Isle of Rum,781,Rum Cuillin traverse,https://www.walkhighlands.co.uk/islands/rum-cuillin.shtml,12,14,21,1902,TRUE,TRUE,TRUE,TRUE,TRUE,TRUE,FALSE,TRUE,FALSE,FALSE,FALSE,TRUE,983,4.58,ainshval,1,1293,Ainshval,781,137841,794333,NM378943,Ainshval,ainshval,215,0,NM378943,13,Neither,Neither
Askival,Isle of Rum,812,Rum Cuillin traverse,https://www.walkhighlands.co.uk/islands/rum-cuillin.shtml,12,14,21,1902,TRUE,TRUE,TRUE,TRUE,TRUE,TRUE,FALSE,TRUE,FALSE,FALSE,FALSE,TRUE,1203,4.73,askival,10,1292,Askival,812,139310,795223,NM393952,Askival,askival,214,0,NM393952,13,Neither,Neither
Dùn da Ghaoithe,Isle of Mull,766,Dùn da Ghaoithe via the masts,https://www.walkhighlands.co.uk/mull/dun-da-ghaoithe.shtml,4,5,15,843,FALSE,FALSE,FALSE,FALSE,FALSE,FALSE,FALSE,FALSE,FALSE,FALSE,FALSE,TRUE,1035,4.11,dun da ghaoithe,132,1302,Dun da Ghaoithe,766,167247,736218,NM672362,Dun da Ghaoithe,dun da ghaoithe,216,0,NM672362,4.5,Neither,Neither
Rois-Bheinn,Fort William,882,Rois-bheinn round from Inverailort,https://www.walkhighlands.co.uk/fortwilliam/rois-bheinn.shtml,9,10,19,1649,TRUE,FALSE,FALSE,TRUE,FALSE,FALSE,FALSE,FALSE,FALSE,FALSE,FALSE,TRUE,943,4.13,rois-bheinn,184,1334,Rois-Bheinn,882,175602,777838,NM756778,Rois-Bheinn,rois-bheinn,110,0,NM756778,9.5,Neither,Neither
An Stac,Fort William,814,Rois-bheinn round from Inverailort,https://www.walkhighlands.co.uk/fortwilliam/rois-bheinn.shtml,9,10,19,1649,TRUE,FALSE,FALSE,TRUE,FALSE,FALSE,FALSE,FALSE,FALSE,FALSE,FALSE,TRUE,884,4.26,an stac,6,1336,An Stac,814,176285,779280,NM762792,An Stac,an stac,112,0,NM762792,9.5,Neither,Neither
Beinn Resipol,Fort William,845,Beinn Resipol from Resipole campsite,https://www.walkhighlands.co.uk/fortwilliam/benresipol.shtml,5,6,11.5,827,TRUE,FALSE,FALSE,TRUE,FALSE,FALSE,FALSE,FALSE,FALSE,FALSE,FALSE,TRUE,1145,4.1,beinn resipol,65,1352,Beinn Resipol,845,176642,765464,NM766654,Beinn Resipol,beinn resipol,117,0,NM766654,5.5,Neither,Neither
Sgùrr na Ba Glaise,Fort William,874,Rois-bheinn round from Inverailort,https://www.walkhighlands.co.uk/fortwilliam/rois-bheinn.shtml,9,10,19,1649,TRUE,FALSE,FALSE,TRUE,FALSE,FALSE,FALSE,FALSE,FALSE,FALSE,FALSE,TRUE,854,3.92,sgurr na ba glaise,207,1335,Sgurr na Ba Glaise,874,177016,777754,NM770777,Sgurr na Ba Glaise,sgurr na ba glaise,111,0,NM770777,9.5,Neither,Neither
Beinn Bhuidhe,Fort William,855,Beinn Bhuidhe from Inverie,https://www.walkhighlands.co.uk/fortwilliam/beinn-bhuidhe-knoydart.shtml,7,9,19.5,1120,TRUE,FALSE,FALSE,TRUE,TRUE,FALSE,FALSE,TRUE,TRUE,FALSE,TRUE,TRUE,587,4.4,beinn bhuidhe,32,749,Beinn Bhuidhe,855,182176,796727,NM821967,Beinn Bhuidhe,beinn bhuidhe,136,0,NM821967,8,Neither,Neither
Beinn Mhic Cedidh,Fort William,783,Beinn Odhar Bheag and Beinn Mhic Cedidh,https://www.walkhighlands.co.uk/fortwilliam/beinn-odhar-bheag.shtml,6,7,14,1282,FALSE,FALSE,FALSE,TRUE,TRUE,FALSE,FALSE,FALSE,FALSE,FALSE,FALSE,FALSE,666,3.53,beinn mhic cedidh,51,1337,Beinn Mhic Cedidh,783,182829,778819,NM828788,Beinn Mhic Cedidh,beinn mhic cedidh,113,0,NM828788,6.5,Neither,Neither
Beinn Odhar Bheag,Fort William,882,Beinn Odhar Bheag and Beinn Mhic Cedidh,https://www.walkhighlands.co.uk/fortwilliam/beinn-odhar-bheag.shtml,6,7,14,1282,FALSE,FALSE,FALSE,TRUE,TRUE,FALSE,FALSE,FALSE,FALSE,FALSE,FALSE,FALSE,697,3.85,beinn odhar bheag,63,1333,Beinn Odhar Bheag,882,184654,777873,NM846778,Beinn Odhar Bheag,beinn odhar bheag,109,0,NM846778,6.5,Neither,Neither
Fuar Bheinn,Fort William,766,Creach Bheinn and Fuar Bheinn via the Glengalmadale Horseshoe,https://www.walkhighlands.co.uk/fortwilliam/creach-bheinn.shtml,7,9,16,1428,FALSE,FALSE,FALSE,TRUE,FALSE,FALSE,FALSE,FALSE,FALSE,TRUE,FALSE,FALSE,705,3.2,fuar bheinn,138,1374,Fuar Bheinn,766,185343,756342,NM853563,Fuar Bheinn,fuar bheinn,124,0,NM853563,8,Neither,Neither
Creach Bheinn,Fort William,853,Creach Bheinn and Fuar Bheinn via the Glengalmadale Horseshoe,https://www.walkhighlands.co.uk/fortwilliam/creach-bheinn.shtml,7,9,16,1428,FALSE,FALSE,FALSE,TRUE,FALSE,FALSE,FALSE,FALSE,FALSE,TRUE,FALSE,FALSE,704,3.87,creach bheinn,119,1373,Creach Bheinn,853,187060,757648,NM870576,Creach Bheinn,creach bheinn,123,0,NM870576,8,Neither,Neither
Druim Tarsuinn,Fort William,770,"The Sgùrr Ghiubhsachain round, from Callop",https://www.walkhighlands.co.uk/fortwilliam/sgurr-ghiubhsachain.shtml,9,11,21.75,1454,FALSE,FALSE,TRUE,TRUE,TRUE,FALSE,FALSE,FALSE,FALSE,TRUE,TRUE,TRUE,545,3.29,druim tarsuinn,131,1357,Druim Tarsuinn [Stob a'Bhealach an Sgriodain],770,187465,772742,NM874727,Druim Tarsuinn [Stob a'Bhealach an Sgriodain],druim tarsuinn,121,0,NM874727,10,Neither,Neither
Sgùrr Ghiubhsachain,Fort William,849,Sgùrr Ghiubhsachain and Sgòrr Craobh a' Chaorainn from Callop,https://www.walkhighlands.co.uk/fortwilliam/sgurr-ghiubhsachain.shtml,9,11,21.75,1454,FALSE,FALSE,TRUE,TRUE,TRUE,FALSE,FALSE,FALSE,FALSE,TRUE,TRUE,TRUE,703,4.39,sgurr ghiubhsachain,203,1351,Sgurr Ghiubhsachain,849,187560,775128,NM875751,Sgurr Ghiubhsachain,sgurr ghiubhsachain,116,0,NM875751,10,Neither,Neither
Sgùrr an Utha,Fort William,796,Sgùrr an Utha from Drochaid Allt an Utha,https://www.walkhighlands.co.uk/fortwilliam/sgurr-an-utha.shtml,4,6,9,757,FALSE,FALSE,FALSE,TRUE,FALSE,FALSE,FALSE,FALSE,FALSE,FALSE,FALSE,FALSE,894,3.75,sgurr an utha,197,782,Sgurr an Utha,796,188502,783974,NM885839,Sgurr an Utha,sgurr an utha,147,0,NM885839,5,Neither,Neither
Càrn na Nathrach,Fort William,786,Càrn na Nathrach from Glen Hurich,https://www.walkhighlands.co.uk/fortwilliam/carn-na-nathrach.shtml,6,7,17.25,886,TRUE,FALSE,FALSE,TRUE,TRUE,FALSE,FALSE,FALSE,FALSE,FALSE,TRUE,FALSE,514,3.73,carn na nathrach,109,1354,Carn na Nathrach,786,188628,769883,NM886698,Carn na Nathrach,carn na nathrach,118,0,NM886698,6.5,Neither,Neither
Sgùrr Dhomhnuill,Fort William,888,Sgùrr Dhomhnuill via the Ariundle Oakwoods,https://www.walkhighlands.co.uk/fortwilliam/sgurr-dhomhnuill.shtml,7,8.5,17.75,913,TRUE,FALSE,TRUE,TRUE,FALSE,FALSE,FALSE,FALSE,FALSE,TRUE,FALSE,TRUE,684,4.11,sgurr dhomhnuill,200,1349,Sgurr Dhomhnuill,888,188954,767888,NM889678,Sgurr Dhomhnuill,sgurr dhomhnuill,114,0,NM889678,7.75,Neither,Neither
NA,NA,NA,NA,NA,NA,NA,NA,NA,NA,NA,NA,NA,NA,NA,NA,NA,NA,NA,NA,NA,NA,NA,NA,NA,779,Bidein a'Chabair,867,188903,793060,NM889930,Bidein a' Chabair,bidein a'chabair,145,Inf,NM889930,NA,Neither,Neither
NA,NA,NA,NA,NA,NA,NA,NA,NA,NA,NA,NA,NA,NA,NA,NA,NA,NA,NA,NA,NA,NA,NA,NA,NA,1355,Sgorr Craobh a'Chaorainn,775,189553,775795,NM895757,Sgòrr Craobh a' Chaorainn,sgorr craobh a'chaorainn,119,Inf,NM895757,NA,Neither,Neither
Ben Aden,Fort William,887,Ben Aden via Loch Cuaich (Quoich),https://www.walkhighlands.co.uk/fortwilliam/ben-aden.shtml,11,13,26.75,950,TRUE,FALSE,TRUE,TRUE,TRUE,FALSE,FALSE,FALSE,FALSE,FALSE,FALSE,FALSE,447,4.54,ben aden,72,747,Ben Aden [Beinn an Aodainn],887,189939,798626,NM899986,Ben Aden [Beinn an Aodainn],ben aden,133,0,NM899986,12,Neither,Neither
Càrn Mòr,Fort William,829,Càrn Mòr from the head of Loch Arkaig,https://www.walkhighlands.co.uk/fortwilliam/carn-mor.shtml,6.5,7.5,21,1015,FALSE,FALSE,FALSE,TRUE,TRUE,FALSE,FALSE,TRUE,FALSE,FALSE,FALSE,TRUE,440,3.61,carn mor,106,780,Carn Mor,829,190305,790943,NM903909,Carn Mor,carn mor,146,0,NM903909,7,Neither,Neither
Garbh Bheinn,Fort William,885,Garbh Bheinn via the southeast ridge,https://www.walkhighlands.co.uk/fortwilliam/garbh-bheinn-ardgour.shtml,5,6,8,978,TRUE,FALSE,FALSE,TRUE,FALSE,FALSE,FALSE,FALSE,FALSE,FALSE,FALSE,FALSE,1249,4.37,garbh bheinn,141,1350,Garbh Bheinn,885,190433,762214,NM904622,Garbh Bheinn,garbh bheinn,115,0,NM904622,5.5,Neither,Neither
Beinn na h-Uamha,Fort William,762,Beinn na h-Uamha via Glen Gour,https://www.walkhighlands.co.uk/fortwilliam/beinn-na-h-uamha.shtml,7,8,16,835,FALSE,FALSE,TRUE,TRUE,TRUE,FALSE,FALSE,FALSE,FALSE,FALSE,FALSE,FALSE,511,3.6,beinn na h-uamha,57,1358,Beinn na h-Uamha,762.4,191715,766424,NM917664,Beinn na h-Uamha,beinn na h-uamha,122,0.39999999999997726,NM917664,7.5,Neither,Neither
Streap,Fort William,909,Streap via Gleann Dubh Lighe,https://www.walkhighlands.co.uk/fortwilliam/streap.shtml,8,9,18.5,1197,FALSE,FALSE,TRUE,TRUE,TRUE,TRUE,FALSE,TRUE,FALSE,TRUE,FALSE,TRUE,794,4.28,streap,217,777,Streap,909,194660,786376,NM946863,Streap,streap,144,0,NM946863,8.5,Neither,Neither
Sgùrr Cos na Breachd-laoidh,Fort William,835,Sgùrr Cos na Breachd-laoidh from Loch Arkaig,https://www.walkhighlands.co.uk/fortwilliam/sgurr-cos-na-breachd-laoidh.shtml,6,7,13,861,FALSE,FALSE,FALSE,FALSE,TRUE,FALSE,FALSE,FALSE,FALSE,TRUE,FALSE,FALSE,617,3.65,sgurr cos na breachd-laoidh,199,751,Sgurr Cos na Breachd-laoidh,835,194799,794668,NM947946,Sgurr Cos na Breachd-laoidh,sgurr cos na breachd-laoidh,137,0,NM947946,6.5,Neither,Neither
Braigh nan Uamhachan,Fort William,765,Braigh nan Uamhachan via Gleann Dubh Lighe,https://www.walkhighlands.co.uk/fortwilliam/braigh-nan-uamhachan.shtml,7,8,18.75,1038,FALSE,FALSE,FALSE,FALSE,FALSE,FALSE,FALSE,TRUE,FALSE,TRUE,FALSE,TRUE,648,3.47,braigh nan uamhachan,86,785,Braigh nan Uamhachan,765,197532,786667,NM975866,Braigh nan Uamhachan,braigh nan uamhachan,150,0,NM975866,7.5,Neither,Neither
Fraoch Bheinn,Fort William,858,Sgùrr Mhurlagain and Fraoch Bheinn,https://www.walkhighlands.co.uk/fortwilliam/sgurr-mhurlagain.shtml,6.5,8,15,1243,FALSE,FALSE,FALSE,TRUE,FALSE,FALSE,FALSE,FALSE,FALSE,TRUE,FALSE,FALSE,585,3.61,fraoch bheinn,136,748,Fraoch Bheinn,858,198608,794041,NM986940,Fraoch Bheinn,fraoch bheinn,135,0,NM986940,7.25,Neither,Neither
Sgùrr an Fhuarain,Fort William,901,Sgùrr Mòr and Sgùrr an Fhuarain from Loch Arkaig,https://www.walkhighlands.co.uk/fortwilliam/sgurr-mor.shtml,9,11,24,1510,FALSE,FALSE,TRUE,TRUE,TRUE,FALSE,FALSE,FALSE,FALSE,TRUE,FALSE,FALSE,1232,3.73,sgurr an fhuarain,196,743,Sgurr an Fhuarain,901,198740,797981,NM987979,Sgurr an Fhuarain,sgurr an fhuarain,131,0,NM987979,10,Neither,Neither
Sgùrr Mhurlagain,Fort William,880,Sgùrr Mhurlagain and Fraoch Bheinn,https://www.walkhighlands.co.uk/fortwilliam/sgurr-mhurlagain.shtml,6.5,8,15,1243,FALSE,FALSE,FALSE,TRUE,FALSE,FALSE,FALSE,FALSE,FALSE,TRUE,FALSE,FALSE,581,3.13,sgurr mhurlagain,206,763,Sgurr Mhurlagain,880,201259,794469,NN012944,Sgurr Mhurlagain,sgurr mhurlagain,134,0,NN012944,7.25,Neither,Neither
NA,NA,NA,NA,NA,NA,NA,NA,NA,NA,NA,NA,NA,NA,NA,NA,NA,NA,NA,NA,NA,NA,NA,NA,NA,1356,Stob Coire a'Chearcaill,771,201687,772682,NN016726,Stob Coire a' Chearcaill,stob coire a'chearcaill,120,Inf,NN016726,NA,Neither,Neither
Creach Bheinn,Argyll,810,"Creach Bheinn from Druimavuic, Loch Creran",https://www.walkhighlands.co.uk/argyll/creach-bheinn.shtml,5,6,14.25,899,FALSE,FALSE,TRUE,FALSE,TRUE,FALSE,FALSE,FALSE,FALSE,FALSE,FALSE,FALSE,851,3.63,creach bheinn,118,214,Creach Bheinn,810,202374,742240,NN023422,Creach Bheinn,creach bheinn,50,0,NN023422,5.5,Neither,Neither
Fraochaidh,Fort William,879,Fraochaidh from Ballachulish,https://www.walkhighlands.co.uk/fortwilliam/fraochaidh.shtml,7,8,21,1113,FALSE,FALSE,FALSE,TRUE,TRUE,FALSE,TRUE,FALSE,FALSE,TRUE,FALSE,FALSE,731,3.65,fraochaidh,137,212,Fraochaidh,879,202904,751712,NN029517,Fraochaidh,fraochaidh,48,0,NN029517,7.5,Neither,Neither
NA,NA,NA,NA,NA,NA,NA,NA,NA,NA,NA,NA,NA,NA,NA,NA,NA,NA,NA,NA,NA,NA,NA,NA,NA,784,Meall a'Phubuill,774,202938,785419,NN029854,Meall a' Phùbuill,meall a'phubuill,149,Inf,NN029854,NA,Neither,Neither
Beinn Trilleachan,Fort William,839,Beinn Trilleachan from the head of Loch Etive,https://www.walkhighlands.co.uk/fortwilliam/beinn-trilleachan.shtml,6,7,8.75,1000,FALSE,FALSE,FALSE,TRUE,FALSE,FALSE,FALSE,FALSE,FALSE,TRUE,FALSE,TRUE,797,3.94,beinn trilleachan,70,213,Beinn Trilleachan,840,208646,743900,NN086439,Beinn Trilleachan,beinn trilleachan,49,1,NN086439,6.5,Neither,Neither
NA,NA,NA,NA,NA,NA,NA,NA,NA,NA,NA,NA,NA,NA,NA,NA,NA,NA,NA,NA,NA,NA,NA,NA,NA,262,Beinn a'Bhuiridh,897,209424,728362,NN094283,Beinn a' Bhuiridh,beinn a'bhuiridh,52,Inf,NN094283,NA,Neither,Neither
Meall Lighiche,Fort William,772,Meall Ligiche and Sgòr na h-Ulaidh from Glencoe,https://www.walkhighlands.co.uk/fortwilliam/sgornaulaidh.shtml,7,9,15.5,1292,FALSE,FALSE,TRUE,TRUE,TRUE,FALSE,FALSE,FALSE,FALSE,TRUE,FALSE,FALSE,1430,3.32,meall lighiche,165,215,Meall Lighiche,772,209478,752835,NN094528,Meall Lighiche,meall lighiche,51,0,NN094528,8,Neither,Neither
Mam na Gualainn,Fort William,796,Mam na Gualainn and Beinn na Caillich from Mamore Lodge,https://www.walkhighlands.co.uk/fortwilliam/mam-na-gualainn.shtml,7,8,19.5,1084,FALSE,FALSE,TRUE,TRUE,FALSE,FALSE,FALSE,FALSE,FALSE,TRUE,TRUE,FALSE,1236,3.83,mam na gualainn,155,330,Mam na Gualainn,796,211507,762548,NN115625,Mam na Gualainn,mam na gualainn,61,0,NN115625,7.5,Neither,Neither
Beinn Maol Chaluim,Fort William,907,Beinn Maol Chaluim from Glen Etive,https://www.walkhighlands.co.uk/fortwilliam/beinn-maol-chaluim.shtml,5,6,8,844,FALSE,FALSE,FALSE,FALSE,FALSE,FALSE,FALSE,FALSE,FALSE,FALSE,FALSE,FALSE,748,3.86,beinn maol chaluim,49,211,Beinn Maol Chaluim,907,213494,752585,NN134525,Beinn Maol Chaluim,beinn maol chaluim,47,0,NN134525,5.5,Neither,Neither
Beinn Bhan,Fort William,796,Beinn Bhan from Glen Loy,https://www.walkhighlands.co.uk/fortwilliam/beinn-bhan.shtml,4,5,8.5,771,FALSE,FALSE,FALSE,TRUE,FALSE,FALSE,FALSE,TRUE,FALSE,FALSE,FALSE,TRUE,1032,3.16,beinn bhan,28,783,Beinn Bhan,796,214060,785714,NN140857,Beinn Bhan,beinn bhan,148,0,NN140857,4.5,Neither,Neither
Geal Charn,Fort William,804,Meall na h-Eilde and Geal Charn from Loch Arkaig,https://www.walkhighlands.co.uk/fortwilliam/meall-na-h-eilde.shtml,6.5,7,17,1017,FALSE,FALSE,FALSE,TRUE,FALSE,FALSE,FALSE,FALSE,FALSE,FALSE,FALSE,FALSE,731,2.94,geal charn,144,766,Geal Charn,804,215618,794267,NN156942,Geal Charn,geal charn,142,0,NN156942,6.75,Neither,Neither
Stob Dubh,Fort William,883,"Stob Dubh via the northeast ridge, from Glen Etive",https://www.walkhighlands.co.uk/fortwilliam/stob-dubh.shtml,7.5,8,11.5,1005,TRUE,FALSE,FALSE,FALSE,TRUE,FALSE,FALSE,FALSE,FALSE,FALSE,FALSE,FALSE,707,4.23,stob dubh,216,263,Stob Dubh,883,216638,748831,NN166488,Stob Dubh,stob dubh,53,0,NN166488,7.75,Neither,Neither
Garbh Bheinn,Fort William,867,Garbh Bheinn from Loch Leven,https://www.walkhighlands.co.uk/fortwilliam/garbh-bheinn-loch-leven.shtml,4.5,6,6,865,TRUE,FALSE,FALSE,TRUE,FALSE,FALSE,FALSE,FALSE,FALSE,FALSE,FALSE,FALSE,1153,3.9,garbh bheinn,142,185,Garbh Bheinn,867,216926,760096,NN169600,Garbh Bheinn,garbh bheinn,45,0,NN169600,5.25,Neither,Neither
Meall na h-Eilde,Fort William,838,Meall na h-Eilde and Geal Charn from Loch Arkaig,https://www.walkhighlands.co.uk/fortwilliam/meall-na-h-eilde.shtml,6.5,7,17,1017,FALSE,FALSE,FALSE,TRUE,FALSE,FALSE,FALSE,FALSE,FALSE,FALSE,FALSE,FALSE,737,2.75,meall na h-eilde,168,764,Meall na h-Eilde,838,218549,794632,NN185946,Meall na h-Eilde,meall na h-eilde,141,0,NN185946,6.75,Neither,Neither
Beinn Mhic-Mhonaidh,Argyll,796,Beinn Mhic Mhonaidh from Glen Orchy,https://www.walkhighlands.co.uk/argyll/beinn-mhic-mhonaidh.shtml,4,5,13.5,752,FALSE,FALSE,TRUE,FALSE,TRUE,FALSE,FALSE,FALSE,FALSE,TRUE,TRUE,TRUE,1037,3.46,beinn mhic-mhonaidh,53,267,Beinn Mhic-Mhonaidh,796,220871,735013,NN208350,Beinn Mhic-Mhonaidh,beinn mhic-mhonaidh,57,0,NN208350,4.5,Neither,Neither
Ben Donich,Loch Lomond,847,Ben Donich from Rest and Be Thankful,https://www.walkhighlands.co.uk/lochlomond/ben-donich.shtml,3.5,4.5,7.5,575,TRUE,FALSE,FALSE,FALSE,FALSE,FALSE,FALSE,FALSE,FALSE,TRUE,FALSE,FALSE,3375,3.95,ben donich,73,1420,Ben Donich,847,221838,704307,NN218043,Ben Donich,ben donich,26,0,NN218043,4,Neither,Neither
Beinn an Lochain,Loch Lomond,901,Beinn an Lochain from near Butterbridge,https://www.walkhighlands.co.uk/lochlomond/beinn-an-lochain.shtml,3,5,5.5,720,TRUE,FALSE,FALSE,TRUE,FALSE,FALSE,FALSE,FALSE,FALSE,FALSE,FALSE,FALSE,2863,4.38,beinn an lochain,25,1419,Beinn an Lochain,901.7,221803,707893,NN218078,Beinn an Lochain,beinn an lochain,25,0.7000000000000455,NN218078,4,Neither,Neither
Beinn Mhic Chasgaig,Fort William,864,Beinn Mhic Chasgaig from Glen Etive,https://www.walkhighlands.co.uk/fortwilliam/beinn-mhic-chasgaig.shtml,5.5,6,9.75,752,FALSE,TRUE,TRUE,FALSE,TRUE,FALSE,FALSE,FALSE,FALSE,FALSE,TRUE,FALSE,763,3.68,beinn mhic chasgaig,52,264,Beinn Mhic Chasgaig,864,222147,750228,NN221502,Beinn Mhic Chasgaig,beinn mhic chasgaig,54,0,NN221502,5.75,Neither,Neither
NA,NA,NA,NA,NA,NA,NA,NA,NA,NA,NA,NA,NA,NA,NA,NA,NA,NA,NA,NA,NA,NA,NA,NA,NA,82,Stob Coire Creagach [Binnein an Fhidhleir],817,223063,710918,NN230109,Binnein an Fhìdhleir (or Stob Coire Creagach),stob coire creagach,23,Inf,NN230109,NA,Neither,Neither
Cnoc Coinnich,Loch Lomond,761,The Brack and Cnoc Coinnich from Ardgartan,https://www.walkhighlands.co.uk/lochlomond/the-brack.shtml,6,7.5,15.5,1086,TRUE,FALSE,FALSE,TRUE,FALSE,FALSE,FALSE,FALSE,FALSE,TRUE,FALSE,TRUE,1532,3.57,cnoc coinnich,113,1423,Cnoc Coinnich,763.5,223351,700755,NN233007,Cnoc Coinnich,cnoc coinnich,28,2.5,NN233007,6.75,Neither,Neither
Ben Tee,Fort William,904,Ben Tee from Kilfinnan,https://www.walkhighlands.co.uk/fortwilliam/bentee.shtml,4.5,6,10,911,FALSE,FALSE,FALSE,TRUE,FALSE,FALSE,FALSE,FALSE,FALSE,TRUE,TRUE,FALSE,1095,3.58,ben tee,79,761,Ben Tee,904,224064,797202,NN240972,Ben Tee,ben tee,140,0,NN240972,5.25,Neither,Neither
Beinn Luibhean,Loch Lomond,858,Beinn Luibhean via the south ridge,https://www.walkhighlands.co.uk/lochlomond/beinn-luibhean.shtml,3,4,4.5,674,FALSE,FALSE,FALSE,FALSE,FALSE,FALSE,FALSE,FALSE,FALSE,FALSE,TRUE,FALSE,1808,3.08,beinn luibhean,48,81,Beinn Luibhean,858,224281,707920,NN242079,Beinn Luibhean,beinn luibhean,22,0,NN242079,3.5,Neither,Neither
The Brack,Loch Lomond,787,The Brack and Cnoc Coinnich from Ardgartan,https://www.walkhighlands.co.uk/lochlomond/the-brack.shtml,6,7.5,15.5,1086,TRUE,FALSE,FALSE,TRUE,FALSE,FALSE,FALSE,FALSE,FALSE,TRUE,FALSE,TRUE,2392,3.93,the brack,218,1421,The Brack,787,224565,703061,NN245030,The Brack,the brack,27,0,NN245030,6.75,Neither,Neither
NA,NA,NA,NA,NA,NA,NA,NA,NA,NA,NA,NA,NA,NA,NA,NA,NA,NA,NA,NA,NA,NA,NA,NA,NA,186,Beinn a'Chrulaiste,857,224627,756682,NN246566,Beinn a' Chrùlaiste,beinn a'chrulaiste,46,Inf,NN246566,NA,Neither,Neither
Glas Bheinn,Fort William,792,Glas Bheinn circuit from Kinlochleven,https://www.walkhighlands.co.uk/fortwilliam/glas-bheinn.shtml,7,8,20.75,889,FALSE,FALSE,TRUE,TRUE,TRUE,FALSE,FALSE,FALSE,FALSE,TRUE,FALSE,TRUE,721,3.68,glas bheinn,149,331,Glas Bheinn,792,225896,764116,NN258641,Glas Bheinn,glas bheinn,62,0,NN258641,7.5,Neither,Neither
The Cobbler,Loch Lomond,884,The Cobbler from Arrochar,https://www.walkhighlands.co.uk/lochlomond/the-cobbler.shtml,4,6,11,920,TRUE,FALSE,FALSE,FALSE,FALSE,FALSE,FALSE,FALSE,FALSE,TRUE,FALSE,FALSE,11431,4.49,the cobbler,219,79,The Cobbler [Ben Arthur],884,225952,705822,NN259058,The Cobbler [Ben Arthur],the cobbler,20,0,NN259058,5,Neither,Neither
Meall an Fhudair,Loch Lomond,764,Meall an Fhudair from Glen Falloch,https://www.walkhighlands.co.uk/lochlomond/meall-an-fhudair.shtml,5,6,14.5,901,FALSE,FALSE,FALSE,TRUE,FALSE,FALSE,FALSE,FALSE,FALSE,FALSE,FALSE,TRUE,936,3.24,meall an fhudair,160,83,Meall an Fhudair,764,227068,719244,NN270192,Meall an Fhudair,meall an fhudair,24,0,NN270192,5.5,Neither,Neither
Cruach Innse,Fort William,857,The Innses from Corriechoille,https://www.walkhighlands.co.uk/fortwilliam/cruach-innse.shtml,6,7,13,890,FALSE,FALSE,FALSE,FALSE,FALSE,FALSE,FALSE,FALSE,FALSE,FALSE,FALSE,FALSE,1066,3.29,cruach innse,127,328,Cruach Innse,857,227991,776373,NN279763,Cruach Innse,cruach innse,59,0,NN279763,6.5,Neither,Neither
Beinn Chuirn,Argyll,880,Beinn Chuirn from Dalrigh,https://www.walkhighlands.co.uk/argyll/beinn-chuirn.shtml,5.5,6,16,706,FALSE,FALSE,FALSE,TRUE,FALSE,FALSE,FALSE,FALSE,FALSE,TRUE,FALSE,FALSE,1250,3.42,beinn chuirn,34,80,Beinn Chuirn,880,228030,729235,NN280292,Beinn Chuirn,beinn chuirn,21,0,NN280292,5.75,Neither,Neither
Beinn Udlaidh,Argyll,840,Beinn Udlaidh and Beinn Bhreac-liath from Glen Orchy,https://www.walkhighlands.co.uk/argyll/beinn-udlaidh.shtml,5.5,6,12,911,FALSE,FALSE,FALSE,TRUE,TRUE,FALSE,FALSE,FALSE,FALSE,FALSE,TRUE,TRUE,1432,3.5,beinn udlaidh,71,265,Beinn Udlaidh,840,228061,733134,NN280331,Beinn Udlaidh,beinn udlaidh,55,0,NN280331,5.75,Neither,Neither
Sgùrr Innse,Fort William,809,The Innses from Corriechoille,https://www.walkhighlands.co.uk/fortwilliam/cruach-innse.shtml,6,7,13,890,FALSE,FALSE,FALSE,FALSE,FALSE,FALSE,FALSE,FALSE,FALSE,FALSE,FALSE,FALSE,1023,4.09,sgurr innse,204,329,Sgurr Innse,809,229024,774823,NN290748,Sgurr Innse,sgurr innse,60,0,NN290748,6.5,Neither,Neither
Beinn Iaruinn,Fort William,803,Beinn Iaruinn and Leana Mòr from Glen Roy,https://www.walkhighlands.co.uk/fortwilliam/beinn-iaruinn.shtml,4.5,5,8.75,786,FALSE,FALSE,FALSE,TRUE,FALSE,FALSE,FALSE,FALSE,FALSE,FALSE,FALSE,FALSE,811,3,beinn iaruinn,43,677,Beinn Iaruinn,805,229699,790046,NN296900,Beinn Iaruinn,beinn iaruinn,108,2,NN296900,4.75,Neither,Neither
Beinn Bhreac-liath,Argyll,802,Beinn Udlaidh and Beinn Bhreac-liath from Glen Orchy,https://www.walkhighlands.co.uk/argyll/beinn-udlaidh.shtml,5.5,6,12,911,FALSE,FALSE,FALSE,TRUE,TRUE,FALSE,FALSE,FALSE,FALSE,FALSE,TRUE,TRUE,1339,3.34,beinn bhreac-liath,31,266,Beinn Bhreac-liath,802,230277,733917,NN302339,Beinn Bhreac-liath,beinn bhreac-liath,56,0,NN302339,5.75,Neither,Neither
Leum Uilleim,Fort William,909,Leum Uilleim from Corrour Station,https://www.walkhighlands.co.uk/fortwilliam/leum-uilleim.shtml,3,4.5,9.75,524,FALSE,FALSE,FALSE,TRUE,FALSE,FALSE,FALSE,FALSE,FALSE,FALSE,FALSE,FALSE,1142,3.94,leum uilleim,153,327,Leum Uilleim,906.4,233071,764141,NN330641,Leum Uilleim,leum uilleim,58,2.6000000000000227,NN330641,3.75,Neither,Neither
Beinn Odhar,Argyll,901,"Beinn Odhar, Beinn Chaorach and Cam Chreag",https://www.walkhighlands.co.uk/argyll/beinn-odhar-cam-chreag.shtml,7,8,21,1367,FALSE,FALSE,FALSE,TRUE,TRUE,FALSE,FALSE,FALSE,FALSE,TRUE,FALSE,TRUE,1523,3.42,beinn odhar,62,169,Beinn Odhar,901,233735,733884,NN337338,Beinn Odhar,beinn odhar,37,0,NN337338,7.5,Neither,Neither
NA,NA,NA,NA,NA,NA,NA,NA,NA,NA,NA,NA,NA,NA,NA,NA,NA,NA,NA,NA,NA,NA,NA,NA,NA,676,Carn Dearg,834,234504,788700,NN345887,Càrn Dearg - Glen Roy,carn dearg,107,Inf,NN345887,NA,Neither,Neither
NA,NA,NA,NA,NA,NA,NA,NA,NA,NA,NA,NA,NA,NA,NA,NA,NA,NA,NA,NA,NA,NA,NA,NA,NA,170,Beinn a'Chaisteil,886,234719,736404,NN347364,Beinn a' Chaisteil (Auch),beinn a'chaisteil,38,Inf,NN347364,NA,Neither,Neither
NA,NA,NA,NA,NA,NA,NA,NA,NA,NA,NA,NA,NA,NA,NA,NA,NA,NA,NA,NA,NA,NA,NA,NA,NA,637,Carn Dearg,817,234996,796628,NN349966,Càrn Dearg North Eachach,carn dearg,103,Inf,NN349966,NA,Neither,Neither
NA,NA,NA,NA,NA,NA,NA,NA,NA,NA,NA,NA,NA,NA,NA,NA,NA,NA,NA,NA,NA,NA,NA,NA,NA,48,Beinn a'Choin,768.7,235426,713028,NN354130,Beinn a' Choin,beinn a'choin,19,Inf,NN354130,NA,Neither,Neither
NA,NA,NA,NA,NA,NA,NA,NA,NA,NA,NA,NA,NA,NA,NA,NA,NA,NA,NA,NA,NA,NA,NA,NA,NA,642,Carn Dearg,768,235722,794884,NN357948,Càrn Dearg South Eachach,carn dearg,106,Inf,NN357948,NA,Neither,Neither
Beinn Chaorach,Argyll,818,"Beinn Odhar, Beinn Chaorach and Cam Chreag",https://www.walkhighlands.co.uk/argyll/beinn-odhar-cam-chreag.shtml,7,8,21,1367,FALSE,FALSE,FALSE,TRUE,TRUE,FALSE,FALSE,FALSE,FALSE,TRUE,FALSE,TRUE,1254,2.89,beinn chaorach,33,173,Beinn Chaorach,818,235886,732825,NN358328,Beinn Chaorach,beinn chaorach,41,0,NN358328,7.5,Neither,Neither
Beinn nam Fuaran,Argyll,806,Beinn a' Chaisteil and Beinn nam Fuaran from Auch,https://www.walkhighlands.co.uk/argyll/chaisteil-fuaran.shtml,7.5,8,21.5,1030,FALSE,FALSE,TRUE,TRUE,TRUE,FALSE,FALSE,FALSE,FALSE,FALSE,FALSE,FALSE,941,3.22,beinn nam fuaran,58,174,Beinn nam Fuaran,806,236111,738193,NN361381,Beinn nam Fuaran,beinn nam fuaran,42,0,NN361381,7.75,Neither,Neither
Cam Chreag,Argyll,884,"Beinn Odhar, Beinn Chaorach and Cam Chreag",https://www.walkhighlands.co.uk/argyll/beinn-odhar-cam-chreag.shtml,7,8,21,1367,FALSE,FALSE,FALSE,TRUE,TRUE,FALSE,FALSE,FALSE,FALSE,TRUE,FALSE,TRUE,1202,2.89,cam chreag,93,171,Cam Chreag,884,237550,734670,NN375346,Cam Chreag,cam chreag,39,0,NN375346,7.5,Neither,Neither
NA,NA,NA,NA,NA,NA,NA,NA,NA,NA,NA,NA,NA,NA,NA,NA,NA,NA,NA,NA,NA,NA,NA,NA,NA,43,Stob a'Choin,869,241722,715975,NN417159,Stob a' Choin,stob a'choin,14,Inf,NN417159,NA,Neither,Neither
Beinn nan Imirean,Loch Lomond,849,Beinn nan Imirean from Glen Dochart,https://www.walkhighlands.co.uk/lochlomond/beinn-nan-imirean.shtml,5,6,11,704,FALSE,FALSE,FALSE,TRUE,TRUE,FALSE,FALSE,FALSE,FALSE,FALSE,FALSE,FALSE,1071,2.68,beinn nan imirean,60,172,Beinn nan Imirean,849,241928,730949,NN419309,Beinn nan Imirean,beinn nan imirean,40,0,NN419309,5.5,Neither,Neither
Meall Buidhe,Perthshire,907,Meall Buidhe and Sron a' Choire Chnapanich from Loch Lyon,https://www.walkhighlands.co.uk/perthshire/sron-a-choire-chnapanich.shtml,6,6.5,15.75,921,FALSE,FALSE,FALSE,TRUE,FALSE,FALSE,FALSE,FALSE,FALSE,FALSE,FALSE,FALSE,952,3.24,meall buidhe,162,130,Meall Buidhe,908.2,242688,744962,NN426449,Meall Buidhe,meall buidhe,30,1.2000000000000455,NN426449,6.25,Neither,Neither
Beinn Pharlagain,Perthshire,868,Beinn Pharlagain from near Rannoch Station,https://www.walkhighlands.co.uk/perthshire/beinn-pharlagain.shtml,5.5,6,18.25,640,FALSE,FALSE,FALSE,TRUE,FALSE,FALSE,FALSE,FALSE,FALSE,FALSE,FALSE,FALSE,1033,3.5,beinn pharlagain,64,374,Beinn Pharlagain [Ben Pharlagain - Meall na Meoig],868,244817,764210,NN448642,Beinn Pharlagain [Ben Pharlagain - Meall na Meoig],beinn pharlagain,64,0,NN448642,5.75,Neither,Neither
NA,NA,NA,NA,NA,NA,NA,NA,NA,NA,NA,NA,NA,NA,NA,NA,NA,NA,NA,NA,NA,NA,NA,NA,NA,133,Sron a'Choire Chnapanich [Sron a'Choire Chnapanaich],837,245604,745301,NN456453,Sron a' Choire Chnapanich,sron a'choire chnapanich,32,Inf,NN456453,NA,Neither,Neither
Meall nan Subh,Perthshire,806,Meall nan Subh from Glen Lochay,https://www.walkhighlands.co.uk/perthshire/meall-nan-subh.shtml,3,4,12.75,602,FALSE,FALSE,FALSE,FALSE,FALSE,FALSE,FALSE,FALSE,FALSE,TRUE,FALSE,FALSE,930,3.14,meall nan subh,171,175,Meall nan Subh,806,246077,739750,NN460397,Meall nan Subh,meall nan subh,43,0,NN460397,3.5,Neither,Neither
Gairbeinn,Cairngorms,896,Gairbeinn and Corrieyairack Hill from Melgarve,https://www.walkhighlands.co.uk/cairngorms/gairbeinn.shtml,5,6.5,15.5,754,FALSE,FALSE,FALSE,TRUE,FALSE,FALSE,FALSE,TRUE,FALSE,FALSE,FALSE,FALSE,799,3.16,gairbeinn,140,631,Gairbeinn,896,246050,798527,NN460985,Gairbeinn,gairbeinn,99,0,NN460985,5.75,Neither,Neither
NA,NA,NA,NA,NA,NA,NA,NA,NA,NA,NA,NA,NA,NA,NA,NA,NA,NA,NA,NA,NA,NA,NA,NA,NA,47,Beinn Stacach [Ceann na Baintighearna] [Stob Fear-tomhais] [Beinn Stacath],771,247432,716323,NN474163,Beinn Stacath,beinn stacach,18,Inf,NN474163,NA,Neither,Neither
Benvane,Loch Lomond,821,"Benvane, from Glen Buckie",https://www.walkhighlands.co.uk/lochlomond/benvane.shtml,4,5,8.75,617,FALSE,FALSE,FALSE,TRUE,FALSE,FALSE,FALSE,FALSE,FALSE,FALSE,FALSE,FALSE,2741,3.1,benvane,83,45,Benvane,821,253516,713728,NN535137,Benvane,benvane,16,0,NN535137,4.5,Neither,Neither
Cam Chreag,Perthshire,862,"Cam Chreag from Innerwick, Glen Lyon",https://www.walkhighlands.co.uk/perthshire/cam-chreag.shtml,3.5,4.5,12.75,640,FALSE,FALSE,FALSE,FALSE,FALSE,FALSE,FALSE,FALSE,FALSE,TRUE,FALSE,TRUE,1079,3.07,cam chreag,94,132,Cam Chreag,862,253680,749126,NN536491,Cam Chreag,cam chreag,31,0,NN536491,4,Neither,Neither
Stob an Aonaich Mhòir,Perthshire,855,Stob an Aonaich Mhòir from Loch Rannoch,https://www.walkhighlands.co.uk/perthshire/stob-an-aonaich-mhoir.shtml,7.5,8.5,28.5,649,FALSE,FALSE,FALSE,TRUE,TRUE,FALSE,FALSE,FALSE,FALSE,TRUE,FALSE,FALSE,659,3.56,stob an aonaich mhoir,214,396,Stob an Aonaich Mhoir,855,253748,769424,NN537694,Stob an Aonaich Mhoir,stob an aonaich mhoir,66,0,NN537694,8,Neither,Neither
Beinn nan Oighreag,Perthshire,909,Beinn nan Oighreag from Glen Lochay,https://www.walkhighlands.co.uk/perthshire/beinn-nan-oighreag.shtml,5,5.5,15.5,803,FALSE,FALSE,FALSE,TRUE,FALSE,FALSE,FALSE,FALSE,FALSE,FALSE,FALSE,TRUE,1181,3,beinn nan oighreag,61,168,Beinn nan Oighreag,909.6,254167,741200,NN541412,Beinn nan Oighreag,beinn nan oighreag,36,0.6000000000000227,NN541412,5.25,Neither,Neither
Meall an t-Seallaidh,Loch Lomond,852,Creag Mac Ranaich and Meall an t-Seallach from Lochearnhead,https://www.walkhighlands.co.uk/lochlomond/creag-mac-ranaich.shtml,7,8,20.5,984,FALSE,FALSE,FALSE,TRUE,FALSE,FALSE,FALSE,FALSE,FALSE,TRUE,FALSE,FALSE,1650,3.39,meall an t-seallaidh,161,44,Meall an t-Seallaidh,852,254210,723408,NN542234,Meall an t-Seallaidh,meall an t-seallaidh,15,0,NN542234,7.5,Neither,Neither
Creag Mac Ranaich,Loch Lomond,809,Creag Mac Ranaich and Meall an t-Seallach from Lochearnhead,https://www.walkhighlands.co.uk/lochlomond/creag-mac-ranaich.shtml,7,8,20.5,984,FALSE,FALSE,FALSE,TRUE,FALSE,FALSE,FALSE,FALSE,FALSE,TRUE,FALSE,FALSE,1729,3.78,creag mac ranaich,121,46,Creag Mac Ranaich,808.6,254564,725567,NN545255,Creag Mac Ranaich,creag mac ranaich,17,0.39999999999997726,NN545255,7.5,Neither,Neither
Ben Ledi,Loch Lomond,879,Ben Ledi from the Pass of Leny,https://www.walkhighlands.co.uk/lochlomond/ben-ledi.shtml,4,6,10,760,FALSE,FALSE,FALSE,TRUE,TRUE,FALSE,FALSE,FALSE,FALSE,TRUE,FALSE,TRUE,8969,3.96,ben ledi,76,42,Ben Ledi,879,256236,709777,NN562097,Ben Ledi,ben ledi,13,0,NN562097,5,Neither,Neither
Meall nam Maigheach,Perthshire,779,Meall nam Maigheach from the Loch Tay - Glen Lyon Pass,https://www.walkhighlands.co.uk/perthshire/meall-nam-maigheach.shtml,2,2.5,5.5,270,FALSE,FALSE,FALSE,TRUE,FALSE,FALSE,FALSE,FALSE,FALSE,FALSE,FALSE,FALSE,1207,2.35,meall nam maigheach,170,176,Meall nam Maigheach,778.9,258601,743587,NN586435,Meall nam Maigheach,meall nam maigheach,44,0.10000000000002274,NN586435,2.25,Neither,Neither
Beinn Mholach,Perthshire,841,Beinn Mholach from Dalnaspidal Lodge,https://www.walkhighlands.co.uk/perthshire/beinn-mholach.shtml,6.5,7.5,23.5,476,FALSE,FALSE,FALSE,TRUE,FALSE,FALSE,FALSE,TRUE,FALSE,FALSE,FALSE,FALSE,807,3.25,beinn mholach,54,397,Beinn Mholach,841.7,258750,765490,NN587654,Beinn Mholach,beinn mholach,67,0.7000000000000455,NN587654,7,Neither,Neither
The Fara,Cairngorms,911,"The Fara, from Dalwhinnie",https://www.walkhighlands.co.uk/cairngorms/the-fara.shtml,6.5,7.5,21.5,775,FALSE,TRUE,FALSE,TRUE,FALSE,FALSE,FALSE,FALSE,FALSE,TRUE,FALSE,FALSE,1417,3.43,the fara,220,370,The Fara,911.4,259826,784264,NN598842,The Fara,the fara,63,0.39999999999997726,NN598842,7,Neither,Neither
Beinn Each,Loch Lomond,813,Beinn Each from Loch Lubnaig,https://www.walkhighlands.co.uk/lochlomond/beinn-each.shtml,3.5,4.5,7,693,FALSE,FALSE,FALSE,FALSE,FALSE,FALSE,FALSE,FALSE,FALSE,FALSE,FALSE,FALSE,3905,3.72,beinn each,41,19,Beinn Each,813,260165,715806,NN601158,Beinn Each,beinn each,11,0,NN601158,4,Neither,Neither
Beinn Dearg,Perthshire,830,"Beinn Dearg from Innerwick, Glen Lyon",https://www.walkhighlands.co.uk/perthshire/beinn-dearg-glen-lyon.shtml,3.5,4.5,10.5,627,FALSE,FALSE,FALSE,TRUE,FALSE,FALSE,FALSE,FALSE,FALSE,TRUE,FALSE,TRUE,1103,2.93,beinn dearg,36,134,Beinn Dearg,830,260868,749755,NN608497,Beinn Dearg,beinn dearg,33,0,NN608497,4,Neither,Neither
The Sow of Atholl,Perthshire,803,"The Sow of Atholl, from Dalnaspidal Lodge",https://www.walkhighlands.co.uk/perthshire/sow-of-atholl.shtml,2.5,3,7,393,FALSE,FALSE,FALSE,FALSE,FALSE,FALSE,FALSE,FALSE,FALSE,FALSE,FALSE,FALSE,1836,2.6,the sow of atholl,221,401,The Sow of Atholl [Meall an Dobharchain],803,262519,774120,NN625741,The Sow of Atholl [Meall an Dobharchain],the sow of atholl,68,0,NN625741,2.75,Neither,Neither
Meall na Leitreach,Perthshire,775,Meall na Leitreach from Dalnaspital,https://www.walkhighlands.co.uk/perthshire/meall-na-leitreach.shtml,2.5,3,7.75,407,FALSE,FALSE,FALSE,FALSE,FALSE,FALSE,FALSE,FALSE,FALSE,FALSE,FALSE,FALSE,1404,2.81,meall na leitreach,169,402,Meall na Leitreach,777.3,264059,770288,NN640702,Meall na Leitreach,meall na leitreach,69,2.2999999999999545,NN640702,2.75,Neither,Neither
Meall na Fearna,Perthshire,809,Meall na Fearna from Loch Earn,https://www.walkhighlands.co.uk/perthshire/meall-na-fearna.shtml,4.5,5.5,12.25,730,FALSE,FALSE,FALSE,TRUE,FALSE,FALSE,FALSE,FALSE,FALSE,FALSE,FALSE,FALSE,1255,3.11,meall na fearna,166,20,Meall na Fearna,809,265078,718687,NN650186,Meall na Fearna,meall na fearna,12,0,NN650186,5,Neither,Neither
NA,NA,NA,NA,NA,NA,NA,NA,NA,NA,NA,NA,NA,NA,NA,NA,NA,NA,NA,NA,NA,NA,NA,NA,NA,395,Beinn a'Chuallaich,892,268458,761775,NN684617,Beinn a' Chuallaich,beinn a'chuallaich,65,Inf,NN684617,NA,Neither,Neither
Creag Uchdag,Perthshire,879,Creag Uchdag from Glen Lednock,https://www.walkhighlands.co.uk/perthshire/creag-uchdag.shtml,5.5,6.5,15,667,FALSE,FALSE,FALSE,TRUE,FALSE,FALSE,FALSE,FALSE,FALSE,TRUE,FALSE,TRUE,1149,3.06,creag uchdag,125,3,Creag Uchdag,879,270828,732324,NN708323,Creag Uchdag,creag uchdag,9,0,NN708323,6,Neither,Neither
An Dùn,Perthshire,827,An Dùn and Maol Creag an Loch via the Gaick Pass,https://www.walkhighlands.co.uk/perthshire/gaick-corbetts.shtml,9,10,28,959,FALSE,FALSE,TRUE,TRUE,TRUE,FALSE,FALSE,FALSE,FALSE,FALSE,FALSE,TRUE,794,3.58,an dun,3,400,An Dun,827,271650,780143,NN716801,An Dun,an dun,70,0,NN716801,9.5,Neither,Neither
NA,NA,NA,NA,NA,NA,NA,NA,NA,NA,NA,NA,NA,NA,NA,NA,NA,NA,NA,NA,NA,NA,NA,NA,NA,416,A'Chaoirnich [Maol Creag an Loch],875,273524,780711,NN735807,Maol Creag an Loch (A' Chaoirnich),a'chaoirnich,74,Inf,NN735807,NA,Neither,Neither
Creagan na Beinne,Perthshire,888,Creagan na Beinne from Ardtalnaig,https://www.walkhighlands.co.uk/perthshire/creagan-na-beinne.shtml,5,6,18,775,FALSE,FALSE,FALSE,TRUE,FALSE,FALSE,FALSE,FALSE,FALSE,FALSE,FALSE,FALSE,1047,2.91,creagan na beinne,126,2,Creagan na Beinne,888,274441,736853,NN744368,Creagan na Beinne,creagan na beinne,8,0,NN744368,5.5,Neither,Neither
Meallach Mhòr,Cairngorms,769,Meallach Mhòr and Croidh-la from Glen Tromie,https://www.walkhighlands.co.uk/cairngorms/meallach-mhor.shtml,7,8,25,734,FALSE,FALSE,FALSE,TRUE,TRUE,FALSE,FALSE,TRUE,FALSE,TRUE,FALSE,TRUE,844,2.75,meallach mhor,173,420,Meallach Mhor,769,277661,790877,NN776908,Meallach Mhor,meallach mhor,76,0,NN776908,7.5,Neither,Neither
Meall Tairneachan,Perthshire,787,Meall Tairneachan and Farragon Hill via the Foss mine track,https://www.walkhighlands.co.uk/perthshire/farragon-hill.shtml,5.5,6.5,17.25,878,FALSE,FALSE,FALSE,TRUE,FALSE,FALSE,FALSE,FALSE,FALSE,FALSE,FALSE,FALSE,1417,2.9,meall tairneachan,172,135,Meall Tairneachan,787,280745,754376,NN807543,Meall Tairneachan,meall tairneachan,34,0,NN807543,6,Neither,Neither
Auchnafree Hill,Perthshire,789,Auchnafree Hill from Loch Turret,https://www.walkhighlands.co.uk/perthshire/auchnafree-hill.shtml,5,6,18.25,623,FALSE,FALSE,FALSE,TRUE,FALSE,FALSE,FALSE,FALSE,FALSE,TRUE,FALSE,FALSE,2327,3.06,auchnafree hill,11,4,Auchnafree Hill,789,280862,730811,NN808308,Auchnafree Hill,auchnafree hill,10,0,NN808308,5.5,Neither,Neither
Leathad an Taobhain,Cairngorms,912,Leathad an Taobhain and Càrn Dearg Mòr from Glen Feshie,https://www.walkhighlands.co.uk/cairngorms/leathad-an-taobhain.shtml,9,10,33.5,989,FALSE,TRUE,TRUE,TRUE,TRUE,FALSE,FALSE,FALSE,FALSE,TRUE,FALSE,TRUE,807,2.87,leathad an taobhain,152,413,Leathad an Taobhain,911.7,282174,785829,NN821858,Leathad an Taobhain,leathad an taobhain,71,0.2999999999999545,NN821858,9.5,Neither,Neither
Càrn Dearg Mòr,Cairngorms,857,Leathad an Taobhain and Càrn Dearg Mòr from Glen Feshie,https://www.walkhighlands.co.uk/cairngorms/leathad-an-taobhain.shtml,9,10,33.5,989,FALSE,TRUE,TRUE,TRUE,TRUE,FALSE,FALSE,FALSE,FALSE,TRUE,FALSE,TRUE,897,3.17,carn dearg mor,104,417,Carn Dearg Mor,857,282325,791187,NN823911,Carn Dearg Mor,carn dearg mor,75,0,NN823911,9.5,Neither,Neither
Farragon Hill,Perthshire,783,Meall Tairneachan and Farragon Hill via the Foss mine track,https://www.walkhighlands.co.uk/perthshire/farragon-hill.shtml,5.5,6.5,17.25,878,FALSE,FALSE,FALSE,TRUE,FALSE,FALSE,FALSE,FALSE,FALSE,FALSE,FALSE,FALSE,1340,2.94,farragon hill,134,136,Farragon Hill,782.3,284033,755305,NN840553,Farragon Hill,farragon hill,35,0.7000000000000455,NN840553,6,Neither,Neither
Beinn Bhreac,Cairngorms,912,Beinn Bhreac via Glen Bruar from Calvine,https://www.walkhighlands.co.uk/perthshire/beinn-bhreac.shtml,10,12,41.25,1054,FALSE,FALSE,FALSE,TRUE,FALSE,FALSE,FALSE,FALSE,FALSE,FALSE,FALSE,FALSE,743,3.2,beinn bhreac,30,414,Beinn Bhreac,912.4399999999999,286838,782077,NN868820,Beinn Bhreac,beinn bhreac,72,0.4399999999999409,NN868820,11,Neither,Neither
Beinn Mheadhonach,Perthshire,901,Beinn Mheadhonach via Glen Tilt,https://www.walkhighlands.co.uk/perthshire/beinn-mheadhonach.shtml,7,8,22.25,857,FALSE,FALSE,FALSE,TRUE,TRUE,FALSE,FALSE,FALSE,FALSE,TRUE,FALSE,TRUE,1198,3.35,beinn mheadhonach,50,415,Beinn Mheadhonach,900.8,288005,775900,NN880759,Beinn Mheadhonach,beinn mheadhonach,73,0.20000000000004547,NN880759,7.5,Neither,Neither
Ben Vrackie,Perthshire,841,Ben Vrackie from Moulin,https://www.walkhighlands.co.uk/perthshire/ben-vrackie.shtml,3.5,4.5,10.2,780,FALSE,FALSE,FALSE,TRUE,FALSE,FALSE,FALSE,FALSE,FALSE,TRUE,FALSE,TRUE,7323,4.07,ben vrackie,81,445,Ben Vrackie,842,295080,763243,NN950632,Ben Vrackie,ben vrackie,79,1,NN950632,4,Neither,Neither
Ben Vuirich,Perthshire,903,Ben Vuirich circuit from Loch Moraig,https://www.walkhighlands.co.uk/perthshire/ben-vuirich.shtml,7.5,8,22.75,673,FALSE,FALSE,TRUE,TRUE,FALSE,FALSE,FALSE,FALSE,FALSE,TRUE,FALSE,TRUE,988,3.6,ben vuirich,82,441,Ben Vuirich,903,299725,770009,NN997700,Ben Vuirich,ben vuirich,77,0,NN997700,7.75,Neither,Neither
Sgòr Mòr,Cairngorms,813,Sgòrr Mòr circular from the Linn of Dee,https://www.walkhighlands.co.uk/cairngorms/sgor-mor.shtml,6,7,20.75,544,FALSE,FALSE,TRUE,TRUE,TRUE,FALSE,FALSE,FALSE,FALSE,TRUE,TRUE,FALSE,1363,3.36,sgor mor,187,600,Sgor Mor,813,300706,791414,NO007914,Sgor Mor,sgor mor,86,0,NO007914,6.5,Neither,Neither
Ben Gulabin,Perthshire,806,Ben Gulabin from the A93,https://www.walkhighlands.co.uk/perthshire/ben-gulabin.shtml,2.5,3,6.25,453,FALSE,FALSE,FALSE,FALSE,FALSE,FALSE,FALSE,FALSE,FALSE,FALSE,FALSE,FALSE,2083,3.33,ben gulabin,74,446,Ben Gulabin,806,310041,772214,NO100722,Ben Gulabin,ben gulabin,80,0,NO100722,2.75,Neither,Neither
Càrn na Drochaide,Cairngorms,818,Càrn na Drochaide from Linn of Quoich,https://www.walkhighlands.co.uk/cairngorms/carn-na-drochaide.shtml,4,5,12.5,637,FALSE,FALSE,FALSE,FALSE,TRUE,FALSE,FALSE,FALSE,FALSE,TRUE,TRUE,FALSE,1481,3.26,carn na drochaide,108,599,Carn na Drochaide,818,312738,793845,NO127938,Carn na Drochaide,carn na drochaide,93,0,NO127938,4.5,Neither,Neither
Morrone,Cairngorms,859,Morrone from Braemar,https://www.walkhighlands.co.uk/cairngorms/morrone.shtml,4,5,12,650,FALSE,FALSE,FALSE,FALSE,TRUE,FALSE,FALSE,FALSE,FALSE,TRUE,FALSE,TRUE,3199,3.14,morrone,178,444,Morrone,859,313210,788650,NO132886,Morrone,morrone,78,0,NO132886,4.5,Neither,Neither
Creag nan Gabhar,Cairngorms,834,Creag nan Gabhar circuit,https://www.walkhighlands.co.uk/cairngorms/creag-nan-gabhar.shtml,5,6,14.5,479,FALSE,FALSE,FALSE,TRUE,TRUE,FALSE,FALSE,TRUE,FALSE,TRUE,FALSE,FALSE,1972,3.42,creag nan gabhar,123,494,Creag nan Gabhar,834,315464,784112,NO154841,Creag nan Gabhar,creag nan gabhar,82,0,NO154841,5.5,Neither,Neither
Creag an Dail Bheag,Cairngorms,863,Culardoch and Creag an Dail Bheag from Keiloch,https://www.walkhighlands.co.uk/cairngorms/culardoch.shtml,7.5,8.5,23.75,853,FALSE,FALSE,FALSE,TRUE,FALSE,FALSE,FALSE,FALSE,FALSE,TRUE,FALSE,TRUE,1214,2.92,creag an dail bheag,120,596,Creag an Dail Bheag,863,315733,798159,NO157981,Creag an Dail Bheag,creag an dail bheag,90,0,NO157981,8,Neither,Neither
Monamenach,Angus,807,Monamenach from Glen Isla,https://www.walkhighlands.co.uk/angus/monamenach.shtml,2,3,5.25,444,FALSE,FALSE,FALSE,FALSE,TRUE,FALSE,FALSE,FALSE,FALSE,FALSE,FALSE,FALSE,2001,2.77,monamenach,177,495,Monamenach,807,317600,770670,NO176706,Monamenach,monamenach,83,0,NO176706,2.5,Neither,Neither
Culardoch,Cairngorms,900,Culardoch and Creag an Dail Bheag from Keiloch,https://www.walkhighlands.co.uk/cairngorms/culardoch.shtml,7.5,8.5,23.75,853,FALSE,FALSE,FALSE,TRUE,FALSE,FALSE,FALSE,FALSE,FALSE,TRUE,FALSE,TRUE,1340,3.14,culardoch,130,593,Culardoch,900,319350,798826,NO193988,Culardoch,culardoch,88,0,NO193988,8,Neither,Neither
Conachcraig,Cairngorms,865,Conachcraig from Easter Balmoral,https://www.walkhighlands.co.uk/cairngorms/conachcraig.shtml,6,7,22.25,679,FALSE,FALSE,FALSE,TRUE,TRUE,FALSE,FALSE,TRUE,FALSE,TRUE,FALSE,TRUE,1800,3.3,conachcraig,114,492,Conachcraig,865,327949,786521,NO279865,Conachcraig,conachcraig,81,0,NO279865,6.5,Neither,Neither
Ben Tirran,Angus,896,Ben Tirran via Lochs Brandy and Wharral,https://www.walkhighlands.co.uk/angus/ben-tirran.shtml,4.5,6,14.5,752,FALSE,FALSE,FALSE,TRUE,FALSE,FALSE,FALSE,FALSE,FALSE,TRUE,FALSE,TRUE,2182,3.33,ben tirran,80,491,Ben Tirran,896,337342,774615,NO373746,Ben Tirran,ben tirran,84,0,NO373746,5.25,Neither,Neither
Mount Battock,Angus,778,Mount Battock from Glen Esk,https://www.walkhighlands.co.uk/angus/mount-battock.shtml,4,5,15,673,FALSE,FALSE,FALSE,TRUE,FALSE,FALSE,FALSE,FALSE,FALSE,FALSE,FALSE,TRUE,2433,3.06,mount battock,180,496,Mount Battock,778,354964,784470,NO549844,Mount Battock,mount battock,85,0,NO549844,4.5,Neither,Neither
Beinn an Òir,"Islay, Jura and Colonsay",785,Beinn an Òir via Loch an t-Siob,https://www.walkhighlands.co.uk/islay-jura/beinn-an-oir.shtml,4.5,6,13.25,758,FALSE,FALSE,FALSE,TRUE,TRUE,FALSE,FALSE,FALSE,FALSE,FALSE,TRUE,FALSE,1068,4.32,beinn an oir,26,1449,Beinn an Oir,785,149806,674947,NR498749,Beinn an Oir,beinn an oir,217,0,NR498749,5.25,Neither,Neither
Beinn Tarsuinn,Isle of Arran,826,Beinn Tarsuinn via the Three Beinns circuit,https://www.walkhighlands.co.uk/arran/three-beinns.shtml,6,7,14,949,TRUE,FALSE,FALSE,TRUE,FALSE,FALSE,FALSE,FALSE,FALSE,FALSE,TRUE,FALSE,1903,4.46,beinn tarsuinn,68,1474,Beinn Tarsuinn,826,196015,641275,NR960412,Beinn Tarsuinn,beinn tarsuinn,220,0,NR960412,6.5,Neither,Neither
Caisteal Abhail,Isle of Arran,859,Caisteal Abhail from North Sannox,https://www.walkhighlands.co.uk/arran/caisteal-abhail.shtml,5.5,6.5,10.5,838,TRUE,FALSE,TRUE,TRUE,FALSE,FALSE,FALSE,FALSE,FALSE,TRUE,FALSE,TRUE,1840,4.63,caisteal abhail,92,1473,Caisteal Abhail,859,196907,644324,NR969443,Caisteal Abhail,caisteal abhail,219,0,NR969443,6,Neither,Neither
Cìr Mhòr,Isle of Arran,799,Beinn Tarsuinn and Cìr Mhòr,https://www.walkhighlands.co.uk/arran/cir-mhor.shtml,7.5,9,17.25,1164,TRUE,FALSE,FALSE,TRUE,FALSE,FALSE,FALSE,FALSE,FALSE,FALSE,FALSE,FALSE,2059,4.71,cir mhor,111,1475,Cir Mhor,799,197278,643111,NR972431,Cir Mhor,cir mhor,221,0,NR972431,8.25,Neither,Neither
NA,NA,NA,NA,NA,NA,NA,NA,NA,NA,NA,NA,NA,NA,NA,NA,NA,NA,NA,NA,NA,NA,NA,NA,NA,1472,Goatfell [Goat Fell],874,199139,641540,NR991415,Goat Fell,goatfell,218,Inf,NR991415,NA,Neither,Neither
Beinn Bheula,Argyll,779,Beinn Bheula from Loch Goil,https://www.walkhighlands.co.uk/argyll/beinn-bheula.shtml,5,6,12,798,FALSE,FALSE,TRUE,TRUE,FALSE,FALSE,FALSE,FALSE,FALSE,TRUE,FALSE,TRUE,1129,3.93,beinn bheula,29,1422,Beinn Bheula,779,215479,698326,NS154983,Beinn Bheula,beinn bheula,29,0,NS154983,5.5,Neither,Neither
Hart Fell,Dumfries and Galloway,808,Hart Fell ridges horseshoe,https://www.walkhighlands.co.uk/galloway/hart-fell.shtml,5,6,13,886,FALSE,FALSE,FALSE,TRUE,FALSE,TRUE,FALSE,FALSE,FALSE,FALSE,FALSE,FALSE,2441,3.44,hart fell,151,1835,Hart Fell,808,311365,613575,NT113135,Hart Fell,hart fell,7,0,NT113135,5.5,Neither,Neither
Broad Law,Borders,840,"Broad Law, Cramalt Craig and Dollar Law",https://www.walkhighlands.co.uk/borders/broad-law.shtml,5.5,6.5,21.5,778,FALSE,FALSE,FALSE,TRUE,FALSE,FALSE,FALSE,FALSE,FALSE,FALSE,FALSE,TRUE,2369,2.95,broad law,88,1830,Broad Law,840,314642,623538,NT146235,Broad Law,broad law,5,0,NT146235,6,Neither,Neither
White Coomb,Dumfries and Galloway,821,White Coomb and Lochcraig Head via the Grey Mare's Tail,https://www.walkhighlands.co.uk/galloway/white-coomb.shtml,4,6,11.5,751,FALSE,FALSE,FALSE,TRUE,FALSE,FALSE,FALSE,FALSE,FALSE,TRUE,FALSE,TRUE,2836,3.57,white coomb,222,1832,White Coomb,821,316320,615095,NT163150,White Coomb,white coomb,6,0,NT163150,5,Neither,Neither
Shalloch on Minnoch,Dumfries and Galloway,775,Shalloch on Minnoch via the north ridge,https://www.walkhighlands.co.uk/glasgow/shalloch-on-minnoch.shtml,3,4,9.5,425,FALSE,FALSE,FALSE,TRUE,FALSE,FALSE,FALSE,FALSE,FALSE,FALSE,FALSE,TRUE,1465,3.16,shalloch on minnoch,211,1692,Shalloch on Minnoch,774.1,240762,590564,NX407905,Shalloch on Minnoch,shalloch on minnoch,3,0.8999999999999773,NX407905,3.5,Neither,Neither
Merrick,Dumfries and Galloway,843,The Merrick via Benyellary,https://www.walkhighlands.co.uk/galloway/merrick.shtml,4,5,13.25,875,FALSE,FALSE,FALSE,TRUE,FALSE,FALSE,FALSE,TRUE,FALSE,TRUE,FALSE,TRUE,3436,3.92,merrick,176,1688,Merrick,843,242756,585549,NX427855,Merrick,merrick,1,0,NX427855,4.5,Neither,Neither
Corserine,Dumfries and Galloway,814,Corserine and the Rhinns of Kells,https://www.walkhighlands.co.uk/galloway/corserine.shtml,5,7,16.5,903,TRUE,FALSE,FALSE,FALSE,FALSE,FALSE,FALSE,FALSE,FALSE,TRUE,FALSE,TRUE,1770,3.93,corserine,116,1689,Corserine,814,249780,587068,NX497870,Corserine,corserine,2,0,NX497870,6,Neither,Neither
Cairnsmore of Carsphairn,Dumfries and Galloway,797,Cairnsmore of Carsphairn from the Green Well of Scotland,https://www.walkhighlands.co.uk/galloway/cairnsmore-of-carsphairn.shtml,3,5,11.5,656,FALSE,FALSE,FALSE,TRUE,TRUE,FALSE,FALSE,FALSE,FALSE,FALSE,FALSE,FALSE,1824,3.21,cairnsmore of carsphairn,91,1739,Cairnsmore of Carsphairn,797,259464,597995,NX594979,Cairnsmore of Carsphairn,cairnsmore of carsphairn,4,0,NX594979,4,Neither,Neither
