munro,region,height_wh,first_route_title,first_route_url,time_hours_min,time_hours_max,distance_km,ascent,scramble,exposed,spate,bog,river,pathless,toilet,bothy,pub,car_park,deer_fence,ascents,rating,munro_key_wh,row_id_x,number,height_dobih,xcoord,ycoord,grid_ref,row_id_y,height_diff,site_key,time,scramble_exposed,wet
Conival,Ullapool,987,Ben More Assynt and Conival from Inchnadamph,https://www.walkhighlands.co.uk/ullapool/benmoreassynt.shtml,8.5,10,17.25,1077,TRUE,FALSE,FALSE,TRUE,TRUE,FALSE,FALSE,FALSE,FALSE,TRUE,FALSE,7463,3.76,conival,130,1184,987,230330,919938,NC303199,269,0,NC303199,9.25,Scramble,Boggy
Ben More Assynt,Ullapool,998,Ben More Assynt and Conival from Inchnadamph,https://www.walkhighlands.co.uk/ullapool/benmoreassynt.shtml,8.5,10,17.25,1077,TRUE,FALSE,FALSE,TRUE,TRUE,FALSE,FALSE,FALSE,FALSE,TRUE,FALSE,7205,3.97,ben more assynt,79,1183,998,231830,920150,NC318201,268,0,NC318201,9.25,Scramble,Boggy
Ben Hope,Sutherland,927,Ben Hope from Strathmore,https://www.walkhighlands.co.uk/sutherland/ben-hope.shtml,4,6,7.5,946,FALSE,FALSE,FALSE,FALSE,FALSE,FALSE,FALSE,FALSE,FALSE,TRUE,FALSE,9960,3.81,ben hope,71,1123,927,247750,950151,NC477501,266,0,NC477501,5,Neither,Neither
Ben Klibreck,Sutherland,962,Ben Klibreck from Strath Vagastie,https://www.walkhighlands.co.uk/sutherland/ben-klibreck.shtml,5,7,14.25,930,FALSE,FALSE,FALSE,TRUE,FALSE,FALSE,FALSE,FALSE,FALSE,FALSE,FALSE,6719,3.3499999999999996,ben klibreck,72,1165,962.1,258530,929921,NC585299,267,0.10000000000002274,NC585299,6,Neither,Boggy
Sgùrr na Banachdich,Isle of Skye,965,Sgùrr na Banachdich via Coire nan Eich,https://www.walkhighlands.co.uk/skye/sgurrnabanachdich.shtml,5,7,7.5,936,TRUE,FALSE,FALSE,FALSE,FALSE,FALSE,FALSE,FALSE,FALSE,FALSE,FALSE,6529,4.01,sgurr na banachdich,233,1245,965,144046,822448,NG440224,275,0,NG440224,6,Scramble,Neither
Inaccessible Pinnacle,Isle of Skye,986,Sgùrr Dearg and the approach to the Inn Pinn,https://www.walkhighlands.co.uk/skye/innpinn.shtml,6,8,8,1065,TRUE,TRUE,FALSE,FALSE,FALSE,FALSE,FALSE,FALSE,FALSE,FALSE,FALSE,5875,4.6,inaccessible pinnacle,156,1240,985.8,144404,821564,NG444215,276,0.20000000000004547,NG444215,7,Both,Neither
Sgùrr a' Ghreadaidh,Isle of Skye,973,Sgùrr a Ghreadaidh and Sgùrr a Mhadaidh via An Dorus,https://www.walkhighlands.co.uk/skye/sgurraghreadaidh.shtml,6,8,9.5,997,TRUE,TRUE,FALSE,FALSE,FALSE,FALSE,FALSE,FALSE,FALSE,FALSE,FALSE,4866,4.46,sgurr a' ghreadaidh,213,1243,972.1,144525,823126,NG445231,274,0.8999999999999773,NG445231,7,Both,Neither
Sgùrr a' Mhadaidh,Isle of Skye,918,Sgùrr a Ghreadaidh and Sgùrr a Mhadaidh via An Dorus,https://www.walkhighlands.co.uk/skye/sgurraghreadaidh.shtml,6,8,9.5,997,TRUE,TRUE,FALSE,FALSE,FALSE,FALSE,FALSE,FALSE,FALSE,FALSE,FALSE,5055,4.35,sgurr a' mhadaidh,214,1259,918,144700,823512,NG447235,273,0,NG447235,7,Both,Neither
Sgùrr Alasdair,Isle of Skye,992,Sgùrr Alasdair via the Great Stone Chute,https://www.walkhighlands.co.uk/skye/sgurralasdair.shtml,5,6,9.5,992,TRUE,FALSE,FALSE,FALSE,FALSE,FALSE,TRUE,FALSE,FALSE,FALSE,FALSE,5738,4.51,sgurr alasdair,217,1239,992,145000,820783,NG450207,278,0,NG450207,5.5,Scramble,Neither
Sgùrr Mhic Chòinnich,Isle of Skye,948,Sgùrr Mhic Chòinnich from Coire Lagan,https://www.walkhighlands.co.uk/skye/sgurr-mhic-choinnich.shtml,5,6,11,950,TRUE,TRUE,FALSE,FALSE,FALSE,FALSE,TRUE,FALSE,FALSE,FALSE,FALSE,4801,4.609999999999999,sgurr mhic choinnich,229,1248,948.1,145020,821043,NG450210,277,0.10000000000002274,NG450210,5.5,Both,Neither
Sgùrr nan Eag,Isle of Skye,924,Southern Cuillin and Coire Ghrunnda,https://www.walkhighlands.co.uk/skye/sgurrnaneag.shtml,7,11,15,1159,TRUE,FALSE,FALSE,FALSE,FALSE,FALSE,TRUE,FALSE,FALSE,FALSE,FALSE,5355,4.22,sgurr nan eag,246,1258,926.3,145705,819536,NG457195,280,2.2999999999999545,NG457195,9,Scramble,Neither
Sgùrr Dubh Mòr,Isle of Skye,944,Southern Cuillin and Coire Ghrunnda,https://www.walkhighlands.co.uk/skye/sgurrnaneag.shtml,7,11,15,1159,TRUE,FALSE,FALSE,FALSE,FALSE,FALSE,TRUE,FALSE,FALSE,FALSE,FALSE,4723,4.28,sgurr dubh mor,224,1250,944,145758,820547,NG457205,279,0,NG457205,9,Scramble,Neither
Bruach na Frìthe,Isle of Skye,958,Am Basteir,https://www.walkhighlands.co.uk/skye/ambasteir.shtml,6,7,14,1175,TRUE,TRUE,FALSE,FALSE,TRUE,FALSE,FALSE,FALSE,FALSE,FALSE,FALSE,6959,4.1899999999999995,bruach na frithe,96,1247,958.8,146085,825198,NG460251,272,0.7999999999999545,NG460251,6.5,Both,Neither
Am Basteir,Isle of Skye,934,Am Basteir via the Bealach Basteir from Sligachan,https://www.walkhighlands.co.uk/skye/ambasteir.shtml,6,7,14,1175,TRUE,TRUE,FALSE,FALSE,TRUE,FALSE,FALSE,FALSE,FALSE,FALSE,FALSE,4928,4.46,am basteir,8,1254,934,146564,825302,NG465253,271,0,NG465253,6.5,Both,Neither
Sgùrr nan Gillean,Isle of Skye,964,Sgùrr nan Gillean via the Southeast Ridge (Tourist Route),https://www.walkhighlands.co.uk/skye/sgurrnangillean.shtml,5,7,12,985,TRUE,TRUE,FALSE,FALSE,TRUE,FALSE,FALSE,FALSE,FALSE,FALSE,FALSE,5587,4.619999999999999,sgurr nan gillean,247,1246,966.1,147157,825296,NG471252,270,2.1000000000000227,NG471252,6,Both,Neither
Blà Bheinn,Isle of Skye,928,Blà Bheinn via the normal route from Loch Slapin,https://www.walkhighlands.co.uk/skye/blabheinn.shtml,5,6,8,990,TRUE,FALSE,FALSE,FALSE,FALSE,FALSE,FALSE,FALSE,FALSE,TRUE,FALSE,8951,4.57,bla bheinn,92,1255,929,152990,821743,NG529217,281,1,NG529217,5.5,Scramble,Neither
Ladhar Bheinn,Fort William,1020,"Ladhar Bheinn circuit via Aonach Sgoilite, from Inverie",https://www.walkhighlands.co.uk/fortwilliam/ladhar-bheinn.shtml,9,12,22.5,1399,TRUE,TRUE,FALSE,TRUE,FALSE,TRUE,FALSE,FALSE,TRUE,FALSE,FALSE,4481,4.44,ladhar bheinn,157,731,1020,182400,803983,NG824039,189,0,NG824039,10.5,Both,Boggy
Beinn Sgritheall,Kintail,974,Beinn Sgritheall from Arnisdale,https://www.walkhighlands.co.uk/kintail/Beinnsgritheall.shtml,4,6,10,1095,FALSE,FALSE,FALSE,TRUE,FALSE,FALSE,FALSE,FALSE,FALSE,FALSE,FALSE,4952,4.23,beinn sgritheall,60,695,974,183588,812682,NG835126,182,0,NG835126,5,Neither,Boggy
Tom na Gruagaich,Torridon,922,Beinn Alligin ridge traverse,https://www.walkhighlands.co.uk/torridon/Beinnalligin.shtml,7,8,10.5,1190,TRUE,FALSE,FALSE,FALSE,TRUE,FALSE,FALSE,FALSE,FALSE,TRUE,TRUE,9653,4.46,tom na gruagaich,282,968,922,185958,860153,NG859601,233,0,NG859601,7.5,Scramble,Neither
Sgùrr Mòr,Torridon,986,Beinn Alligin ridge traverse,https://www.walkhighlands.co.uk/torridon/Beinnalligin.shtml,7,8,10.5,1190,TRUE,FALSE,FALSE,FALSE,TRUE,FALSE,FALSE,FALSE,FALSE,TRUE,TRUE,9210,4.52,sgurr mor,231,957,986,186565,861270,NG865612,232,0,NG865612,7.5,Scramble,Neither
Luinne Bheinn,Fort William,939,Luinne Bheinn and Meall Buidhe from Inverie,https://www.walkhighlands.co.uk/fortwilliam/luinne-bheinn.shtml,11,13,27,1586,TRUE,FALSE,FALSE,TRUE,TRUE,TRUE,FALSE,TRUE,TRUE,FALSE,FALSE,4054,4.02,luinne bheinn,159,739,939,186979,800740,NG869007,190,0,NG869007,12,Scramble,Boggy
Mullach an Rathain,Torridon,1023,"Liathach traverse, Glen Torridon",https://www.walkhighlands.co.uk/torridon/Liathach.shtml,8,10,11.5,1326,TRUE,TRUE,FALSE,FALSE,FALSE,FALSE,FALSE,FALSE,FALSE,FALSE,FALSE,7125,4.54,mullach an rathain,187,954,1023.8,191188,857689,NG911576,235,0.7999999999999545,NG911576,9,Both,Neither
Maol Chean-dearg,Torridon,933,Maol Chean-dearg from Coulags,https://www.walkhighlands.co.uk/torridon/Maolcheandearg.shtml,5,7,14,932,FALSE,FALSE,FALSE,FALSE,TRUE,FALSE,FALSE,TRUE,FALSE,FALSE,FALSE,6008,3.78,maol chean-dearg,163,982,933,192406,849911,NG924499,239,0,NG924499,6,Neither,Neither
Spidean a' Choire Lèith,Torridon,1055,"Liathach traverse, Glen Torridon",https://www.walkhighlands.co.uk/torridon/Liathach.shtml,8,10,11.5,1326,TRUE,TRUE,FALSE,FALSE,FALSE,FALSE,FALSE,FALSE,FALSE,FALSE,FALSE,7257,4.6,spidean a' choire leith,250,953,1054.8,192934,857969,NG929579,234,0.20000000000004547,NG929579,9,Both,Neither
The Saddle,Kintail,1010,"The Saddle via the Forcan Ridge, and Sgùrr na Sgìne",https://www.walkhighlands.co.uk/kintail/Thesaddle.shtml,7,9,14,1440,TRUE,TRUE,FALSE,TRUE,FALSE,FALSE,FALSE,FALSE,FALSE,FALSE,FALSE,6325,4.49,the saddle,277,688,1011.5,193610,813124,NG936131,173,1.5,NG936131,8,Both,Boggy
Sgùrr na Sgìne,Kintail,945,"The Saddle via the Forcan Ridge, and Sgùrr na Sgìne",https://www.walkhighlands.co.uk/kintail/Thesaddle.shtml,7,9,14,1440,TRUE,TRUE,FALSE,TRUE,FALSE,FALSE,FALSE,FALSE,FALSE,FALSE,FALSE,5610,3.61,sgurr na sgine,239,701,946,194618,811368,NG946113,174,1,NG946113,8,Both,Boggy
Ruadh-stac Mòr,Torridon,1010,Beinn Eighe via Coire Mhic Fhearchair,https://www.walkhighlands.co.uk/torridon/Beinneighe.shtml,7,9,18,1116,TRUE,TRUE,FALSE,FALSE,FALSE,FALSE,FALSE,FALSE,FALSE,TRUE,FALSE,8099,4.5,ruadh-stac mor,195,955,1010,195142,861152,NG951611,236,0,NG951611,8,Both,Neither
Sgòrr Ruadh,Torridon,962,Sgòrr Ruadh from Achnashellach,https://www.walkhighlands.co.uk/torridon/Sgorrruadh.shtml,6.5,7,16,931,TRUE,FALSE,TRUE,FALSE,TRUE,TRUE,FALSE,FALSE,FALSE,FALSE,FALSE,5073,4.07,sgorr ruadh,209,981,960.7,195907,850506,NG959505,238,1.2999999999999545,NG959505,6.75,Scramble,Large river
Beinn Liath Mhòr,Torridon,926,Beinn Liath Mhòr from Achnashellach,https://www.walkhighlands.co.uk/torridon/Beinnliathmhor.shtml,7,8,15.25,1054,TRUE,FALSE,FALSE,FALSE,TRUE,FALSE,FALSE,FALSE,FALSE,FALSE,FALSE,5298,3.98,beinn liath mhor,53,983,926,196409,851982,NG964519,240,0,NG964519,7.5,Scramble,Neither
Spidean Coire nan Clach,Torridon,993,Beinn Eighe via Coire Mhic Fhearchair,https://www.walkhighlands.co.uk/torridon/Beinneighe.shtml,7,9,18,1116,TRUE,TRUE,FALSE,FALSE,FALSE,FALSE,FALSE,FALSE,FALSE,TRUE,FALSE,8182,4.5,spidean coire nan clach,251,956,993,196615,859780,NG966597,237,0,NG966597,8,Both,Neither
Sgùrr na Càrnach,Kintail,1002,Five Sisters of Kintail traverse,https://www.walkhighlands.co.uk/kintail/Fivesisters.shtml,8,10,12.4,1400,TRUE,FALSE,FALSE,TRUE,TRUE,FALSE,FALSE,FALSE,FALSE,TRUE,FALSE,6687,3.76,sgurr na carnach,234,827,1002,197715,815891,NG977158,197,0,NG977158,9,Scramble,Boggy
Sgùrr Fhuaran,Kintail,1067,Five Sisters of Kintail traverse,https://www.walkhighlands.co.uk/kintail/Fivesisters.shtml,8,10,12.4,1400,TRUE,FALSE,FALSE,TRUE,TRUE,FALSE,FALSE,FALSE,FALSE,TRUE,FALSE,6799,4.25,sgurr fhuaran,227,815,1068.8,197849,816678,NG978166,196,1.7999999999999545,NG978166,9,Scramble,Boggy
Sgùrr a' Mhaoraich,Fort William,1027,Sgùrr a'Mhaoraich from Loch Cuaich,https://www.walkhighlands.co.uk/fortwilliam/sgurramhaoraich.shtml,5,7,14,1077,FALSE,FALSE,FALSE,FALSE,TRUE,FALSE,FALSE,FALSE,FALSE,FALSE,FALSE,4466,4.03,sgurr a' mhaoraich,216,684,1027,198392,806581,NG983065,171,0,NG983065,6,Neither,Neither
Creag nan Dàmh,Kintail,918,South Glen Shiel Ridge walk,https://www.walkhighlands.co.uk/kintail/Glenshielridge.shtml,9,11,26.75,1818,TRUE,FALSE,FALSE,TRUE,FALSE,TRUE,FALSE,FALSE,FALSE,FALSE,FALSE,8291,3.2,creag nan damh,136,708,917.2,198348,811202,NG983112,181,0.7999999999999545,NG983112,10,Scramble,Boggy
Sgùrr na Ciste Duibhe,Kintail,1027,Five Sisters of Kintail traverse,https://www.walkhighlands.co.uk/kintail/Fivesisters.shtml,8,10,12.4,1400,TRUE,FALSE,FALSE,TRUE,TRUE,FALSE,FALSE,FALSE,FALSE,TRUE,FALSE,6826,4.05,sgurr na ciste duibhe,236,825,1027,198401,814953,NG984149,198,0,NG984149,9,Scramble,Boggy
Slioch,Torridon,981,Slioch from Kinlochewe,https://www.walkhighlands.co.uk/torridon/Slioch.shtml,8,9,19,1144,FALSE,FALSE,FALSE,TRUE,TRUE,TRUE,FALSE,FALSE,FALSE,TRUE,FALSE,6566,4.41,slioch,249,1010,981,200468,869076,NH004690,241,0,NH004690,8.5,Neither,Boggy
Sgùrr an Lochain,Kintail,1004,South Glen Shiel Ridge walk,https://www.walkhighlands.co.uk/kintail/Glenshielridge.shtml,9,11,26.75,1818,TRUE,FALSE,FALSE,TRUE,FALSE,TRUE,FALSE,FALSE,FALSE,FALSE,FALSE,8308,3.93,sgurr an lochain,219,690,1004,200583,810428,NH005104,180,0,NH005104,10,Scramble,Boggy
A' Mhaighdean,Ullapool,967,"The Fisherfield 6, from Shenavall",https://www.walkhighlands.co.uk/ullapool/fisherfield-6.shtml,12,18,29,2254,TRUE,FALSE,TRUE,TRUE,TRUE,FALSE,FALSE,TRUE,FALSE,FALSE,FALSE,3893,4.52,a' mhaighdean,6,1014,967,200776,874913,NH007749,243,0,NH007749,15,Scramble,Both
A' Ghlas-bheinn,Kintail,918,a' Ghlas Bheinn and the Falls of Glomach from Morvich,https://www.walkhighlands.co.uk/kintail/Aghlasbheinn.shtml,7,9,21,1196,FALSE,FALSE,TRUE,FALSE,TRUE,TRUE,FALSE,FALSE,FALSE,FALSE,FALSE,4424,3.32,a' ghlas-bheinn,5,846,918,200822,823104,NH008231,204,0,NH008231,8,Neither,Large river
Sgùrr an Doire Leathain,Kintail,1010,South Glen Shiel Ridge walk,https://www.walkhighlands.co.uk/kintail/Glenshielridge.shtml,9,11,26.75,1818,TRUE,FALSE,FALSE,TRUE,FALSE,TRUE,FALSE,FALSE,FALSE,FALSE,FALSE,8381,3.71,sgurr an doire leathain,218,687,1010,201524,809890,NH015098,179,0,NH015098,10,Scramble,Boggy
Sàileag,Kintail,956,Sgùrr a Bhealaich Dheirg and the Brothers of Kintail,https://www.walkhighlands.co.uk/kintail/Brothersridge.shtml,6,8,10,1274,FALSE,FALSE,FALSE,TRUE,FALSE,FALSE,FALSE,FALSE,FALSE,TRUE,FALSE,6504,3.05,saileag,197,839,956,201774,814827,NH017148,199,0,NH017148,7,Neither,Boggy
Beinn Fhada,Kintail,1032,Beinn Fhada from Morvich,https://www.walkhighlands.co.uk/kintail/Beinnfhada.shtml,6,7,16.75,1234,TRUE,TRUE,TRUE,TRUE,TRUE,FALSE,FALSE,FALSE,FALSE,FALSE,FALSE,4815,3.95,beinn fhada,46,823,1031.9,201856,819254,NH018192,203,0.09999999999990905,NH018192,6.5,Both,Both
Ruadh Stac Mòr,Ullapool,918,"The Fisherfield 6, from Shenavall",https://www.walkhighlands.co.uk/ullapool/fisherfield-6.shtml,12,18,29,2254,TRUE,FALSE,TRUE,TRUE,TRUE,FALSE,FALSE,TRUE,FALSE,FALSE,FALSE,3831,4.13,ruadh stac mor,194,1023,918.7,201853,875655,NH018756,242,0.7000000000000455,NH018756,15,Scramble,Both
Maol chinn-dearg,Kintail,981,South Glen Shiel Ridge walk,https://www.walkhighlands.co.uk/kintail/Glenshielridge.shtml,9,11,26.75,1818,TRUE,FALSE,FALSE,TRUE,FALSE,TRUE,FALSE,FALSE,FALSE,FALSE,FALSE,8790,3.3099999999999996,maol chinn-dearg,164,693,980.3,203221,808769,NH032087,178,0.7000000000000455,NH032087,10,Scramble,Boggy
Sgùrr a' Bhealaich Dheirg,Kintail,1036,Sgùrr a Bhealaich Dheirg and the Brothers of Kintail,https://www.walkhighlands.co.uk/kintail/Brothersridge.shtml,6,8,10,1274,FALSE,FALSE,FALSE,TRUE,FALSE,FALSE,FALSE,FALSE,FALSE,TRUE,FALSE,6409,4,sgurr a' bhealaich dheirg,210,821,1036,203517,814360,NH035143,200,0,NH035143,7,Neither,Boggy
Gleouraich,Fort William,1035,Gleouraich & Spidean Mialach,https://www.walkhighlands.co.uk/fortwilliam/spideanmialach.shtml,5,7,12,1130,FALSE,FALSE,FALSE,TRUE,FALSE,FALSE,FALSE,FALSE,FALSE,FALSE,FALSE,5955,4.1899999999999995,gleouraich,154,683,1035,203945,805345,NH039053,170,0,NH039053,6,Neither,Boggy
Beinn Tarsuinn,Ullapool,937,"The Fisherfield 6, from Shenavall",https://www.walkhighlands.co.uk/ullapool/fisherfield-6.shtml,12,18,29,2254,TRUE,FALSE,TRUE,TRUE,TRUE,FALSE,FALSE,TRUE,FALSE,FALSE,FALSE,3876,3.98,beinn tarsuinn,62,1019,933.8,203960,872794,NH039727,244,3.2000000000000455,NH039727,15,Scramble,Both
Aonach Meadhoin,Kintail,1001,Sgùrr a Bhealaich Dheirg and the Brothers of Kintail,https://www.walkhighlands.co.uk/kintail/Brothersridge.shtml,6,8,10,1274,FALSE,FALSE,FALSE,TRUE,FALSE,FALSE,FALSE,FALSE,FALSE,TRUE,FALSE,6423,3.36,aonach meadhoin,23,828,1001,204882,813760,NH048137,201,0,NH048137,7,Neither,Boggy
Bidein a' Choire Sheasgaich,Torridon,945,"Lurg Mhòr and Bidein a' Choire Sheasgaich, from Attadale via Bendronaig Lodge",https://www.walkhighlands.co.uk/torridon/bideinachoiresheasgaich.shtml,16,16,38,1530,TRUE,TRUE,FALSE,FALSE,TRUE,TRUE,TRUE,TRUE,FALSE,TRUE,FALSE,3074,4.02,bidein a' choire sheasgaich,88,898,945,204906,841265,NH049412,226,0,NH049412,16,Both,Neither
Aonach Air Chrith,Kintail,1021,South Glen Shiel Ridge walk,https://www.walkhighlands.co.uk/kintail/Glenshielridge.shtml,9,11,26.75,1818,TRUE,FALSE,FALSE,TRUE,FALSE,TRUE,FALSE,FALSE,FALSE,FALSE,FALSE,8772,3.87,aonach air chrith,20,685,1019.5,205103,808354,NH051083,177,1.5,NH051083,10,Scramble,Boggy
Mullach Coire Mhic Fhearchair,Ullapool,1018,"The Fisherfield 6, from Shenavall",https://www.walkhighlands.co.uk/ullapool/fisherfield-6.shtml,12,18,29,2254,TRUE,FALSE,TRUE,TRUE,TRUE,FALSE,FALSE,TRUE,FALSE,FALSE,FALSE,3887,3.84,mullach coire mhic fhearchair,189,1007,1015.2,205206,873511,NH052735,245,2.7999999999999545,NH052735,15,Scramble,Both
Sgùrr Bàn,Ullapool,989,"The Fisherfield 6, from Shenavall",https://www.walkhighlands.co.uk/ullapool/fisherfield-6.shtml,12,18,29,2254,TRUE,FALSE,TRUE,TRUE,TRUE,FALSE,FALSE,TRUE,FALSE,FALSE,FALSE,3896,3.2,sgurr ban,220,1009,989,205581,874554,NH055745,246,0,NH055745,15,Scramble,Both
Sgùrr nan Ceathreamhnan,Loch Ness,1151,Sgùrr nan Ceathreamhnan Munros from Alltbeithe,https://www.walkhighlands.co.uk/lochness/Ceathreamhnan.shtml,9,11,20,1484,FALSE,FALSE,FALSE,TRUE,FALSE,TRUE,FALSE,TRUE,FALSE,FALSE,TRUE,3610,4.48,sgurr nan ceathreamhnan,240,805,1151,205702,822851,NH057228,205,0,NH057228,10,Neither,Boggy
Ciste Dhubh,Kintail,979,Ciste Dhubh and Am Bathach from the Cluanie Inn,https://www.walkhighlands.co.uk/kintail/Cistedhubh.shtml,5,7,12.5,1040,FALSE,FALSE,FALSE,TRUE,FALSE,FALSE,FALSE,FALSE,FALSE,FALSE,FALSE,5532,3.99,ciste dhubh,128,834,981.1,206236,816618,NH062166,202,2.1000000000000227,NH062166,6,Neither,Boggy
Lurg Mhòr,Torridon,986,"Lurg Mhòr and Bidein a' Choire Sheasgaich, from Attadale via Bendronaig Lodge",https://www.walkhighlands.co.uk/torridon/bideinachoiresheasgaich.shtml,16,16,38,1530,TRUE,TRUE,FALSE,FALSE,TRUE,TRUE,TRUE,TRUE,FALSE,TRUE,FALSE,3051,3.84,lurg mhor,160,896,987,206480,840451,NH064404,227,1,NH064404,16,Both,Neither
Sgùrr Fiona,Ullapool,1060,"An Teallach traverse, Dundonnell",https://www.walkhighlands.co.uk/ullapool/anteallach.shtml,9,10,20,1415,TRUE,TRUE,FALSE,TRUE,FALSE,FALSE,FALSE,TRUE,FALSE,FALSE,FALSE,7051,4.58,sgurr fiona,228,1004,1058.7,206406,883679,NH064836,248,1.2999999999999545,NH064836,9.5,Both,Boggy
Spidean Mialach,Fort William,996,Gleouraich & Spidean Mialach,https://www.walkhighlands.co.uk/fortwilliam/spideanmialach.shtml,5,7,12,1130,FALSE,FALSE,FALSE,TRUE,FALSE,FALSE,FALSE,FALSE,FALSE,FALSE,FALSE,5894,3.77,spidean mialach,252,691,996,206592,804306,NH065043,172,0,NH065043,6,Neither,Boggy
Bidein a' Ghlas Thuill,Ullapool,1062,"An Teallach traverse, Dundonnell",https://www.walkhighlands.co.uk/ullapool/anteallach.shtml,9,10,20,1415,TRUE,TRUE,FALSE,TRUE,FALSE,FALSE,FALSE,TRUE,FALSE,FALSE,FALSE,7358,4.52,bidein a' ghlas thuill,89,1003,1062.5,206896,884366,NH068843,247,0.5,NH068843,9.5,Both,Boggy
Druim Shionnach,Kintail,987,South Glen Shiel Ridge walk,https://www.walkhighlands.co.uk/kintail/Glenshielridge.shtml,9,11,26.75,1818,TRUE,FALSE,FALSE,TRUE,FALSE,TRUE,FALSE,FALSE,FALSE,FALSE,FALSE,8832,3.42,druim shionnach,142,692,985.2,207441,808484,NH074084,176,1.7999999999999545,NH074084,10,Scramble,Boggy
Sgùrr Chòinnich,Torridon,999,Sgùrr a' Chaorachain and Sgùrr Chòinnich from Achnashellach,https://www.walkhighlands.co.uk/torridon/Sgurrchoinnich.shtml,7,8,20.5,1251,FALSE,FALSE,TRUE,TRUE,TRUE,TRUE,FALSE,FALSE,FALSE,TRUE,TRUE,3920,3.61,sgurr choinnich,222,892,999.3,207625,844627,NH076446,225,0.2999999999999545,NH076446,7.5,Neither,Both
Mullach na Dheiragain,Loch Ness,982,Sgùrr nan Ceathreamhnan Munros from Alltbeithe,https://www.walkhighlands.co.uk/lochness/Ceathreamhnan.shtml,9,11,20,1484,FALSE,FALSE,FALSE,TRUE,FALSE,TRUE,FALSE,TRUE,FALSE,FALSE,TRUE,3322,3.15,mullach na dheiragain,191,833,982,208044,825917,NH080259,206,0,NH080259,10,Neither,Boggy
Creag a'Mhàim,Kintail,947,South Glen Shiel Ridge walk,https://www.walkhighlands.co.uk/kintail/Glenshielridge.shtml,9,11,26.75,1818,TRUE,FALSE,FALSE,TRUE,FALSE,TRUE,FALSE,FALSE,FALSE,FALSE,FALSE,8858,3.24,creag a'mhaim,131,700,946.2,208790,807772,NH087077,175,0.7999999999999545,NH087077,10,Scramble,Boggy
Sgùrr a' Chaorachain,Torridon,1053,Sgùrr a' Chaorachain and Sgùrr Chòinnich from Achnashellach,https://www.walkhighlands.co.uk/torridon/Sgurrchoinnich.shtml,7,8,20.5,1251,FALSE,FALSE,TRUE,TRUE,TRUE,TRUE,FALSE,FALSE,FALSE,TRUE,TRUE,3924,3.4299999999999997,sgurr a' chaorachain,211,885,1053,208749,844738,NH087447,224,0,NH087447,7.5,Neither,Both
An Socach,Loch Ness,921,Sgùrr nan Ceathreamhnan Munros from Alltbeithe,https://www.walkhighlands.co.uk/lochness/Ceathreamhnan.shtml,9,11,20,1484,FALSE,FALSE,FALSE,TRUE,FALSE,TRUE,FALSE,TRUE,FALSE,FALSE,TRUE,3872,2.69,an socach,16,845,919.7,208816,822999,NH088229,207,1.2999999999999545,NH088229,10,Neither,Boggy
A' Chralaig,Kintail,1120,a' Chralaig and Mullach Fraoch Choire from Cluanie,https://www.walkhighlands.co.uk/kintail/Achralaig.shtml,6,8,14.5,1150,TRUE,FALSE,FALSE,TRUE,FALSE,FALSE,FALSE,FALSE,FALSE,FALSE,FALSE,5551,3.7,a' chralaig,4,862,1120,209431,814791,NH094147,214,0,NH094147,7,Scramble,Boggy
Mullach Fraoch-choire,Kintail,1102,a' Chralaig and Mullach Fraoch Choire from Cluanie,https://www.walkhighlands.co.uk/kintail/Achralaig.shtml,6,8,14.5,1150,TRUE,FALSE,FALSE,TRUE,FALSE,FALSE,FALSE,FALSE,FALSE,FALSE,FALSE,5120,4.13,mullach fraoch-choire,190,864,1102,209491,817151,NH094171,213,0,NH094171,7,Scramble,Boggy
An Socach,Loch Ness,1069,The Loch Mullardoch Munros circuit,https://www.walkhighlands.co.uk/lochness/mullardoch-munros.shtml,11,14,29.2,1820,TRUE,FALSE,FALSE,TRUE,TRUE,TRUE,FALSE,FALSE,FALSE,TRUE,FALSE,3654,3.68,an socach,18,931,1069,210061,833274,NH100332,231,0,NH100332,12.5,Scramble,Boggy
Moruisg,Torridon,928,Moruisg and Sgùrr nan Ceannaichean from Glen Carron,https://www.walkhighlands.co.uk/torridon/Moruisg.shtml,6,7,12,978,FALSE,FALSE,FALSE,TRUE,TRUE,TRUE,FALSE,FALSE,FALSE,FALSE,TRUE,5543,2.72,moruisg,185,899,928,210114,849939,NH101499,222,0,NH101499,6.5,Neither,Boggy
Beinn Fhionnlaidh,Loch Ness,1005,"Càrn Eige, Mam Sodhail and Beinn Fhionnlaidh from Glen Affric",https://www.walkhighlands.co.uk/lochness/carn-eige.shtml,10,13,28,1727,TRUE,FALSE,TRUE,TRUE,FALSE,FALSE,FALSE,FALSE,FALSE,TRUE,FALSE,3820,3.32,beinn fhionnlaidh,48,826,1004.8,211560,828271,NH115282,210,0.20000000000004547,NH115282,11.5,Scramble,Both
Màm Sodhail,Loch Ness,1181,"Càrn Eige, Màm Sodhail and Beinn Fhionnlaidh from Glen Affric",https://www.walkhighlands.co.uk/lochness/carn-eige.shtml,10,13,28,1727,TRUE,FALSE,TRUE,TRUE,FALSE,FALSE,FALSE,FALSE,FALSE,TRUE,FALSE,4566,3.61,mam sodhail,161,804,1179.4,212007,825332,NH120253,208,1.599999999999909,NH120253,11.5,Scramble,Both
Càrn Eige,Loch Ness,1183,"Càrn Eige, Mam Sodhail and Beinn Fhionnlaidh from Glen Affric",https://www.walkhighlands.co.uk/lochness/carn-eige.shtml,10,13,28,1727,TRUE,FALSE,TRUE,TRUE,FALSE,FALSE,FALSE,FALSE,FALSE,TRUE,FALSE,4408,3.74,carn eige,115,803,1182.8,212355,826197,NH123261,209,0.20000000000004547,NH123261,11.5,Scramble,Both
Sgùrr nan Conbhairean,Kintail,1109,Sgùrr nan Conbhairean from Loch Cluanie,https://www.walkhighlands.co.uk/kintail/sgurrnanconbhairean.shtml,7,8,17.5,1260,FALSE,FALSE,FALSE,FALSE,FALSE,TRUE,FALSE,FALSE,FALSE,FALSE,FALSE,6470,3.92,sgurr nan conbhairean,244,863,1109,212988,813896,NH129138,216,0,NH129138,7.5,Neither,Neither
Sàil Chaorainn,Kintail,1002,Sgùrr nan Conbhairean from Loch Cluanie,https://www.walkhighlands.co.uk/kintail/sgurrnanconbhairean.shtml,7,8,17.5,1260,FALSE,FALSE,FALSE,FALSE,FALSE,TRUE,FALSE,FALSE,FALSE,FALSE,FALSE,6163,3.11,sail chaorainn,196,867,999.2,213313,815442,NH133154,215,2.7999999999999545,NH133154,7.5,Neither,Neither
An Riabhachan,Loch Ness,1129,The Loch Mullardoch Munros circuit,https://www.walkhighlands.co.uk/lochness/mullardoch-munros.shtml,11,14,29.2,1820,TRUE,FALSE,FALSE,TRUE,TRUE,TRUE,FALSE,FALSE,FALSE,TRUE,FALSE,3716,3.68,an riabhachan,14,927,1129,213363,834483,NH133344,230,0,NH133344,12.5,Scramble,Boggy
Maoile Lunndaidh,Torridon,1007,Maoile Lunndaidh from Achnashellach,https://www.walkhighlands.co.uk/torridon/maoilelunndaidh.shtml,8,11,26,1005,FALSE,FALSE,FALSE,TRUE,TRUE,FALSE,FALSE,FALSE,FALSE,TRUE,TRUE,3062,3.15,maoile lunndaidh,162,890,1004.9,213506,845853,NH135458,223,2.1000000000000227,NH135458,9.5,Neither,Boggy
A' Chailleach,Ullapool,997,Sgùrr Breac and a' Chailleach from near Braemore,https://www.walkhighlands.co.uk/ullapool/sgurrbreac.shtml,6,8,16,1127,FALSE,FALSE,FALSE,TRUE,FALSE,TRUE,FALSE,FALSE,FALSE,FALSE,FALSE,5729,3.48,a' chailleach,2,1043,998.6,213621,871413,NH136714,249,1.6000000000000227,NH136714,7,Neither,Boggy
Càrn Ghluasaid,Kintail,957,Sgùrr nan Conbhairean from Loch Cluanie,https://www.walkhighlands.co.uk/kintail/sgurrnanconbhairean.shtml,7,8,17.5,1260,FALSE,FALSE,FALSE,FALSE,FALSE,TRUE,FALSE,FALSE,FALSE,FALSE,FALSE,6668,3.04,carn ghluasaid,116,871,957,214576,812523,NH145125,217,0,NH145125,7.5,Neither,Neither
Fionn Bheinn,Torridon,933,Fionn Bheinn from Achnasheen,https://www.walkhighlands.co.uk/torridon/Fionnbheinn.shtml,5,6,12,807,FALSE,FALSE,FALSE,TRUE,FALSE,TRUE,FALSE,FALSE,FALSE,TRUE,TRUE,7277,3.02,fionn bheinn,144,1050,933,214749,862149,NH147621,258,0,NH147621,5.5,Neither,Boggy
Sgùrr Breac,Ullapool,999,Sgùrr Breac and a' Chailleach from near Braemore,https://www.walkhighlands.co.uk/ullapool/sgurrbreac.shtml,6,8,16,1127,FALSE,FALSE,FALSE,TRUE,FALSE,TRUE,FALSE,FALSE,FALSE,FALSE,FALSE,5735,3.4299999999999997,sgurr breac,221,1042,999.6,215840,871107,NH158711,250,0.6000000000000227,NH158711,7,Neither,Boggy
Sgùrr na Lapaich,Loch Ness,1150,The Loch Mullardoch Munros circuit,https://www.walkhighlands.co.uk/lochness/mullardoch-munros.shtml,11,14,29.2,1820,TRUE,FALSE,FALSE,TRUE,TRUE,TRUE,FALSE,FALSE,FALSE,TRUE,FALSE,4035,4,sgurr na lapaich,237,926,1151,216103,835125,NH161351,229,1,NH161351,12.5,Scramble,Boggy
Tom a' Chòinich,Loch Ness,1112,Toll Creagach and Tom a' Chòinich from Glen Affric,https://www.walkhighlands.co.uk/lochness/Tollcreagach.shtml,6,8,16.5,1096,FALSE,FALSE,TRUE,TRUE,FALSE,TRUE,FALSE,FALSE,FALSE,TRUE,TRUE,5926,3.51,tom a' choinich,280,810,1112,216402,827331,NH164273,211,0,NH164273,7,Neither,Both
Càrn nan Gobhar,Loch Ness,992,The Loch Mullardoch Munros circuit,https://www.walkhighlands.co.uk/lochness/mullardoch-munros.shtml,11,14,29.2,1820,TRUE,FALSE,FALSE,TRUE,TRUE,TRUE,FALSE,FALSE,FALSE,TRUE,FALSE,4176,2.84,carn nan gobhar,124,936,993,218188,834362,NH181343,228,1,NH181343,12.5,Scramble,Boggy
Sgùrr nan Each,Ullapool,923,Sgùrr nan Clach Geala ridge,https://www.walkhighlands.co.uk/ullapool/sgurrnanclachgeala.shtml,7,9,18,1153,FALSE,FALSE,TRUE,TRUE,FALSE,TRUE,FALSE,FALSE,FALSE,FALSE,FALSE,5726,3.83,sgurr nan each,245,1051,923,218464,869769,NH184697,253,0,NH184697,8,Neither,Both
Sgùrr nan Clach Geala,Ullapool,1093,Sgùrr nan Clach Geala ridge,https://www.walkhighlands.co.uk/ullapool/sgurrnanclachgeala.shtml,7,9,18,1153,FALSE,FALSE,TRUE,TRUE,FALSE,TRUE,FALSE,FALSE,FALSE,FALSE,FALSE,5897,4.21,sgurr nan clach geala,241,1041,1093,218428,871473,NH184714,252,0,NH184714,8,Neither,Both
Meall a' Chrasgaidh,Ullapool,934,Sgùrr nan Clach Geala ridge,https://www.walkhighlands.co.uk/ullapool/sgurrnanclachgeala.shtml,7,9,18,1153,FALSE,FALSE,TRUE,TRUE,FALSE,TRUE,FALSE,FALSE,FALSE,FALSE,FALSE,6131,2.61,meall a' chrasgaidh,168,1049,934,218482,873320,NH184733,251,0,NH184733,8,Neither,Both
Toll Creagach,Loch Ness,1054,Toll Creagach and Tom a' Chòinich from Glen Affric,https://www.walkhighlands.co.uk/lochness/Tollcreagach.shtml,6,8,16.5,1096,FALSE,FALSE,TRUE,TRUE,FALSE,TRUE,FALSE,FALSE,FALSE,TRUE,TRUE,5752,2.9099999999999997,toll creagach,278,818,1054,219401,828280,NH194282,212,0,NH194282,7,Neither,Both
Sgùrr Mòr,Ullapool,1110,Sgùrr Mòr and the eastern Fannichs,https://www.walkhighlands.co.uk/ullapool/fannichs.shtml,9,11,24.75,1435,FALSE,FALSE,FALSE,TRUE,FALSE,TRUE,FALSE,FALSE,FALSE,TRUE,FALSE,5430,3.94,sgurr mor,230,1040,1108.9,220323,871818,NH203718,254,1.099999999999909,NH203718,10,Neither,Boggy
Beinn Liath Mhòr Fannaich,Ullapool,954,Sgùrr Mòr and the eastern Fannichs,https://www.walkhighlands.co.uk/ullapool/fannichs.shtml,9,11,24.75,1435,FALSE,FALSE,FALSE,TRUE,FALSE,TRUE,FALSE,FALSE,FALSE,TRUE,FALSE,5392,3,beinn liath mhor fannaich,54,1046,954,221960,872410,NH219724,255,0,NH219724,10,Neither,Boggy
Meall Gorm,Ullapool,949,Sgùrr Mòr and the eastern Fannichs,https://www.walkhighlands.co.uk/ullapool/fannichs.shtml,9,11,24.75,1435,FALSE,FALSE,FALSE,TRUE,FALSE,TRUE,FALSE,FALSE,FALSE,TRUE,FALSE,5071,2.88,meall gorm,178,1047,949.7,222192,869584,NH221695,256,0.7000000000000455,NH221695,10,Neither,Boggy
Sgùrr Fhuar-thuill,Loch Ness,1049,Circuit of the Strathfarrar Munros,https://www.walkhighlands.co.uk/lochness/strathfarrar-munros.shtml,7,10,25,1567,FALSE,FALSE,FALSE,TRUE,FALSE,FALSE,FALSE,FALSE,FALSE,TRUE,FALSE,4781,3.3299999999999996,sgurr fhuar-thuill,226,886,1049,223580,843754,NH235437,221,0,NH235437,8.5,Neither,Boggy
An Coileachan,Ullapool,923,Sgùrr Mòr and the eastern Fannichs,https://www.walkhighlands.co.uk/ullapool/fannichs.shtml,9,11,24.75,1435,FALSE,FALSE,FALSE,TRUE,FALSE,TRUE,FALSE,FALSE,FALSE,TRUE,FALSE,5063,3.05,an coileachan,12,1052,924,224172,868024,NH241680,257,1,NH241680,10,Neither,Boggy
Meall nan Ceapraichean,Ullapool,977,Beinn Dearg Munros circuit from Inverlael,https://www.walkhighlands.co.uk/ullapool/beinndearg.shtml,9,11,27,1569,FALSE,FALSE,FALSE,FALSE,TRUE,TRUE,FALSE,FALSE,FALSE,TRUE,FALSE,5913,3.07,meall nan ceapraichean,181,1064,977,225727,882548,NH257825,262,0,NH257825,10,Neither,Neither
Eididh nan Clach Geala,Ullapool,927,Beinn Dearg Munros circuit from Inverlael,https://www.walkhighlands.co.uk/ullapool/beinndearg.shtml,9,11,27,1569,FALSE,FALSE,FALSE,FALSE,TRUE,TRUE,FALSE,FALSE,FALSE,TRUE,FALSE,5737,3.3899999999999997,eididh nan clach geala,143,1068,927,225788,884216,NH257842,263,0,NH257842,10,Neither,Neither
Sgùrr a' Choire Ghlais,Loch Ness,1083,Circuit of the Strathfarrar Munros,https://www.walkhighlands.co.uk/lochness/strathfarrar-munros.shtml,7,10,25,1567,FALSE,FALSE,FALSE,TRUE,FALSE,FALSE,FALSE,FALSE,FALSE,TRUE,FALSE,4813,3.72,sgurr a' choire ghlais,212,884,1083,225835,843056,NH258430,220,0,NH258430,8.5,Neither,Boggy
Beinn Dearg,Ullapool,1084,Beinn Dearg Munros circuit from Inverlael,https://www.walkhighlands.co.uk/ullapool/beinndearg.shtml,9,11,27,1569,FALSE,FALSE,FALSE,FALSE,TRUE,TRUE,FALSE,FALSE,FALSE,TRUE,FALSE,6273,4,beinn dearg,41,1062,1084,225933,881183,NH259811,261,0,NH259811,10,Neither,Neither
Càrn nan Gobhar,Loch Ness,992,The Loch Mullardoch Munros circuit,https://www.walkhighlands.co.uk/lochness/mullardoch-munros.shtml,11,14,29.2,1820,TRUE,FALSE,FALSE,TRUE,TRUE,TRUE,FALSE,FALSE,FALSE,TRUE,FALSE,4176,2.84,carn nan gobhar,124,895,992,227303,843890,NH273438,219,0,NH273438,12.5,Scramble,Boggy
Cona' Mheall,Ullapool,978,Beinn Dearg Munros circuit from Inverlael,https://www.walkhighlands.co.uk/ullapool/beinndearg.shtml,9,11,27,1569,FALSE,FALSE,FALSE,FALSE,TRUE,TRUE,FALSE,FALSE,FALSE,TRUE,FALSE,5726,3.81,cona' mheall,129,1063,978,227509,881642,NH275816,260,0,NH275816,10,Neither,Neither
Seana Bhràigh,Ullapool,926,Seana Bhràigh from Inverlael,https://www.walkhighlands.co.uk/ullapool/seana-bhraigh.shtml,9,10,27,1095,TRUE,FALSE,TRUE,TRUE,FALSE,TRUE,FALSE,FALSE,FALSE,TRUE,TRUE,3863,4.23,seana bhraigh,199,1069,926,228181,887884,NH281878,264,0,NH281878,9.5,Scramble,Both
Sgùrr na Ruaidhe,Loch Ness,993,Circuit of the Strathfarrar Munros,https://www.walkhighlands.co.uk/lochness/strathfarrar-munros.shtml,7,10,25,1567,FALSE,FALSE,FALSE,TRUE,FALSE,FALSE,FALSE,FALSE,FALSE,TRUE,FALSE,4913,2.67,sgurr na ruaidhe,238,894,993,228900,842615,NH289426,218,0,NH289426,8.5,Neither,Boggy
Am Faochagach,Ullapool,954,Am Faochagach from the Dirrie Mòr,https://www.walkhighlands.co.uk/ullapool/amfaochagach.shtml,5,6,14,700,FALSE,FALSE,TRUE,TRUE,TRUE,FALSE,FALSE,FALSE,FALSE,FALSE,FALSE,4899,2.61,am faochagach,10,1066,953,230361,879372,NH303793,259,1,NH303793,5.5,Neither,Both
Ben Wyvis,Loch Ness,1046,Ben Wyvis from near Garbat,https://www.walkhighlands.co.uk/lochness/Benwyvis.shtml,4.5,5.5,14,935,FALSE,TRUE,FALSE,TRUE,FALSE,TRUE,FALSE,FALSE,FALSE,TRUE,FALSE,12575,3.3699999999999997,ben wyvis,86,1088,1046,246297,868379,NH462683,265,0,NH462683,5,Exposed,Boggy
Càrn Dearg,Cairngorms,945,"The Monadhliath Munros: a' Chailleach, Càrn Sgulain and Càrn Dearg from Glen Banchor",https://www.walkhighlands.co.uk/cairngorms/monadhliath.shtml,8,10,24.5,946,FALSE,FALSE,TRUE,TRUE,FALSE,FALSE,FALSE,FALSE,FALSE,FALSE,FALSE,8289,3.21,carn dearg,114,621,945.7,263568,802398,NH635023,162,0.7000000000000455,NH635023,9,Neither,Both
A' Chailleach,Cairngorms,930,"The Monadhliath Munros: a' Chailleach, Càrn Sgulain and Càrn Dearg from Glen Banchor",https://www.walkhighlands.co.uk/cairngorms/monadhliath.shtml,8,10,24.5,946,FALSE,FALSE,TRUE,TRUE,FALSE,FALSE,FALSE,FALSE,FALSE,FALSE,FALSE,9174,2.64,a' chailleach,3,623,929.3,268110,804178,NH681041,163,0.7000000000000455,NH681041,9,Neither,Both
Càrn Sgulain,Cairngorms,920,"The Monadhliath Munros: a' Chailleach, Càrn Sgulain and Càrn Dearg from Glen Banchor",https://www.walkhighlands.co.uk/cairngorms/monadhliath.shtml,8,10,24.5,946,FALSE,FALSE,TRUE,TRUE,FALSE,FALSE,FALSE,FALSE,FALSE,FALSE,FALSE,8599,2.03,carn sgulain,126,626,920.3,268302,805821,NH683058,164,0.2999999999999545,NH683058,9,Neither,Both
Cairn Gorm,Cairngorms,1245,Ben Macdui and Cairngorm from the ski centre,https://www.walkhighlands.co.uk/cairngorms/macdui-cairngorm.shtml,6,8,17.5,932,FALSE,TRUE,FALSE,TRUE,FALSE,FALSE,FALSE,FALSE,FALSE,TRUE,FALSE,20684,3.04,cairn gorm,99,525,1244.8,300516,804065,NJ005040,153,0.20000000000004547,NJ005040,7,Exposed,Boggy
Beinn Mheadhoin,Cairngorms,1182,Beinn Mheadhoin from Coire Cas via the Shelter Stone,https://www.walkhighlands.co.uk/cairngorms/beinn-mheadhoin.shtml,8,9,19,1560,TRUE,FALSE,TRUE,FALSE,FALSE,TRUE,FALSE,FALSE,FALSE,TRUE,FALSE,7740,4.3,beinn mheadhoin,56,531,1182.9,302460,801695,NJ024016,155,0.900000000000091,NJ024016,8.5,Scramble,Large river
Bynack More,Cairngorms,1090,Bynack More from Glenmore Lodge,https://www.walkhighlands.co.uk/cairngorms/bynackmore.shtml,6.5,7.5,22.5,756,FALSE,FALSE,FALSE,TRUE,TRUE,FALSE,FALSE,FALSE,FALSE,TRUE,FALSE,11549,3.7,bynack more,97,557,1090,304190,806373,NJ041063,154,0,NJ041063,7,Neither,Boggy
Beinn a' Chaorainn,Cairngorms,1082,Beinn a' Chaorainn and Beinn Bhreac from Linn of Dee,https://www.walkhighlands.co.uk/cairngorms/beinn-a-chaorainn.shtml,8,10,29,878,FALSE,FALSE,TRUE,TRUE,FALSE,FALSE,FALSE,FALSE,FALSE,TRUE,FALSE,6757,2.9099999999999997,beinn a' chaorainn,26,559,1083,304515,801360,NJ045013,158,1,NJ045013,9,Neither,Both
Beinn a' Bhùird,Cairngorms,1197,Ben Avon,http://www.walkhighlands.co.uk/cairngorms/ben-avon.shtml,8,10,33.5,1000,TRUE,TRUE,TRUE,FALSE,TRUE,FALSE,TRUE,TRUE,FALSE,TRUE,FALSE,6552,3.71,beinn a' bhuird,25,529,1197,309231,800621,NJ092006,160,0,NJ092006,9,Both,Large river
Ben Avon,Cairngorms,1171,Ben Avon via Gleann an-Slugain (Deeside),https://www.walkhighlands.co.uk/cairngorms/ben-avon.shtml,8,10,33.5,1000,TRUE,TRUE,TRUE,FALSE,TRUE,FALSE,TRUE,TRUE,FALSE,TRUE,FALSE,6406,4.08,ben avon,67,536,1172,313193,801845,NJ131018,159,1,NJ131018,9,Both,Large river
Ben More,Isle of Mull,966,Ben More from Dhiseig,https://www.walkhighlands.co.uk/mull/ben-more-mull.shtml,5,6.5,9.25,945,TRUE,FALSE,FALSE,TRUE,FALSE,FALSE,FALSE,FALSE,FALSE,FALSE,FALSE,8821,4.08,ben more,78,1301,966,152576,733078,NM525330,282,0,NM525330,5.75,Scramble,Boggy
Meall Buidhe,Fort William,946,Luinne Bheinn and Meall Buidhe from Inverie,https://www.walkhighlands.co.uk/fortwilliam/luinne-bheinn.shtml,11,13,27,1586,TRUE,FALSE,FALSE,TRUE,TRUE,TRUE,FALSE,TRUE,TRUE,FALSE,FALSE,4053,3.81,meall buidhe,170,737,946,184898,798977,NM848989,188,0,NM848989,12,Scramble,Boggy
Sgùrr nan Coireachan,Fort William,956,Sgùrr Thuilm & Sgùrr nan Coireachan,https://www.walkhighlands.co.uk/fortwilliam/sgurrthuilm.shtml,9,12,23.5,1428,FALSE,FALSE,FALSE,TRUE,TRUE,FALSE,FALSE,TRUE,FALSE,TRUE,FALSE,4937,3.85,sgurr nan coireachan,243,776,956,190290,788013,NM902880,195,0,NM902880,10.5,Neither,Boggy
Sgùrr na Cìche,Fort William,1040,Sgùrr na Cìche Munros from Loch Arkaig,https://www.walkhighlands.co.uk/fortwilliam/sgurrnaciche.shtml,10,12,26,1523,TRUE,FALSE,TRUE,TRUE,TRUE,FALSE,FALSE,TRUE,FALSE,TRUE,FALSE,3824,4.470000000000001,sgurr na ciche,235,730,1040.2,190220,796686,NM902966,183,0.20000000000004547,NM902966,11,Scramble,Both
Garbh Chioch Mhòr,Fort William,1013,Sgùrr na Cìche Munros from Loch Arkaig,https://www.walkhighlands.co.uk/fortwilliam/sgurrnaciche.shtml,10,12,26,1523,TRUE,FALSE,TRUE,TRUE,TRUE,FALSE,FALSE,TRUE,FALSE,TRUE,FALSE,3700,3.77,garbh chioch mhor,146,732,1012.9,190956,796101,NM909961,184,0.10000000000002274,NM909961,11,Scramble,Both
Sgùrr nan Coireachan,Fort William,953,Sgùrr na Cìche Munros from Loch Arkaig,https://www.walkhighlands.co.uk/fortwilliam/sgurrnaciche.shtml,10,12,26,1523,TRUE,FALSE,TRUE,TRUE,TRUE,FALSE,FALSE,TRUE,FALSE,TRUE,FALSE,3758,3.3,sgurr nan coireachan,242,736,953.8,193308,795827,NM933958,185,0.7999999999999545,NM933958,11,Scramble,Both
Sgùrr Thuilm,Fort William,963,Sgùrr Thuilm & Sgùrr nan Coireachan,https://www.walkhighlands.co.uk/fortwilliam/sgurrthuilm.shtml,9,12,23.5,1428,FALSE,FALSE,FALSE,TRUE,TRUE,FALSE,FALSE,TRUE,FALSE,TRUE,FALSE,4959,3.78,sgurr thuilm,248,774,963,193906,787980,NM939879,194,0,NM939879,10.5,Neither,Boggy
Sgùrr Mòr,Fort William,1003,Sgùrr Mòr and Sgùrr an Fhuarain from Loch Arkaig,https://www.walkhighlands.co.uk/fortwilliam/sgurr-mor.shtml,9,11,24,1510,FALSE,FALSE,TRUE,TRUE,TRUE,TRUE,FALSE,FALSE,FALSE,TRUE,FALSE,2977,3.57,sgurr mor,232,733,1003,196535,798041,NM965980,186,0,NM965980,10,Neither,Both
Gulvain,Fort William,987,Gulvain via Gleann Fionnlighe,https://www.walkhighlands.co.uk/fortwilliam/gulvain.shtml,7,9,21,1228,FALSE,FALSE,FALSE,TRUE,TRUE,FALSE,FALSE,FALSE,FALSE,FALSE,FALSE,4286,3.68,gulvain,155,773,987,200268,787575,NN002875,193,0,NN002875,8,Neither,Boggy
Gairich,Fort William,919,Sgùrr Mòr,https://www.walkhighlands.co.uk/fortwilliam/sgurr-mor.shtml,9,11,24,1510,FALSE,FALSE,TRUE,TRUE,TRUE,TRUE,FALSE,FALSE,FALSE,TRUE,FALSE,4579,3.84,gairich,145,741,919,202589,799580,NN025995,187,0,NN025995,10,Neither,Both
Sgòrr Dhònuill,Fort William,1001,Beinn a' Bheithir via Schoolhouse Ridge,https://www.walkhighlands.co.uk/fortwilliam/beinnabheithir.shtml,7,9,15.5,1387,TRUE,TRUE,FALSE,TRUE,TRUE,TRUE,TRUE,FALSE,TRUE,TRUE,FALSE,9928,4.39,sgorr dhonuill,207,198,1001,204058,755540,NN040555,56,0,NN040555,8,Both,Boggy
Beinn Sgulaird,Argyll,937,Beinn Sgulaird from Loch Creran,https://www.walkhighlands.co.uk/argyll/beinn-sgulaird.shtml,6,8,13,1240,TRUE,FALSE,FALSE,FALSE,FALSE,FALSE,FALSE,FALSE,FALSE,FALSE,FALSE,6297,3.68,beinn sgulaird,61,207,937,205303,746088,NN053460,59,0,NN053460,7,Scramble,Neither
Sgòrr Dhearg,Fort William,1024,Beinn a' Bheithir via Schoolhouse Ridge,https://www.walkhighlands.co.uk/fortwilliam/beinnabheithir.shtml,7,9,15.5,1387,TRUE,TRUE,FALSE,TRUE,TRUE,TRUE,TRUE,FALSE,TRUE,TRUE,FALSE,10326,4.41,sgorr dhearg,206,195,1024,205684,755846,NN056558,55,0,NN056558,8,Both,Boggy
Ben Cruachan,Argyll,1126,Ben Cruachan and Stob Dàimh circuit,https://www.walkhighlands.co.uk/argyll/ben-cruachan.shtml,8,9,13.75,1376,TRUE,FALSE,FALSE,TRUE,FALSE,TRUE,FALSE,FALSE,FALSE,FALSE,TRUE,11740,4.39,ben cruachan,70,232,1127,206962,730472,NN069304,60,1,NN069304,8.5,Scramble,Boggy
Stob Daimh,Argyll,998,Ben Cruachan and Stob Daimh circuit,https://www.walkhighlands.co.uk/argyll/ben-cruachan.shtml,8,9,13.75,1376,TRUE,FALSE,FALSE,TRUE,FALSE,TRUE,FALSE,FALSE,FALSE,FALSE,TRUE,10377,3.68,stob daimh,267,244,999.2,209482,730858,NN094308,61,1.2000000000000455,NN094308,8.5,Scramble,Boggy
Beinn Fhionnlaidh,Argyll,959,"Beinn Fhionnlaidh from Elleric, Glen Creran",https://www.walkhighlands.co.uk/argyll/beinn-fhionnlaidh.shtml,5,6,14.25,980,FALSE,FALSE,FALSE,TRUE,TRUE,TRUE,FALSE,FALSE,FALSE,TRUE,FALSE,6177,3.47,beinn fhionnlaidh,47,201,959,209508,749769,NN095497,58,0,NN095497,5.5,Neither,Boggy
Beinn a' Chochuill,Argyll,980,Beinn Eunaich and Beinn a' Chochuill from near Dalmally,https://www.walkhighlands.co.uk/argyll/beinn-eunaich.shtml,5.5,6.5,13.5,1221,FALSE,FALSE,FALSE,FALSE,FALSE,FALSE,FALSE,FALSE,FALSE,FALSE,FALSE,10005,3.27,beinn a' chochuill,30,251,980,210978,732848,NN109328,63,0,NN109328,6,Neither,Neither
Sgòr na h-Ulaidh,Fort William,994,Sgòr na h-Ulaidh and Meall Ligiche from Glen Coe,https://www.walkhighlands.co.uk/fortwilliam/sgornaulaidh.shtml,7,9,15.5,1292,FALSE,FALSE,TRUE,TRUE,TRUE,TRUE,FALSE,FALSE,FALSE,TRUE,FALSE,5650,3.51,sgor na h-ulaidh,205,199,994,211117,751794,NN111517,57,0,NN111517,8,Neither,Both
Mullach nan Coirean,Fort William,939,"Stob Bàn and Mullach nan Coirean from Polldubh, Glen Nevis",https://www.walkhighlands.co.uk/fortwilliam/stobban.shtml,6,8,13,1155,FALSE,FALSE,FALSE,TRUE,TRUE,FALSE,FALSE,FALSE,FALSE,TRUE,FALSE,9188,3.34,mullach nan coirean,192,321,939.3,212233,766243,NN122662,92,0.2999999999999545,NN122662,7,Neither,Boggy
Ben Starav,Fort William,1078,Ben Starav and Glas Bheinn Mhòr from Glen Etive,https://www.walkhighlands.co.uk/fortwilliam/benstarav.shtml,8,9,16,1423,TRUE,FALSE,FALSE,TRUE,TRUE,FALSE,FALSE,FALSE,FALSE,FALSE,FALSE,7687,4.3,ben starav,82,238,1079.5,212576,742714,NN125427,65,1.5,NN125427,8.5,Scramble,Boggy
Beinn Eunaich,Argyll,989,Beinn Eunaich and Beinn a' Chochuill from near Dalmally,https://www.walkhighlands.co.uk/argyll/beinn-eunaich.shtml,5.5,6.5,13.5,1221,FALSE,FALSE,FALSE,FALSE,FALSE,FALSE,FALSE,FALSE,FALSE,FALSE,FALSE,9872,3.18,beinn eunaich,45,249,989,213562,732797,NN135327,62,0,NN135327,6,Neither,Neither
Sgòrr nam Fiannaidh,Fort William,967,The Aonach Eagach ridge from Glencoe,https://www.walkhighlands.co.uk/fortwilliam/aonacheagach.shtml,8,9,9.5,1100,TRUE,TRUE,FALSE,FALSE,FALSE,FALSE,FALSE,FALSE,FALSE,TRUE,FALSE,10292,4.4,sgorr nam fiannaidh,208,178,967.7,214044,758304,NN140583,47,0.7000000000000455,NN140583,8.5,Both,Neither
Bidean nam Bian,Fort William,1150,Bidean nam Bian via Coire nan Lochain and the Lost Valley,https://www.walkhighlands.co.uk/fortwilliam/bideannambian.shtml,7,9,11,1316,TRUE,FALSE,FALSE,TRUE,TRUE,FALSE,FALSE,FALSE,FALSE,TRUE,FALSE,12552,4.57,bidean nam bian,87,191,1149.4,214341,754211,NN143542,53,0.599999999999909,NN143542,8,Scramble,Boggy
Stob Bàn,Fort William,999,"Stob Bàn and Mullach nan Coirean from Polldubh, Glen Nevis",https://www.walkhighlands.co.uk/fortwilliam/stobban.shtml,6,8,13,1155,FALSE,FALSE,FALSE,TRUE,TRUE,FALSE,FALSE,FALSE,FALSE,TRUE,FALSE,9801,4.430000000000001,stob ban,257,309,999.7,214777,765443,NN147654,91,0.7000000000000455,NN147654,7,Neither,Boggy
Beinn nan Aighenan,Fort William,960,Beinn nan Aighenan from Glen Etive,https://www.walkhighlands.co.uk/fortwilliam/beinn-nan-aighenan.shtml,7,9,15.75,1320,FALSE,FALSE,FALSE,TRUE,TRUE,FALSE,FALSE,FALSE,FALSE,FALSE,FALSE,5546,3.36,beinn nan aighenan,58,254,960,214851,740528,NN148405,64,0,NN148405,8,Neither,Boggy
Glas Bheinn Mhòr,Fort William,997,Ben Starav and Glas Bheinn Mhòr from Glen Etive,https://www.walkhighlands.co.uk/fortwilliam/benstarav.shtml,8,9,16,1423,TRUE,FALSE,FALSE,TRUE,TRUE,FALSE,FALSE,FALSE,FALSE,FALSE,FALSE,6757,3.55,glas bheinn mhor,151,245,997.7,215327,742982,NN153429,66,0.7000000000000455,NN153429,8.5,Scramble,Boggy
Stob Coire Sgreamhach,Fort William,1072,Bidean nam Bian range via Coire nan Lochain and the Lost Valley,https://www.walkhighlands.co.uk/fortwilliam/bideannambian.shtml,7,9,11,1316,TRUE,FALSE,FALSE,TRUE,TRUE,FALSE,FALSE,FALSE,FALSE,TRUE,FALSE,10808,4.119999999999999,stob coire sgreamhach,265,194,1072,215487,753664,NN154536,54,0,NN154536,8,Scramble,Boggy
Meall Dearg,Fort William,953,The Aonach Eagach ridge from Glencoe,https://www.walkhighlands.co.uk/fortwilliam/aonacheagach.shtml,8,9,9.5,1100,TRUE,TRUE,FALSE,FALSE,FALSE,FALSE,FALSE,FALSE,FALSE,TRUE,FALSE,10130,4.53,meall dearg,173,179,952.3,216124,758363,NN161583,48,0.7000000000000455,NN161583,8.5,Both,Neither
Sgùrr a' Mhàim,Fort William,1099,The Ring of Steall,https://www.walkhighlands.co.uk/fortwilliam/ringofsteall.shtml,9,12,16,1676,TRUE,TRUE,TRUE,TRUE,TRUE,FALSE,FALSE,FALSE,FALSE,TRUE,FALSE,10124,4.13,sgurr a' mhaim,215,295,1099,216465,766730,NN164667,90,0,NN164667,10.5,Both,Both
Ben Nevis,Fort William,1345,Ben Nevis via the Mountain Path,https://www.walkhighlands.co.uk/fortwilliam/bennevis.shtml,7,9,17,1352,FALSE,FALSE,FALSE,FALSE,TRUE,FALSE,FALSE,FALSE,FALSE,TRUE,FALSE,27489,3.96,ben nevis,80,278,1344.53,216666,771288,NN166712,73,0.4700000000000273,NN166712,8,Neither,Neither
Stob Coir an Albannaich,Fort William,1044,Stob Coir an Albannaich and Meall nan Eun from Glen Etive,https://www.walkhighlands.co.uk/fortwilliam/stobcoiranalbannaich.shtml,7,9,18,1327,FALSE,FALSE,FALSE,TRUE,TRUE,FALSE,FALSE,FALSE,FALSE,FALSE,FALSE,5581,3.74,stob coir an albannaich,260,241,1044,216952,744303,NN169443,67,0,NN169443,8,Neither,Boggy
Am Bodach,Fort William,1032,The Ring of Steall,https://www.walkhighlands.co.uk/fortwilliam/ringofsteall.shtml,9,12,16,1676,TRUE,TRUE,TRUE,TRUE,TRUE,FALSE,FALSE,FALSE,FALSE,TRUE,FALSE,10554,3.93,am bodach,9,303,1031.8,217637,765097,NN176650,89,0.20000000000004547,NN176650,10.5,Both,Both
Càrn Mòr Dearg,Fort William,1220,Ben Nevis via the Càrn Mòr Dearg Arête,https://www.walkhighlands.co.uk/fortwilliam/carnmordeargarete.shtml,10,11,17.5,1506,TRUE,FALSE,TRUE,TRUE,FALSE,TRUE,FALSE,FALSE,FALSE,TRUE,TRUE,10866,4.25,carn mor dearg,121,282,1220,217748,772172,NN177721,76,0,NN177721,10.5,Scramble,Both
Stob Dubh,Fort William,956,Buachaille Etive Beag,https://www.walkhighlands.co.uk/fortwilliam/buachailleetivebeag.shtml,5,6,8,900,FALSE,FALSE,FALSE,FALSE,FALSE,FALSE,FALSE,FALSE,FALSE,TRUE,FALSE,15670,4.22,stob dubh,269,202,958,217910,753541,NN179535,51,2,NN179535,5.5,Neither,Neither
Stob Coire a' Chàirn,Fort William,981,The Ring of Steall,https://www.walkhighlands.co.uk/fortwilliam/ringofsteall.shtml,9,12,16,1676,TRUE,TRUE,TRUE,TRUE,TRUE,FALSE,FALSE,FALSE,FALSE,TRUE,FALSE,10313,3.36,stob coire a' chairn,261,313,981.3,218561,766063,NN185660,88,0.2999999999999545,NN185660,10.5,Both,Both
An Gearanach,Fort William,982,The Ring of Steall,https://www.walkhighlands.co.uk/fortwilliam/ringofsteall.shtml,9,12,16,1676,TRUE,TRUE,TRUE,TRUE,TRUE,FALSE,FALSE,FALSE,FALSE,TRUE,FALSE,10263,4.109999999999999,an gearanach,13,312,981.5,218770,766992,NN187669,87,0.5,NN187669,10.5,Both,Both
Stob na Bròige,Fort William,956,Buachaille Etive Mòr ridge from Altnafeadh,https://www.walkhighlands.co.uk/fortwilliam/buachailleetivemor.shtml,7,9,13,1110,TRUE,FALSE,FALSE,TRUE,FALSE,FALSE,FALSE,FALSE,FALSE,FALSE,FALSE,12806,4.04,stob na broige,271,203,953.4,219072,752568,NN190525,50,2.6000000000000227,NN190525,8,Scramble,Boggy
Stob Coire Raineach,Fort William,925,Buachaille Etive Beag,https://www.walkhighlands.co.uk/fortwilliam/buachailleetivebeag.shtml,5,6,8,900,FALSE,FALSE,FALSE,FALSE,FALSE,FALSE,FALSE,FALSE,FALSE,TRUE,FALSE,15425,3.9,stob coire raineach,264,209,924.5,219140,754796,NN191547,52,0.5,NN191547,5.5,Neither,Neither
Meall nan Eun,Fort William,928,Stob Coir an Albannaich and Meall nan Eun from Glen Etive,https://www.walkhighlands.co.uk/fortwilliam/stobcoiranalbannaich.shtml,7,9,18,1327,FALSE,FALSE,FALSE,TRUE,TRUE,FALSE,FALSE,FALSE,FALSE,FALSE,FALSE,5375,2.78,meall nan eun,182,258,928,219248,744903,NN192449,68,0,NN192449,8,Neither,Boggy
Aonach Mòr,Fort William,1221,Aonach Beag and Aonach Mòr from Glen Nevis,https://www.walkhighlands.co.uk/fortwilliam/aonachmor.shtml,8,10,16.5,1430,FALSE,FALSE,FALSE,TRUE,TRUE,FALSE,FALSE,FALSE,FALSE,TRUE,FALSE,7857,3.3699999999999997,aonach mor,24,281,1220.4,219306,772962,NN193729,75,0.599999999999909,NN193729,9,Neither,Boggy
Aonach Beag,Fort William,1234,Aonach Beag and Aonach Mòr from Glen Nevis,https://www.walkhighlands.co.uk/fortwilliam/aonachmor.shtml,8,10,16.5,1430,FALSE,FALSE,FALSE,TRUE,TRUE,FALSE,FALSE,FALSE,FALSE,TRUE,FALSE,7166,3.77,aonach beag,22,279,1234,219707,771502,NN197715,74,0,NN197715,9,Neither,Boggy
Beinn Bhuidhe,Argyll,948,Beinn Bhuidhe via Glen Fyne,https://www.walkhighlands.co.uk/argyll/beinn-bhuidhe.shtml,7,8,21.5,955,TRUE,FALSE,FALSE,TRUE,TRUE,TRUE,FALSE,FALSE,FALSE,TRUE,TRUE,8311,3.4,beinn bhuidhe,38,70,948.5,220368,718717,NN203187,20,0.5,NN203187,7.5,Scramble,Boggy
Na Gruagaichean,Fort William,1056,Binnein Mòr and Na Gruagaichean,https://www.walkhighlands.co.uk/fortwilliam/binneinmor.shtml,7,9,14,1336,FALSE,FALSE,FALSE,FALSE,FALSE,TRUE,FALSE,FALSE,FALSE,TRUE,TRUE,7890,3.87,na gruagaichean,193,301,1054.3,220307,765200,NN203652,86,1.7000000000000455,NN203652,8,Neither,Neither
Binnein Mòr,Fort William,1130,Binnein Mòr and Na Gruagaichean,https://www.walkhighlands.co.uk/fortwilliam/binneinmor.shtml,7,9,14,1336,FALSE,FALSE,FALSE,FALSE,FALSE,TRUE,FALSE,FALSE,FALSE,TRUE,TRUE,7416,4.18,binnein mor,91,287,1130,221219,766352,NN212663,85,0,NN212663,8,Neither,Neither
Meall na Teanga,Fort William,918,Sròn a' Choire Ghairbh & Meall na Teanga,https://www.walkhighlands.co.uk/fortwilliam/lochlochymunros.shtml,7,9,19,1258,FALSE,FALSE,FALSE,FALSE,FALSE,FALSE,FALSE,FALSE,FALSE,TRUE,FALSE,6688,3.4299999999999997,meall na teanga,180,759,916.8,222023,792471,NN220924,192,1.2000000000000455,NN220924,8,Neither,Neither
Binnein Beag,Fort William,943,Sgùrr Èilde Mòr and Binnein Beag from Kinlochleven,https://www.walkhighlands.co.uk/fortwilliam/sgurreildemor.shtml,9,11,20,1582,TRUE,FALSE,FALSE,TRUE,FALSE,FALSE,FALSE,FALSE,FALSE,TRUE,FALSE,6100,3.69,binnein beag,90,320,943,222173,767714,NN221677,84,0,NN221677,10,Scramble,Boggy
Stob Dearg,Fort William,1021,Buachaille Etive Mòr ridge from Altnafeadh,https://www.walkhighlands.co.uk/fortwilliam/buachailleetivemor.shtml,7,9,13,1110,TRUE,FALSE,FALSE,TRUE,FALSE,FALSE,FALSE,FALSE,FALSE,FALSE,FALSE,15625,4.56,stob dearg,268,196,1021.4,222265,754254,NN222542,49,0.39999999999997726,NN222542,8,Scramble,Boggy
Sròn a' Choire Ghairbh,Fort William,937,Sròn a' Choire Ghairbh & Meall na Teanga,https://www.walkhighlands.co.uk/fortwilliam/lochlochymunros.shtml,7,9,19,1258,FALSE,FALSE,FALSE,FALSE,FALSE,FALSE,FALSE,FALSE,FALSE,TRUE,FALSE,6831,3.18,sron a' choire ghairbh,253,758,937,222247,794560,NN222945,191,0,NN222945,8,Neither,Neither
Sgùrr Chòinnich Mòr,Fort William,1094,The Grey Corries ridge,https://www.walkhighlands.co.uk/fortwilliam/greycorries.shtml,9,10,21.5,1544,FALSE,FALSE,FALSE,TRUE,FALSE,TRUE,FALSE,FALSE,FALSE,FALSE,FALSE,5743,3.78,sgurr choinnich mor,223,296,1094,222771,771419,NN227714,77,0,NN227714,9.5,Neither,Boggy
Stob Ghabhar,Argyll,1090,Stob Ghabhar & Stob a' Choire Odhair from Victoria Bridge,https://www.walkhighlands.co.uk/argyll/stob-ghabhar.shtml,8,9,16,1239,TRUE,FALSE,TRUE,TRUE,FALSE,FALSE,FALSE,FALSE,FALSE,TRUE,FALSE,8298,4.33,stob ghabhar,270,237,1090,223017,745515,NN230455,69,0,NN230455,8.5,Scramble,Both
Sgùrr Èilde Mòr,Fort William,1010,Sgùrr Èilde Mòr and Binnein Beag from Kinlochleven,https://www.walkhighlands.co.uk/fortwilliam/sgurreildemor.shtml,9,11,20,1582,TRUE,FALSE,FALSE,TRUE,FALSE,FALSE,FALSE,FALSE,FALSE,TRUE,FALSE,6387,3.77,sgurr eilde mor,225,305,1010,223054,765788,NN230657,83,0,NN230657,10,Scramble,Boggy
Creise,Fort William,1100,Meall a'Bhùiridh and Creise from the White Corries ski centre,https://www.walkhighlands.co.uk/fortwilliam/creise.shtml,5,7,10.5,1093,TRUE,TRUE,FALSE,TRUE,TRUE,FALSE,FALSE,FALSE,FALSE,TRUE,FALSE,9764,4.02,creise,138,235,1099.8,223854,750645,NN238506,71,0.20000000000004547,NN238506,6,Both,Boggy
Stob Coire an Laoigh,Fort William,1116,The Grey Corries ridge,https://www.walkhighlands.co.uk/fortwilliam/greycorries.shtml,9,10,21.5,1544,FALSE,FALSE,FALSE,TRUE,FALSE,TRUE,FALSE,FALSE,FALSE,FALSE,FALSE,6113,3.57,stob coire an laoigh,262,289,1116,223984,772532,NN239725,78,0,NN239725,9.5,Neither,Boggy
Beinn a' Chlèibh,Argyll,916,Ben Lui and Beinn a' Chlèibh from Glen Lochay,https://www.walkhighlands.co.uk/argyll/ben-lui.shtml,5,7,10,1078,FALSE,FALSE,TRUE,TRUE,TRUE,TRUE,FALSE,FALSE,FALSE,TRUE,TRUE,11823,2.68,beinn a' chleibh,29,75,916.3,225054,725606,NN250256,15,0.2999999999999545,NN250256,6,Neither,Both
Meall a' Bhùiridh,Fort William,1108,Meall a' Bhùiridh and Creise from the White Corries ski centre,https://www.walkhighlands.co.uk/fortwilliam/creise.shtml,5,7,10.5,1093,TRUE,TRUE,FALSE,TRUE,TRUE,FALSE,FALSE,FALSE,FALSE,TRUE,FALSE,10720,3.14,meall a' bhuiridh,166,233,1107.9,225063,750346,NN250503,72,0.09999999999990905,NN250503,6,Both,Boggy
Beinn Ìme,Loch Lomond,1011,Beinn Ìme and Beinn Narnain from Arrochar,https://www.walkhighlands.co.uk/lochlomond/beinn-ime.shtml,6,7,13.5,1325,TRUE,FALSE,FALSE,TRUE,FALSE,FALSE,FALSE,FALSE,FALSE,TRUE,FALSE,19583,3.3499999999999996,beinn ime,51,68,1012.2,225497,708488,NN254084,17,1.2000000000000455,NN254084,6.5,Scramble,Boggy
Stob a' Choire Odhair,Argyll,945,Stob Ghabhar & Stob a' Choire Odhair from Victoria Bridge,https://www.walkhighlands.co.uk/argyll/stob-ghabhar.shtml,8,9,16,1239,TRUE,FALSE,TRUE,TRUE,FALSE,FALSE,FALSE,FALSE,FALSE,TRUE,FALSE,8459,3.44,stob a' choire odhair,255,255,945,225731,745982,NN257459,70,0,NN257459,8.5,Scramble,Both
Stob Choire Claurigh,Fort William,1177,The Grey Corries ridge,https://www.walkhighlands.co.uk/fortwilliam/greycorries.shtml,9,10,21.5,1544,FALSE,FALSE,FALSE,TRUE,FALSE,TRUE,FALSE,FALSE,FALSE,FALSE,FALSE,6307,3.66,stob choire claurigh,259,285,1177,226196,773878,NN261738,79,0,NN261738,9.5,Neither,Boggy
Ben Lui,Argyll,1130,Ben Lui and Beinn a' Chlèibh from Glen Lochay,https://www.walkhighlands.co.uk/argyll/ben-lui.shtml,5,7,10,1078,FALSE,FALSE,TRUE,TRUE,TRUE,TRUE,FALSE,FALSE,FALSE,TRUE,TRUE,13793,4.14,ben lui,75,65,1131.4,226635,726296,NN266262,12,1.400000000000091,NN266262,6,Neither,Both
Stob Bàn,Fort William,977,Stob Bàn (Grey Corries) from above Corriechoille,https://www.walkhighlands.co.uk/fortwilliam/stob-ban-grey-corries.shtml,6,7,18,852,FALSE,FALSE,FALSE,TRUE,FALSE,FALSE,FALSE,TRUE,FALSE,FALSE,FALSE,6076,4,stob ban,256,314,977,226669,772395,NN266723,80,0,NN266723,6.5,Neither,Boggy
Beinn Narnain,Loch Lomond,926,Beinn Ìme and Beinn Narnain from Arrochar,https://www.walkhighlands.co.uk/lochlomond/beinn-ime.shtml,6,7,13.5,1325,TRUE,FALSE,FALSE,TRUE,FALSE,FALSE,FALSE,FALSE,FALSE,TRUE,FALSE,20781,3.88,beinn narnain,59,74,927,227168,706655,NN271066,19,1,NN271066,6.5,Scramble,Boggy
Ben Vane,Loch Lomond,915,Ben Vane from Inveruglas,https://www.walkhighlands.co.uk/lochlomond/ben-vane.shtml,4.5,6.5,11,930,TRUE,FALSE,FALSE,TRUE,TRUE,FALSE,FALSE,FALSE,FALSE,TRUE,FALSE,17485,3.71,ben vane,83,76,915.76,227753,709844,NN277098,18,0.7599999999999909,NN277098,5.5,Scramble,Boggy
Ben Oss,Argyll,1029,Ben Oss and Beinn Dubhchraig from Dalrigh,https://www.walkhighlands.co.uk/argyll/ben-oss.shtml,7,8,17,1230,FALSE,FALSE,FALSE,TRUE,TRUE,FALSE,FALSE,FALSE,FALSE,TRUE,FALSE,10629,3.4299999999999997,ben oss,81,67,1029,228761,725348,NN287253,13,0,NN287253,7.5,Neither,Boggy
Ben Vorlich,Loch Lomond,943,Ben Vorlich from Inveruglas via Loch Sloy,https://www.walkhighlands.co.uk/lochlomond/ben-vorlich-lomond.shtml,5,6.5,13.5,945,FALSE,FALSE,FALSE,FALSE,FALSE,FALSE,FALSE,FALSE,FALSE,TRUE,FALSE,17853,3.49,ben vorlich,85,71,943,229509,712474,NN295124,16,0,NN295124,5.75,Neither,Neither
Beinn Dubhchraig,Argyll,978,Ben Oss and Beinn Dubhchraig from Dalrigh,https://www.walkhighlands.co.uk/argyll/ben-oss.shtml,7,8,17,1230,FALSE,FALSE,FALSE,TRUE,TRUE,FALSE,FALSE,FALSE,FALSE,TRUE,FALSE,10985,3.25,beinn dubhchraig,43,69,978,230763,725493,NN307254,14,0,NN307254,7.5,Neither,Boggy
Stob Coire Easain,Fort William,1115,The Easains ridge from near Fersit,https://www.walkhighlands.co.uk/fortwilliam/easains.shtml,7,8,16.5,1172,FALSE,FALSE,FALSE,TRUE,FALSE,TRUE,FALSE,FALSE,FALSE,FALSE,FALSE,6829,3.77,stob coire easain,263,290,1115,230802,773066,NN308730,81,0,NN308730,7.5,Neither,Boggy
Stob a' Choire Mheadhoin,Fort William,1106,The Easains ridge from near Fersit,https://www.walkhighlands.co.uk/fortwilliam/easains.shtml,7,8,16.5,1172,FALSE,FALSE,FALSE,TRUE,FALSE,TRUE,FALSE,FALSE,FALSE,FALSE,FALSE,6917,3.54,stob a' choire mheadhoin,254,292,1105,231652,773643,NN316736,82,1,NN316736,7.5,Neither,Boggy
Beinn Dòrain,Argyll,1076,Beinn Achaladair and Beinn a' Chreachain,http://www.walkhighlands.co.uk/argyll/beinn-achaladair.shtml,7,9,21.5,1266,FALSE,FALSE,TRUE,TRUE,TRUE,TRUE,FALSE,FALSE,FALSE,TRUE,TRUE,13542,3.87,beinn dorain,42,105,1076,232554,737855,NN325378,28,0,NN325378,8,Neither,Both
Beinn an Dòthaidh,Argyll,1004,Beinn Achaladair and Beinn a' Chreachain,http://www.walkhighlands.co.uk/argyll/beinn-achaladair.shtml,7,9,21.5,1266,FALSE,FALSE,TRUE,TRUE,TRUE,TRUE,FALSE,FALSE,FALSE,TRUE,TRUE,12619,3.29,beinn an dothaidh,34,112,1004,233178,740868,NN331408,29,0,NN331408,8,Neither,Both
Beinn Achaladair,Argyll,1038,Beinn Achaladair and Beinn a' Chreachain from Achaladair Farm,https://www.walkhighlands.co.uk/argyll/beinn-achaladair.shtml,7,9,21.5,1266,FALSE,FALSE,TRUE,TRUE,TRUE,TRUE,FALSE,FALSE,FALSE,TRUE,TRUE,8355,3.77,beinn achaladair,33,108,1038.6,234468,743242,NN344432,30,0.599999999999909,NN344432,8,Neither,Both
Stob Coire Sgriodain,Fort William,979,Chno Dearg and Stob Coire Sgriodain from Fersit,https://www.walkhighlands.co.uk/fortwilliam/chnodearg.shtml,6,7,13.5,915,FALSE,FALSE,FALSE,TRUE,TRUE,FALSE,FALSE,FALSE,FALSE,FALSE,FALSE,7210,3.4,stob coire sgriodain,266,356,979,235669,774381,NN356743,93,0,NN356743,6.5,Neither,Boggy
Beinn Teallach,Fort William,915,Beinn a' Chaorainn & Beinn Teallach from Glen Spean,https://www.walkhighlands.co.uk/fortwilliam/beinnachaorainn.shtml,6,8,16,1172,FALSE,FALSE,FALSE,TRUE,TRUE,TRUE,FALSE,FALSE,FALSE,FALSE,TRUE,6838,2.7,beinn teallach,63,675,914.6,236136,785973,NN361859,169,0.39999999999997726,NN361859,7,Neither,Boggy
Ben Lomond,Loch Lomond,974,Ben Lomond from Rowardennan,https://www.walkhighlands.co.uk/lochlomond/ben-lomond.shtml,4.5,5.5,12,990,FALSE,FALSE,FALSE,FALSE,FALSE,FALSE,FALSE,FALSE,FALSE,TRUE,FALSE,31871,3.82,ben lomond,74,32,973.7,236707,702863,NN367028,4,0.2999999999999545,NN367028,5,Neither,Neither
Beinn Chabhair,Loch Lomond,933,Beinn Chabhair from Inverarnan,https://www.walkhighlands.co.uk/lochlomond/beinn-chabhair.shtml,5,6.5,13,948,FALSE,FALSE,FALSE,TRUE,FALSE,FALSE,FALSE,FALSE,FALSE,TRUE,TRUE,12743,3.22,beinn chabhair,39,38,932.2,236760,717957,NN367179,11,0.7999999999999545,NN367179,5.75,Neither,Boggy
Beinn Mhanach,Argyll,953,Beinn Mhanach via the Auch Gleann,https://www.walkhighlands.co.uk/argyll/beinn-mhanach.shtml,6.5,7.5,23.5,920,FALSE,FALSE,TRUE,TRUE,TRUE,FALSE,FALSE,FALSE,FALSE,FALSE,FALSE,6451,3.01,beinn mhanach,55,122,953,237371,741140,NN373411,32,0,NN373411,7,Neither,Both
Beinn a' Chreachain,Argyll,1081,Beinn Achaladair and Beinn a' Chreachain from Achaladair Farm,https://www.walkhighlands.co.uk/argyll/beinn-achaladair.shtml,7,9,21.5,1266,FALSE,FALSE,TRUE,TRUE,TRUE,TRUE,FALSE,FALSE,FALSE,TRUE,TRUE,8068,3.46,beinn a' chreachain,31,104,1080.6,237387,744075,NN373440,31,0.40000000000009095,NN373440,8,Neither,Both
Beinn na Lap,Fort William,937,Beinn na Lap from Corrour Station,https://www.walkhighlands.co.uk/fortwilliam/beinn-na-lap.shtml,3,5,10,562,FALSE,FALSE,FALSE,TRUE,FALSE,TRUE,FALSE,FALSE,FALSE,FALSE,FALSE,6368,3.12,beinn na lap,57,364,935,237616,769585,NN376695,95,2,NN376695,4,Neither,Boggy
Chno Dearg,Fort William,1046,Chno Dearg and Stob Coire Sgriodain from Fersit,https://www.walkhighlands.co.uk/fortwilliam/chnodearg.shtml,6,7,13.5,915,FALSE,FALSE,FALSE,TRUE,TRUE,FALSE,FALSE,FALSE,FALSE,FALSE,FALSE,7206,2.71,chno dearg,127,351,1046,237741,774115,NN377741,94,0,NN377741,6.5,Neither,Boggy
An Caisteal,Loch Lomond,995,An Caisteal and Beinn a' Chròin from Glen Falloch,https://www.walkhighlands.co.uk/lochlomond/an-caisteal.shtml,5.5,7,14,1045,TRUE,FALSE,FALSE,TRUE,TRUE,FALSE,FALSE,FALSE,FALSE,FALSE,FALSE,15787,3.5,an caisteal,11,31,995.9,237873,719343,NN378193,8,0.8999999999999773,NN378193,6.25,Scramble,Boggy
Ben Challum,Argyll,1025,Ben Challum from Kirkton Farm,https://www.walkhighlands.co.uk/argyll/ben-challum.shtml,5,7,11.5,910,FALSE,FALSE,FALSE,TRUE,FALSE,FALSE,FALSE,FALSE,FALSE,FALSE,TRUE,10699,3.12,ben challum,68,152,1025,238685,732235,NN386322,44,0,NN386322,6,Neither,Boggy
Beinn a' Chaorainn,Fort William,1050,Beinn a' Chaorainn & Beinn Teallach from Glen Spean,https://www.walkhighlands.co.uk/fortwilliam/beinnachaorainn.shtml,6,8,16,1172,FALSE,FALSE,FALSE,TRUE,TRUE,TRUE,FALSE,FALSE,FALSE,FALSE,TRUE,7169,3.04,beinn a' chaorainn,27,663,1049.1,238605,785062,NN386850,168,0.900000000000091,NN386850,7,Neither,Boggy
Beinn a' Chròin,Loch Lomond,942,An Caisteal and Beinn a' Chròin from Glen Falloch,https://www.walkhighlands.co.uk/lochlomond/an-caisteal.shtml,5.5,7,14,1045,TRUE,FALSE,FALSE,TRUE,TRUE,FALSE,FALSE,FALSE,FALSE,FALSE,FALSE,14880,3.46,beinn a' chroin,32,2925,941.4,238755,718573,NN387185,10,0.6000000000000227,NN387185,6.25,Scramble,Boggy
Creag Mhòr,Perthshire,1047,Beinn Heasgarnich and Creag Mhòr from Glen Lochay,https://www.walkhighlands.co.uk/perthshire/beinn-heasgarnich.shtml,9,11,25.75,1470,FALSE,FALSE,TRUE,TRUE,FALSE,TRUE,FALSE,FALSE,FALSE,TRUE,TRUE,5433,3.06,creag mhor,134,148,1046.8,239150,736111,NN391361,43,0.20000000000004547,NN391361,10,Neither,Both
Cruach Àrdrain,Loch Lomond,1046,Cruach Àrdrain and Beinn Tulaichean from Inverlochlarig,https://www.walkhighlands.co.uk/lochlomond/cruach-ardrain.shtml,6,7,12.5,1019,FALSE,FALSE,FALSE,TRUE,FALSE,TRUE,FALSE,FALSE,FALSE,TRUE,FALSE,13076,3.57,cruach ardrain,139,30,1045.9,240927,721215,NN409212,7,0.09999999999990905,NN409212,6.5,Neither,Boggy
Beinn Heasgarnich,Perthshire,1078,Beinn Heasgarnich and Creag Mhòr from Glen Lochay,https://www.walkhighlands.co.uk/perthshire/beinn-heasgarnich.shtml,9,11,25.75,1470,FALSE,FALSE,TRUE,TRUE,FALSE,TRUE,FALSE,FALSE,FALSE,TRUE,TRUE,5346,3.11,beinn heasgarnich,50,145,1077.4,241380,738339,NN413383,42,0.599999999999909,NN413383,10,Neither,Both
Beinn Tulaichean,Loch Lomond,946,Cruach Àrdrain and Beinn Tulaichean from Inverlochlarig,https://www.walkhighlands.co.uk/lochlomond/cruach-ardrain.shtml,6,7,12.5,1019,FALSE,FALSE,FALSE,TRUE,FALSE,TRUE,FALSE,FALSE,FALSE,TRUE,FALSE,12832,2.97,beinn tulaichean,64,35,945.8,241660,719604,NN416196,9,0.20000000000004547,NN416196,6.5,Neither,Boggy
Càrn Dearg,Fort William,941,Càrn Dearg and Sgòr Gaibhre from Corrour Station,https://www.walkhighlands.co.uk/fortwilliam/sgor-gaibhre.shtml,7,8,21.75,973,FALSE,FALSE,FALSE,TRUE,FALSE,TRUE,FALSE,FALSE,FALSE,FALSE,FALSE,5614,3.19,carn dearg,112,363,941,241773,766143,NN417661,96,0,NN417661,7.5,Neither,Boggy
Creag Meagaidh,Fort William,1128,Creag Meagaidh Munros circuit,https://www.walkhighlands.co.uk/fortwilliam/creagmeagaidh.shtml,8,10,21,1080,FALSE,FALSE,FALSE,TRUE,TRUE,FALSE,TRUE,FALSE,FALSE,TRUE,FALSE,9548,4.09,creag meagaidh,133,658,1128.1,241839,787545,NN418875,165,0.09999999999990905,NN418875,9,Neither,Boggy
Stob Poite Coire Àrdair,Fort William,1054,Creag Meagaidh Munros circuit,https://www.walkhighlands.co.uk/fortwilliam/creagmeagaidh.shtml,8,10,21,1080,FALSE,FALSE,FALSE,TRUE,TRUE,FALSE,TRUE,FALSE,FALSE,TRUE,FALSE,9226,2.96,stob poite coire ardair,272,662,1054,242884,788845,NN428888,166,0,NN428888,9,Neither,Boggy
Meall Glas,Loch Lomond,959,Sgiath Chùil and Meall Glas from Glen Dochart,https://www.walkhighlands.co.uk/lochlomond/meall-glas.shtml,7,9,15.5,1182,FALSE,FALSE,FALSE,TRUE,TRUE,TRUE,FALSE,FALSE,FALSE,FALSE,TRUE,7966,2.72,meall glas,177,158,959,243148,732194,NN431321,45,0,NN431321,8,Neither,Boggy
Ben More,Loch Lomond,1174,Ben More and Stob Binnein from Benmore Farm,https://www.walkhighlands.co.uk/lochlomond/ben-more.shtml,6,8,12,1335,TRUE,FALSE,FALSE,TRUE,FALSE,TRUE,FALSE,FALSE,FALSE,FALSE,FALSE,16164,3.8,ben more,77,26,1174,243276,724417,NN432244,5,0,NN432244,7,Scramble,Boggy
Stob Binnein,Loch Lomond,1165,Ben More and Stob Binnein from Benmore Farm,https://www.walkhighlands.co.uk/lochlomond/ben-more.shtml,6,8,12,1335,TRUE,FALSE,FALSE,TRUE,FALSE,TRUE,FALSE,FALSE,FALSE,FALSE,FALSE,14904,4.01,stob binnein,258,27,1165,243481,722712,NN434227,6,0,NN434227,7,Scramble,Boggy
Sgòr Gaibhre,Fort William,955,Càrn Dearg and Sgòr Gaibhre from Corrour Station,https://www.walkhighlands.co.uk/fortwilliam/sgor-gaibhre.shtml,7,8,21.75,973,FALSE,FALSE,FALSE,TRUE,FALSE,TRUE,FALSE,FALSE,FALSE,FALSE,FALSE,5306,3.38,sgor gaibhre,203,361,955,244477,767448,NN444674,97,0,NN444674,7.5,Neither,Boggy
Beinn Èibhinn,Cairngorms,1102,"Aonach Beag, Geal Chàrn, Beinn Èibhinn and Càrn Dearg from Culra",https://www.walkhighlands.co.uk/cairngorms/aonach-beag.shtml,8,9,18.5,1110,TRUE,TRUE,FALSE,TRUE,FALSE,TRUE,FALSE,TRUE,FALSE,FALSE,FALSE,4668,3.38,beinn eibhinn,44,348,1103.3,244965,773302,NN449733,98,1.2999999999999545,NN449733,8.5,Both,Boggy
Aonach Beag,Cairngorms,1116,"Aonach Beag, Geal Chàrn, Beinn Èibhinn and Càrn Dearg from Culra",https://www.walkhighlands.co.uk/cairngorms/aonach-beag.shtml,8,9,18.5,1110,TRUE,TRUE,FALSE,TRUE,FALSE,TRUE,FALSE,TRUE,FALSE,FALSE,FALSE,4757,3.51,aonach beag,21,347,1115.8,245786,774190,NN457741,99,0.20000000000004547,NN457741,8.5,Both,Boggy
Sgiath Chùil,Loch Lomond,921,Sgiath Chùil and Meall Glas from Glen Dochart,https://www.walkhighlands.co.uk/lochlomond/meall-glas.shtml,7,9,15.5,1182,FALSE,FALSE,FALSE,TRUE,TRUE,TRUE,FALSE,FALSE,FALSE,FALSE,TRUE,7937,2.73,sgiath chuil,201,165,920.1,246290,731793,NN462317,46,0.8999999999999773,NN462317,8,Neither,Boggy
Geal-chàrn,Cairngorms,1132,"Aonach Beag, Geal Chàrn, Beinn Èibhinn and Càrn Dearg from Culra",https://www.walkhighlands.co.uk/cairngorms/aonach-beag.shtml,8,9,18.5,1110,TRUE,TRUE,FALSE,TRUE,FALSE,TRUE,FALSE,TRUE,FALSE,FALSE,FALSE,4820,3.4499999999999997,geal-charn,149,346,1132,246992,774629,NN469746,100,0,NN469746,8.5,Both,Boggy
Beinn a' Chlachair,Fort William,1087,"Beinn a' Chlachair, Geal Chàrn & Creag Pitridh from Loch Laggan",https://www.walkhighlands.co.uk/fortwilliam/beinn-a-chlachair.shtml,8,10,26,1275,TRUE,FALSE,FALSE,TRUE,TRUE,TRUE,FALSE,FALSE,FALSE,FALSE,FALSE,6029,3.3,beinn a' chlachair,28,349,1087,247122,778155,NN471781,102,0,NN471781,9,Scramble,Boggy
Càrn Liath,Fort William,1006,Creag Meagaidh Munros circuit,https://www.walkhighlands.co.uk/fortwilliam/creagmeagaidh.shtml,8,10,21,1080,FALSE,FALSE,FALSE,TRUE,TRUE,FALSE,TRUE,FALSE,FALSE,TRUE,FALSE,9419,2.77,carn liath,119,668,1006,247229,790325,NN472903,167,0,NN472903,9,Neither,Boggy
Stùcd an Lochain,Perthshire,960,Stuchd an Lochain from Loch an Dàimh,https://www.walkhighlands.co.uk/perthshire/stuchd-an-lochain.shtml,3.5,4.5,8.5,726,FALSE,FALSE,FALSE,TRUE,TRUE,FALSE,FALSE,FALSE,FALSE,FALSE,FALSE,10759,3.59,stucd an lochain,274,120,960,248305,744840,NN483448,26,0,NN483448,4,Neither,Boggy
Creag Pitridh,Fort William,924,"Beinn a' Chlachair, Geal Chàrn & Creag Pitridh from Loch Laggan",https://www.walkhighlands.co.uk/fortwilliam/beinn-a-chlachair.shtml,8,10,26,1275,TRUE,FALSE,FALSE,TRUE,TRUE,TRUE,FALSE,FALSE,FALSE,FALSE,FALSE,6230,3.18,creag pitridh,137,367,924,248752,781459,NN487814,103,0,NN487814,9,Scramble,Boggy
Ben Alder,Cairngorms,1148,"Ben Alder via the Long Leachas, with Beinn Bheòil",https://www.walkhighlands.co.uk/cairngorms/ben-alder.shtml,7,8,17,1021,TRUE,FALSE,TRUE,FALSE,TRUE,TRUE,FALSE,TRUE,FALSE,FALSE,FALSE,5203,4.22,ben alder,66,345,1148,249616,771855,NN496718,105,0,NN496718,7.5,Scramble,Large river
Meall Buidhe,Perthshire,932,Meall Buidhe from Loch an Dàimh,https://www.walkhighlands.co.uk/perthshire/meall-buidhe.shtml,2.5,3.5,8.5,551,FALSE,FALSE,FALSE,TRUE,FALSE,FALSE,FALSE,FALSE,FALSE,FALSE,FALSE,10999,3.03,meall buidhe,169,123,932.1,249838,749946,NN498499,27,0.10000000000002274,NN498499,3,Neither,Boggy
Càrn Dearg,Cairngorms,1034,"Aonach Beag, Geal Chàrn, Beinn Èibhinn and Càrn Dearg from Culra",https://www.walkhighlands.co.uk/cairngorms/aonach-beag.shtml,8,9,18.5,1110,TRUE,TRUE,FALSE,TRUE,FALSE,TRUE,FALSE,TRUE,FALSE,FALSE,FALSE,4631,3.04,carn dearg,113,352,1034,250416,776444,NN504764,101,0,NN504764,8.5,Both,Boggy
Geal chàrn,Fort William,1049,"Beinn a' Chlachair, Geal Chàrn & Creag Pitridh from Loch Laggan",https://www.walkhighlands.co.uk/fortwilliam/beinn-a-chlachair.shtml,8,10,26,1275,TRUE,FALSE,FALSE,TRUE,TRUE,TRUE,FALSE,FALSE,FALSE,FALSE,FALSE,6266,3,geal charn,147,350,1049,250432,781181,NN504811,104,0,NN504811,9,Scramble,Boggy
Meall Ghaordaidh,Perthshire,1039,Meall Ghaordaidh from Glen Lochay,https://www.walkhighlands.co.uk/perthshire/meall-ghaordaidh.shtml,4,6,9.5,895,FALSE,FALSE,FALSE,TRUE,FALSE,FALSE,FALSE,FALSE,FALSE,FALSE,FALSE,10886,3.01,meall ghaordaidh,176,150,1039.8,251442,739704,NN514397,41,0.7999999999999545,NN514397,5,Neither,Boggy
Beinn Bheoil,Cairngorms,1019,"Ben Alder via the Long Leachas, with Beinn Bheoil",https://www.walkhighlands.co.uk/cairngorms/ben-alder.shtml,7,8,17,1021,TRUE,FALSE,TRUE,FALSE,TRUE,TRUE,FALSE,TRUE,FALSE,FALSE,FALSE,4719,3.15,beinn bheoil,35,354,1019,251716,771722,NN517717,106,0,NN517717,7.5,Scramble,Large river
Geal Chàrn,Cairngorms,926,Geal Chàrn from Garva Bridge,https://www.walkhighlands.co.uk/cairngorms/geal-charn.shtml,5,6,12.5,625,FALSE,FALSE,TRUE,TRUE,TRUE,FALSE,FALSE,FALSE,FALSE,FALSE,FALSE,8330,2.76,geal charn,148,624,926,256144,798768,NN561987,161,0,NN561987,5.5,Neither,Both
Beinn Udlamain,Cairngorms,1010,Beinn Udlamain and Sgàirneach Mhòr from Drumochter Pass,https://www.walkhighlands.co.uk/cairngorms/beinn-udlamain.shtml,6,7,15.75,783,FALSE,FALSE,FALSE,TRUE,FALSE,FALSE,FALSE,FALSE,FALSE,FALSE,FALSE,11318,2.96,beinn udlamain,65,383,1010.2,257945,773975,NN579739,107,0.20000000000004547,NN579739,6.5,Neither,Boggy
Meall nan Tarmachan,Perthshire,1044,The Tarmachan Ridge,https://www.walkhighlands.co.uk/perthshire/meall-nan-tarmachan.shtml,5,7,13,783,TRUE,FALSE,FALSE,TRUE,FALSE,FALSE,FALSE,FALSE,FALSE,TRUE,FALSE,18403,4.07,meall nan tarmachan,183,149,1043.6,258518,738998,NN585389,40,0.40000000000009095,NN585389,6,Scramble,Boggy
Geal-chàrn,Cairngorms,917,Beinn Udlamain and Sgàirneach Mhòr,http://www.walkhighlands.co.uk/cairngorms/beinn-udlamain.shtml,6,7,15.75,783,FALSE,FALSE,FALSE,TRUE,FALSE,FALSE,FALSE,FALSE,FALSE,FALSE,FALSE,13571,2.71,geal-charn,150,392,917.1,259644,778261,NN596782,110,0.10000000000002274,NN596782,6.5,Neither,Boggy
Sgàirneach Mhòr,Cairngorms,991,Beinn Udlamain and Sgàirneach Mhòr from Drumochter Pass,https://www.walkhighlands.co.uk/cairngorms/beinn-udlamain.shtml,6,7,15.75,783,FALSE,FALSE,FALSE,TRUE,FALSE,FALSE,FALSE,FALSE,FALSE,FALSE,FALSE,11209,3.01,sgairneach mhor,200,384,991,259882,773130,NN598731,108,0,NN598731,6.5,Neither,Boggy
A' Mharconaich,Cairngorms,975,Beinn Udlamain and Sgàirneach Mhòr,http://www.walkhighlands.co.uk/cairngorms/beinn-udlamain.shtml,6,7,15.75,783,FALSE,FALSE,FALSE,TRUE,FALSE,FALSE,FALSE,FALSE,FALSE,FALSE,FALSE,13364,2.96,a' mharconaich,7,386,973.2,260423,776293,NN604762,109,1.7999999999999545,NN604762,6.5,Neither,Boggy
Meall a' Choire Lèith,Perthshire,926,Meall Corranaich and Meall a' Choire Lèith from the Lairig an Lochain,https://www.walkhighlands.co.uk/perthshire/meall-corranaich.shtml,5,6,9.5,740,FALSE,FALSE,FALSE,TRUE,FALSE,FALSE,FALSE,FALSE,FALSE,FALSE,FALSE,13606,2.6,meall a' choire leith,167,163,925.6,261249,743882,NN612438,39,0.39999999999997726,NN612438,5.5,Neither,Boggy
Meall Corranaich,Perthshire,1069,Meall Corranaich and Meall a' Choire Lèith from the Lairig an Lochain,https://www.walkhighlands.co.uk/perthshire/meall-corranaich.shtml,5,6,9.5,740,FALSE,FALSE,FALSE,TRUE,FALSE,FALSE,FALSE,FALSE,FALSE,FALSE,FALSE,14615,3.03,meall corranaich,172,146,1069,261534,741047,NN615410,38,0,NN615410,5.5,Neither,Boggy
Stùc a' Chròin,Perthshire,975,Ben Vorlich and Stùc a' Chròin from Ardvorlich,https://www.walkhighlands.co.uk/perthshire/ben-vorlich.shtml,6,7,14.5,1145,TRUE,FALSE,FALSE,TRUE,FALSE,FALSE,FALSE,FALSE,FALSE,FALSE,FALSE,18306,3.84,stuc a' chroin,273,18,973,261746,717465,NN617174,3,2,NN617174,6.5,Scramble,Boggy
Beinn Ghlas,Perthshire,1103,Ben Lawers and Beinn Ghlas,https://www.walkhighlands.co.uk/perthshire/ben-lawers.shtml,4,6,11,942,FALSE,TRUE,FALSE,FALSE,FALSE,FALSE,FALSE,FALSE,FALSE,TRUE,FALSE,25176,3.42,beinn ghlas,49,144,1103,262529,740463,NN625404,37,0,NN625404,5,Exposed,Neither
Ben Vorlich,Perthshire,985,Ben Vorlich and Stùc a' Chròin from Ardvorlich,https://www.walkhighlands.co.uk/perthshire/ben-vorlich.shtml,6,7,14.5,1145,TRUE,FALSE,FALSE,TRUE,FALSE,FALSE,FALSE,FALSE,FALSE,FALSE,FALSE,24498,3.38,ben vorlich,84,17,985.3,262912,718916,NN629189,2,0.2999999999999545,NN629189,6.5,Scramble,Boggy
Ben Lawers,Perthshire,1214,Ben Lawers and Beinn Ghlas,https://www.walkhighlands.co.uk/perthshire/ben-lawers.shtml,4,6,11,942,FALSE,TRUE,FALSE,FALSE,FALSE,FALSE,FALSE,FALSE,FALSE,TRUE,FALSE,25719,3.92,ben lawers,73,141,1214,263553,741424,NN635414,33,0,NN635414,5,Exposed,Neither
Càrn Gorm,Perthshire,1029,Càrn Mairg circuit from Invervar,https://www.walkhighlands.co.uk/perthshire/carn-mairg.shtml,7,8,17.5,1330,FALSE,FALSE,FALSE,FALSE,FALSE,FALSE,FALSE,FALSE,FALSE,TRUE,TRUE,14624,3.03,carn gorm,117,109,1029,263516,750071,NN635500,23,0,NN635500,7.5,Neither,Neither
An Stùc,Perthshire,1117,Circuit of Coire nan Cat,https://www.walkhighlands.co.uk/perthshire/meall-garbh.shtml,7,8,16.5,1230,TRUE,FALSE,FALSE,TRUE,FALSE,FALSE,FALSE,FALSE,FALSE,FALSE,FALSE,13731,4.06,an stuc,19,142,1117.1,263890,743103,NN638431,34,0.09999999999990905,NN638431,7.5,Scramble,Boggy
Meall Garbh,Perthshire,1123,Circuit of Coire nan Cat,https://www.walkhighlands.co.uk/perthshire/meall-garbh.shtml,7,8,16.5,1230,TRUE,FALSE,FALSE,TRUE,FALSE,FALSE,FALSE,FALSE,FALSE,FALSE,FALSE,14240,3.27,meall garbh,174,143,1123.1,264437,743757,NN644437,35,0.09999999999990905,NN644437,7.5,Scramble,Boggy
Meall Garbh,Perthshire,968,Càrn Mairg circuit from Invervar,https://www.walkhighlands.co.uk/perthshire/carn-mairg.shtml,7,8,17.5,1330,FALSE,FALSE,FALSE,FALSE,FALSE,FALSE,FALSE,FALSE,FALSE,TRUE,TRUE,14335,2.6,meall garbh,175,118,968,264707,751686,NN647516,24,0,NN647516,7.5,Neither,Neither
A' Bhuidheanach Bheag,Cairngorms,936,Càrn na Caim and A' Bhuidheanach Bheag from Drumochter,https://www.walkhighlands.co.uk/cairngorms/carn-na-caim.shtml,5,6,19,824,FALSE,FALSE,FALSE,TRUE,FALSE,FALSE,FALSE,FALSE,FALSE,FALSE,FALSE,10651,2.4,a' bhuidheanach bheag,1,390,936.1,266059,777594,NN660775,113,0.10000000000002274,NN660775,5.5,Neither,Boggy
Meall Greigh,Perthshire,1001,Circuit of Coire nan Cat,https://www.walkhighlands.co.uk/perthshire/meall-garbh.shtml,7,8,16.5,1230,TRUE,FALSE,FALSE,TRUE,FALSE,FALSE,FALSE,FALSE,FALSE,FALSE,FALSE,13581,2.66,meall greigh,179,154,1001,267400,743808,NN674438,36,0,NN674438,7.5,Scramble,Boggy
Càrn na Caim,Cairngorms,941,Càrn na Caim and A' Bhuidheanach Bheag from Drumochter,https://www.walkhighlands.co.uk/cairngorms/carn-na-caim.shtml,5,6,19,824,FALSE,FALSE,FALSE,TRUE,FALSE,FALSE,FALSE,FALSE,FALSE,FALSE,FALSE,10662,2.21,carn na caim,122,389,940.8,267700,782153,NN677821,112,0.20000000000004547,NN677821,5.5,Neither,Boggy
Càrn Mairg,Perthshire,1042,Càrn Mairg circuit from Invervar,https://www.walkhighlands.co.uk/perthshire/carn-mairg.shtml,7,8,17.5,1330,FALSE,FALSE,FALSE,FALSE,FALSE,FALSE,FALSE,FALSE,FALSE,TRUE,TRUE,14150,3.15,carn mairg,120,107,1042,268491,751260,NN684512,22,0,NN684512,7.5,Neither,Neither
Creag Mhòr,Perthshire,981,Càrn Mairg circuit from Invervar,https://www.walkhighlands.co.uk/perthshire/carn-mairg.shtml,7,8,17.5,1330,FALSE,FALSE,FALSE,FALSE,FALSE,FALSE,FALSE,FALSE,FALSE,TRUE,TRUE,13883,2.9099999999999997,creag mhor,135,115,981,269477,749669,NN694496,25,0,NN694496,7.5,Neither,Neither
Schiehallion,Perthshire,1083,Schiehallion from the Braes of Foss,https://www.walkhighlands.co.uk/perthshire/schiehallion.shtml,4,6,10,731,FALSE,FALSE,FALSE,FALSE,FALSE,TRUE,FALSE,FALSE,FALSE,TRUE,FALSE,25708,3.6,schiehallion,198,103,1083,271384,754768,NN713547,21,0,NN713547,5,Neither,Neither
Meall Chuaich,Cairngorms,951,Meall Chuaich from near Dalwhinnie,https://www.walkhighlands.co.uk/cairngorms/meall-chuaich.shtml,4,5,14,614,FALSE,FALSE,FALSE,FALSE,FALSE,FALSE,FALSE,TRUE,FALSE,FALSE,FALSE,11153,2.86,meall chuaich,171,388,951,271648,787834,NN716878,111,0,NN716878,4.5,Neither,Neither
Ben Chonzie,Perthshire,931,Ben Chonzie from Glen Lednock,https://www.walkhighlands.co.uk/perthshire/ben-chonzie.shtml,4,5,12.5,712,FALSE,FALSE,FALSE,TRUE,FALSE,FALSE,FALSE,FALSE,FALSE,FALSE,FALSE,22815,3.04,ben chonzie,69,1,931,277324,730857,NN773308,1,0,NN773308,4.5,Neither,Boggy
Beinn Dearg,Perthshire,1008,"Beinn Dearg from the Old Bridge of Tilt, Blair Atholl",https://www.walkhighlands.co.uk/perthshire/beinn-dearg.shtml,7,9,29,990,FALSE,TRUE,FALSE,TRUE,FALSE,FALSE,FALSE,TRUE,FALSE,TRUE,TRUE,7080,2.99,beinn dearg,40,406,1008.7,285296,777800,NN852778,114,0.7000000000000455,NN852778,8,Exposed,Boggy
Mullach Clach a' Bhlàir,Cairngorms,1019,Mullach Clach a' Bhlàir from Glen Feshie,https://www.walkhighlands.co.uk/cairngorms/mullach-clach-a-bhlair.shtml,6.5,7.5,21.75,870,FALSE,FALSE,FALSE,TRUE,TRUE,FALSE,FALSE,FALSE,FALSE,TRUE,FALSE,8395,2.75,mullach clach a' bhlair,188,571,1019,288285,792702,NN882927,143,0,NN882927,7,Neither,Boggy
Sgòr Gaoith,Cairngorms,1118,Sgòr Gaoith from Glen Feshie,https://www.walkhighlands.co.uk/cairngorms/sgor-gaoith.shtml,6,7,14,913,FALSE,FALSE,FALSE,TRUE,FALSE,TRUE,FALSE,FALSE,FALSE,FALSE,FALSE,12520,4.01,sgor gaoith,204,548,1118,290300,798961,NN903989,144,0,NN903989,6.5,Neither,Boggy
Càrn an Fhìdhleir,Cairngorms,994,An Scarsoch and Càrn an Fhìdhleir from the Linn of Dee,https://www.walkhighlands.co.uk/cairngorms/an-sgarsoch.shtml,11,12,42,1059,FALSE,FALSE,TRUE,TRUE,TRUE,TRUE,FALSE,TRUE,FALSE,TRUE,FALSE,4839,2.76,carn an fhidhleir,106,408,994,290476,784195,NN904841,116,0,NN904841,11.5,Neither,Both
Càrn a' Chlamain,Perthshire,963,Càrn a' Chlamain from Glen Tilt,https://www.walkhighlands.co.uk/perthshire/carn-a-chlamain.shtml,7,9,26,930,FALSE,FALSE,FALSE,FALSE,TRUE,FALSE,FALSE,FALSE,FALSE,TRUE,FALSE,7895,3.26,carn a' chlamain,102,409,963.5,291591,775807,NN915758,117,0.5,NN915758,8,Neither,Neither
An Sgarsoch,Cairngorms,1006,An Scarsoch and Càrn an Fhìdhleir from the Linn of Dee,https://www.walkhighlands.co.uk/cairngorms/an-sgarsoch.shtml,11,12,42,1059,FALSE,FALSE,TRUE,TRUE,TRUE,TRUE,FALSE,TRUE,FALSE,TRUE,FALSE,4887,2.92,an sgarsoch,15,407,1006.5,293339,783685,NN933836,115,0.5,NN933836,11.5,Neither,Both
Càrn Liath,Perthshire,975,Beinn a' Ghlò from Loch Moraig,https://www.walkhighlands.co.uk/perthshire/beinn-a-ghlo.shtml,8,10,22,1239,FALSE,FALSE,FALSE,TRUE,FALSE,FALSE,FALSE,FALSE,FALSE,TRUE,TRUE,13626,3.3499999999999996,carn liath,118,429,976,293607,769830,NN936698,120,1,NN936698,9,Neither,Boggy
Monadh Mòr,Cairngorms,1113,Beinn Bhrotain and Monadh Mòr from Glen Feshie,https://www.walkhighlands.co.uk/cairngorms/beinn-bhrotain.shtml,9,11,29,1505,FALSE,TRUE,TRUE,TRUE,TRUE,FALSE,FALSE,FALSE,FALSE,TRUE,FALSE,5556,2.8699999999999997,monadh mor,184,549,1113,293866,794217,NN938942,149,0,NN938942,10,Exposed,Both
Bràigh Coire Chruinn-bhalgain,Perthshire,1070,Beinn a' Ghlò from Loch Moraig,https://www.walkhighlands.co.uk/perthshire/beinn-a-ghlo.shtml,8,10,22,1239,FALSE,FALSE,FALSE,TRUE,FALSE,FALSE,FALSE,FALSE,FALSE,TRUE,TRUE,12488,3.58,braigh coire chruinn-bhalgain,94,422,1070,294563,772403,NN945724,119,0,NN945724,9,Neither,Boggy
Braeriach,Cairngorms,1296,Cairn Toul and Braeriach traverse,https://www.walkhighlands.co.uk/cairngorms/cairn-toul.shtml,13,13,36,1820,TRUE,TRUE,FALSE,FALSE,TRUE,FALSE,FALSE,TRUE,FALSE,TRUE,FALSE,10114,4.26,braeriach,93,519,1296,295328,799916,NN953999,145,0,NN953999,13,Both,Neither
Beinn Bhrotain,Cairngorms,1157,Beinn Bhrotain and Monadh Mòr from Glen Feshie,https://www.walkhighlands.co.uk/cairngorms/beinn-bhrotain.shtml,9,11,29,1505,FALSE,TRUE,TRUE,TRUE,TRUE,FALSE,FALSE,FALSE,FALSE,TRUE,FALSE,5586,3.4499999999999997,beinn bhrotain,37,538,1157,295413,792292,NN954922,150,0,NN954922,10,Exposed,Both
Sgòr an Lochain Uaine,Cairngorms,1258,Cairn Toul and Braeriach traverse,https://www.walkhighlands.co.uk/cairngorms/cairn-toul.shtml,13,13,36,1820,TRUE,TRUE,FALSE,FALSE,TRUE,FALSE,FALSE,TRUE,FALSE,TRUE,FALSE,8242,4.06,sgor an lochain uaine,202,523,1258,295422,797693,NN954976,146,0,NN954976,13,Both,Neither
Cairn Toul,Cairngorms,1291,Cairn Toul and Braeriach traverse,https://www.walkhighlands.co.uk/cairngorms/cairn-toul.shtml,13,13,36,1820,TRUE,TRUE,FALSE,FALSE,TRUE,FALSE,FALSE,TRUE,FALSE,TRUE,FALSE,8617,4.1,cairn toul,101,521,1291,296328,797229,NN963972,147,0,NN963972,13,Both,Neither
Càrn nan Gabhar,Perthshire,1121,Beinn a' Ghlò from Loch Moraig,https://www.walkhighlands.co.uk/perthshire/beinn-a-ghlo.shtml,8,10,22,1239,FALSE,FALSE,FALSE,TRUE,FALSE,FALSE,FALSE,FALSE,FALSE,TRUE,TRUE,11894,3.91,carn nan gabhar,123,421,1121.9,297116,773314,NN971733,118,0.900000000000091,NN971733,9,Neither,Boggy
The Devil's Point,Cairngorms,1004,Cairn Toul and Braeriach traverse,https://www.walkhighlands.co.uk/cairngorms/cairn-toul.shtml,13,13,36,1820,TRUE,TRUE,FALSE,FALSE,TRUE,FALSE,FALSE,TRUE,FALSE,TRUE,FALSE,8334,3.88,the devil's point,276,575,1006.9,297609,795115,NN976951,148,2.8999999999999773,NN976951,13,Both,Neither
Ben Macdui,Cairngorms,1309,Ben Macdui and Cairngorm from the ski centre,https://www.walkhighlands.co.uk/cairngorms/macdui-cairngorm.shtml,6,8,17.5,932,FALSE,TRUE,FALSE,TRUE,FALSE,FALSE,FALSE,FALSE,FALSE,TRUE,FALSE,17698,3.87,ben macdui,76,518,1309,298899,798943,NN988989,152,0,NN988989,7,Exposed,Boggy
Càrn a' Mhàim,Cairngorms,1037,Càrn a'Mhàim from the Linn of Dee,https://www.walkhighlands.co.uk/cairngorms/carn-a-mhaim.shtml,6,7,22.5,648,FALSE,FALSE,TRUE,TRUE,TRUE,TRUE,FALSE,FALSE,FALSE,TRUE,FALSE,8793,3.86,carn a' mhaim,105,567,1037,299458,795199,NN994951,151,0,NN994951,6.5,Neither,Both
Derry Cairngorm,Cairngorms,1155,Ben Macdui and Derry Cairngorm from the Linn of Dee,https://www.walkhighlands.co.uk/cairngorms/ben-macdui.shtml,9,11,29,1068,FALSE,TRUE,FALSE,TRUE,TRUE,FALSE,FALSE,TRUE,FALSE,TRUE,FALSE,8853,3.36,derry cairngorm,140,539,1155,301734,798032,NO017980,156,0,NO017980,10,Exposed,Boggy
Càrn an Rìgh,Perthshire,1029,Glas Tulaichean and Càrn an Rìgh from the Spittal of Glenshee,https://www.walkhighlands.co.uk/perthshire/glas-tulaichean.shtml,8,10,27,1085,FALSE,FALSE,FALSE,TRUE,TRUE,FALSE,FALSE,FALSE,FALSE,FALSE,FALSE,7321,2.8099999999999996,carn an righ,107,426,1029,302871,777268,NO028772,122,0,NO028772,9,Neither,Boggy
Beinn Iutharn Mhòr,Cairngorms,1045,Beinn Iutharn Mhòr and Càrn Bhac from Inverey,https://www.walkhighlands.co.uk/cairngorms/beinn-iutharn-mhor.shtml,9,10,32,983,FALSE,FALSE,FALSE,FALSE,FALSE,FALSE,FALSE,FALSE,FALSE,TRUE,FALSE,6471,2.97,beinn iutharn mhor,52,425,1045,304566,779279,NO045792,123,0,NO045792,9.5,Neither,Neither
Glas Tulaichean,Perthshire,1051,Glas Tulaichean and Càrn an Rìgh from the Spittal of Glenshee,https://www.walkhighlands.co.uk/perthshire/glas-tulaichean.shtml,8,10,27,1085,FALSE,FALSE,FALSE,TRUE,TRUE,FALSE,FALSE,FALSE,FALSE,FALSE,FALSE,8456,2.96,glas tulaichean,153,424,1051,305105,776011,NO051760,121,0,NO051760,9,Neither,Boggy
Càrn Bhac,Cairngorms,946,Beinn Iutharn Mhòr and Càrn Bhac from Inverey,https://www.walkhighlands.co.uk/cairngorms/beinn-iutharn-mhor.shtml,9,10,32,983,FALSE,FALSE,FALSE,FALSE,FALSE,FALSE,FALSE,FALSE,FALSE,TRUE,FALSE,6468,2.66,carn bhac,111,432,945.1,305104,783225,NO051832,124,0.8999999999999773,NO051832,9.5,Neither,Neither
Beinn Bhreac,Cairngorms,931,Beinn a' Chaorainn and Beinn Bhreac from Linn of Dee,https://www.walkhighlands.co.uk/cairngorms/beinn-a-chaorainn.shtml,8,10,29,878,FALSE,FALSE,TRUE,TRUE,FALSE,FALSE,FALSE,FALSE,FALSE,TRUE,FALSE,7039,2.64,beinn bhreac,36,587,931,305870,797075,NO058970,157,0,NO058970,9,Neither,Both
An Socach,Cairngorms,944,An Socach from Glen Clunie,https://www.walkhighlands.co.uk/cairngorms/an-socach.shtml,5,6,15.75,655,FALSE,FALSE,FALSE,TRUE,FALSE,FALSE,FALSE,FALSE,FALSE,FALSE,FALSE,10030,3.02,an socach,17,433,944,307938,780016,NO079800,125,0,NO079800,5.5,Neither,Boggy
Càrn a' Ghèoidh,Cairngorms,975,The Cairnwell Munros,https://www.walkhighlands.co.uk/cairngorms/cairnwell.shtml,5,6,13,595,FALSE,FALSE,FALSE,FALSE,FALSE,FALSE,FALSE,FALSE,FALSE,TRUE,FALSE,17956,2.84,carn a' gheoidh,104,428,975,310703,776700,NO107767,126,0,NO107767,5.5,Neither,Neither
Càrn Aosda,Cairngorms,915,The Cairnwell Munros,https://www.walkhighlands.co.uk/cairngorms/cairnwell.shtml,5,6,13,595,FALSE,FALSE,FALSE,FALSE,FALSE,FALSE,FALSE,FALSE,FALSE,TRUE,FALSE,19357,2.15,carn aosda,110,438,915.3,313397,779164,NO133791,128,0.2999999999999545,NO133791,5.5,Neither,Neither
The Cairnwell,Cairngorms,933,The Cairnwell Munros,https://www.walkhighlands.co.uk/cairngorms/cairnwell.shtml,5,6,13,595,FALSE,FALSE,FALSE,FALSE,FALSE,FALSE,FALSE,FALSE,FALSE,TRUE,FALSE,19408,2.15,the cairnwell,275,435,933,313486,777360,NO134773,127,0,NO134773,5.5,Neither,Neither
Creag Leacach,Cairngorms,987,Glas Maol Munros from the Cairnwell Pass,https://www.walkhighlands.co.uk/cairngorms/glas-maol.shtml,6.5,7.5,19.25,891,FALSE,FALSE,FALSE,TRUE,FALSE,FALSE,FALSE,FALSE,FALSE,FALSE,FALSE,15911,3.38,creag leacach,132,472,988.2,315468,774548,NO154745,133,1.2000000000000455,NO154745,7,Neither,Boggy
Glas Maol,Cairngorms,1068,Glas Maol Munros from the Cairnwell Pass,https://www.walkhighlands.co.uk/cairngorms/glas-maol.shtml,6.5,7.5,19.25,891,FALSE,FALSE,FALSE,TRUE,FALSE,FALSE,FALSE,FALSE,FALSE,FALSE,FALSE,17166,2.8,glas maol,152,461,1068,316699,776576,NO166765,132,0,NO166765,7,Neither,Boggy
Càrn an Tuirc,Cairngorms,1019,Glas Maol Munros from the Cairnwell Pass,https://www.walkhighlands.co.uk/cairngorms/glas-maol.shtml,6.5,7.5,19.25,891,FALSE,FALSE,FALSE,TRUE,FALSE,FALSE,FALSE,FALSE,FALSE,FALSE,FALSE,16303,2.78,carn an tuirc,109,467,1019,317454,780482,NO174804,135,0,NO174804,7,Neither,Boggy
Cairn of Claise,Cairngorms,1064,Glas Maol Munros from the Cairnwell Pass,https://www.walkhighlands.co.uk/cairngorms/glas-maol.shtml,6.5,7.5,19.25,891,FALSE,FALSE,FALSE,TRUE,FALSE,FALSE,FALSE,FALSE,FALSE,FALSE,FALSE,16220,2.4099999999999997,cairn of claise,100,463,1064,318549,778890,NO185788,134,0,NO185788,7,Neither,Boggy
Càrn an t-Sagairt Mòr,Cairngorms,1047,Lochnagar,https://www.walkhighlands.co.uk/cairngorms/lochnagar.shtml,6,7,19,930,FALSE,FALSE,FALSE,FALSE,TRUE,FALSE,FALSE,FALSE,FALSE,TRUE,FALSE,13242,2.61,carn an t-sagairt mor,108,465,1047,320810,784280,NO208842,131,0,NO208842,6.5,Neither,Neither
Tolmount,Cairngorms,958,Tolmount and Tom Buidhe via Loch Callater,https://www.walkhighlands.co.uk/cairngorms/tolmount.shtml,8,10,26.5,841,FALSE,TRUE,FALSE,TRUE,TRUE,TRUE,FALSE,TRUE,FALSE,TRUE,FALSE,12370,2.53,tolmount,279,479,958,321051,780018,NO210800,137,0,NO210800,9,Exposed,Boggy
Tom Buidhe,Cairngorms,957,Tolmount and Tom Buidhe via Loch Callater,https://www.walkhighlands.co.uk/cairngorms/tolmount.shtml,8,10,26.5,841,FALSE,TRUE,FALSE,TRUE,TRUE,TRUE,FALSE,TRUE,FALSE,TRUE,FALSE,12189,2.16,tom buidhe,281,480,957,321367,778774,NO213787,136,0,NO213787,9,Exposed,Boggy
Cairn Bannoch,Cairngorms,1012,Creag an Dubh-loch,https://www.walkhighlands.co.uk/cairngorms/creag-an-dubh-loch.shtml,7,8,23,813,FALSE,FALSE,TRUE,TRUE,FALSE,FALSE,FALSE,FALSE,FALSE,TRUE,FALSE,13226,2.58,cairn bannoch,98,468,1012,322288,782555,NO222825,138,0,NO222825,7.5,Neither,Both
Càrn a' Choire Bhòidheach,Cairngorms,1110,"White Mounth Munros, Glen Muick",https://www.walkhighlands.co.uk/cairngorms/white-mounth.shtml,9,11,29,1228,FALSE,TRUE,TRUE,FALSE,FALSE,FALSE,TRUE,FALSE,FALSE,TRUE,FALSE,13098,2.4299999999999997,carn a' choire bhoidheach,103,459,1109.9,322673,784557,NO226845,130,0.09999999999990905,NO226845,10,Exposed,Large river
Mayar,Angus,928,Driesh and Mayar from Glen Doll,https://www.walkhighlands.co.uk/angus/mayar-driesh.shtml,4.5,5.5,14.5,835,FALSE,FALSE,FALSE,FALSE,FALSE,TRUE,FALSE,FALSE,FALSE,TRUE,TRUE,20151,3.3499999999999996,mayar,165,486,928,324083,773748,NO240737,140,0,NO240737,5,Neither,Neither
Broad Cairn,Cairngorms,998,"Creag an Dubh Loch and Broad Cairn, Glenmuick",https://www.walkhighlands.co.uk/cairngorms/creag-an-dubh-loch.shtml,7,8,23,813,FALSE,FALSE,TRUE,TRUE,FALSE,FALSE,FALSE,FALSE,FALSE,TRUE,FALSE,13944,3.09,broad cairn,95,470,998,324056,781567,NO240815,139,0,NO240815,7.5,Neither,Both
Lochnagar,Cairngorms,1156,Lochnagar from Spittal of Glenmuick,https://www.walkhighlands.co.uk/cairngorms/lochnagar.shtml,6,7,19,930,FALSE,FALSE,FALSE,FALSE,TRUE,FALSE,FALSE,FALSE,FALSE,TRUE,FALSE,18172,4.35,lochnagar,158,457,1155.7,324372,786140,NO243861,129,0.2999999999999545,NO243861,6.5,Neither,Neither
Driesh,Angus,947,Driesh and Mayar from Glen Doll,https://www.walkhighlands.co.uk/angus/mayar-driesh.shtml,4.5,5.5,14.5,835,FALSE,FALSE,FALSE,FALSE,FALSE,TRUE,FALSE,FALSE,FALSE,TRUE,TRUE,19655,3.25,driesh,141,483,947,327116,773588,NO271735,141,0,NO271735,5,Neither,Neither
Mount Keen,Angus,939,"Mount Keen from Invermark, Glen Esk",https://www.walkhighlands.co.uk/angus/mount-keen.shtml,5,6,17.5,681,FALSE,TRUE,FALSE,FALSE,TRUE,FALSE,FALSE,FALSE,FALSE,TRUE,FALSE,16829,3.14,mount keen,186,485,939,340905,786927,NO409869,142,0,NO409869,5.5,Exposed,Neither
