corbett,region,height,first_route_title,first_route_url,time_hours_min,time_hours_max,distance_km,ascent,scramble,exposed,spate,bog,river,pathless,toilet,bothy,pub,car_park,deer_fence,ascents,rating
Ainshval,Isle of Rum,781,Rum Cuillin traverse,https://www.walkhighlands.co.uk/islands/rum-cuillin.shtml,12,14,21,1902,TRUE,TRUE,TRUE,TRUE,TRUE,FALSE,FALSE,TRUE,FALSE,FALSE,FALSE,984,4.58
Am Bathach,Kintail,798,Ciste Dhubh and Am Bathach from Cluanie,https://www.walkhighlands.co.uk/kintail/Cistedhubh.shtml,5,7,12.5,1040,FALSE,FALSE,FALSE,TRUE,FALSE,FALSE,FALSE,FALSE,FALSE,FALSE,FALSE,2438,3.66
An Dùn,Perthshire,827,An Dùn and Maol Creag an Loch via the Gaick Pass,https://www.walkhighlands.co.uk/perthshire/gaick-corbetts.shtml,9,10,28,959,FALSE,FALSE,TRUE,TRUE,TRUE,TRUE,FALSE,FALSE,FALSE,FALSE,FALSE,794,3.58
An Ruadh-stac,Torridon,892,"An Ruadh-stac, from Coulags",https://www.walkhighlands.co.uk/torridon/an-ruadh-stac.shtml,5.5,7,15,1060,TRUE,FALSE,FALSE,TRUE,TRUE,FALSE,FALSE,TRUE,FALSE,FALSE,FALSE,1057,4.63
An Sìdhean,Loch Ness,814,An Sìdhean from the Loch Monar dam,https://www.walkhighlands.co.uk/lochness/an-sidhean.shtml,6,7,17,892,FALSE,FALSE,FALSE,FALSE,FALSE,FALSE,FALSE,FALSE,FALSE,FALSE,FALSE,545,3.3
An Stac,Fort William,814,Rois-bheinn round from Inverailort,https://www.walkhighlands.co.uk/fortwilliam/rois-bheinn.shtml,9,10,19,1649,TRUE,FALSE,FALSE,TRUE,FALSE,TRUE,FALSE,FALSE,FALSE,FALSE,FALSE,886,4.26
Aonach Buidhe,Kintail,899,Aonach Buidhe via Glen Elchaig,https://www.walkhighlands.co.uk/kintail/aonach-buidhe.shtml,9,10,33,965,FALSE,FALSE,FALSE,TRUE,TRUE,FALSE,FALSE,TRUE,FALSE,FALSE,FALSE,477,3.62
Aonach Shasuinn,Loch Ness,888,"Càrn a' Choire Ghairbh and Aonach Shasuinn, Affric",https://www.walkhighlands.co.uk/lochness/affric-corbetts.shtml,9,10,24.5,1228,FALSE,FALSE,FALSE,TRUE,TRUE,TRUE,FALSE,FALSE,FALSE,TRUE,FALSE,569,3.33
Arkle,Sutherland,787,Arkle from near Achfary,https://www.walkhighlands.co.uk/sutherland/arkle.shtml,6,7,17.5,880,TRUE,TRUE,FALSE,FALSE,TRUE,TRUE,FALSE,FALSE,FALSE,TRUE,FALSE,1114,4.37
Askival,Isle of Rum,812,Rum Cuillin traverse,https://www.walkhighlands.co.uk/islands/rum-cuillin.shtml,12,14,21,1902,TRUE,TRUE,TRUE,TRUE,TRUE,FALSE,FALSE,TRUE,FALSE,FALSE,FALSE,1204,4.73
Auchnafree Hill,Perthshire,789,Auchnafree Hill from Loch Turret,https://www.walkhighlands.co.uk/perthshire/auchnafree-hill.shtml,5,6,18.25,623,FALSE,FALSE,FALSE,TRUE,FALSE,TRUE,FALSE,FALSE,FALSE,TRUE,FALSE,2329,3.06
Bac an Eich,Loch Ness,849,Bac an Eich from Strathconon,https://www.walkhighlands.co.uk/lochness/bac-an-eich.shtml,6.5,7,20.5,738,FALSE,FALSE,TRUE,TRUE,TRUE,TRUE,FALSE,FALSE,FALSE,FALSE,FALSE,701,3.8
Baosbheinn,Torridon,875,Baosbheinn,https://www.walkhighlands.co.uk/torridon/baosbheinn.shtml,8,9,23,1190,FALSE,FALSE,TRUE,TRUE,TRUE,TRUE,FALSE,FALSE,FALSE,TRUE,TRUE,787,4.5
Beinn a' Bha'ach Ard,Loch Ness,862,Beinn a' Bha'ach Ard,https://www.walkhighlands.co.uk/lochness/beinn-a-bha-ach-ard.shtml,6,7,16,928,FALSE,FALSE,FALSE,TRUE,TRUE,FALSE,FALSE,FALSE,FALSE,TRUE,TRUE,865,2.84
Beinn a' Bhuiridh,Argyll,897,Beinn a' Bhuiridh via the Monadh Driseig ridge,https://www.walkhighlands.co.uk/argyll/beinn-a-bhuiridh.shtml,5,6,11.5,862,FALSE,FALSE,FALSE,TRUE,FALSE,TRUE,FALSE,FALSE,FALSE,FALSE,FALSE,1194,3.75
Beinn a' Chaisgein Mòr,Torridon,856,Beinn a' Chaisgein Mòr from Poolewe via Carnmore,https://www.walkhighlands.co.uk/torridon/beinn-a-chaisgein-mor.shtml,13,14,45,1280,FALSE,FALSE,TRUE,TRUE,TRUE,TRUE,FALSE,FALSE,FALSE,TRUE,FALSE,479,3.71
Beinn a' Chaisteil (Auch),Argyll,886,Beinn a' Chaisteil and Beinn nam Fuaran from Auch,https://www.walkhighlands.co.uk/argyll/chaisteil-fuaran.shtml,7.5,8,21.5,1030,FALSE,FALSE,TRUE,TRUE,TRUE,TRUE,FALSE,FALSE,FALSE,FALSE,FALSE,1012,3.7
Beinn a' Chaisteil (Strath Vaich),Ullapool,788,Beinn a' Chaisteil via Strath Vaich,https://www.walkhighlands.co.uk/ullapool/beinn-a-chaisteil.shtml,7,8,24,793,FALSE,FALSE,FALSE,TRUE,TRUE,TRUE,FALSE,FALSE,FALSE,FALSE,FALSE,649,3.55
Beinn a' Chlaidheimh,Ullapool,914,"The Fisherfield 6, from Shenavall",https://www.walkhighlands.co.uk/ullapool/fisherfield-6.shtml,12,18,29,2254,TRUE,FALSE,TRUE,TRUE,TRUE,FALSE,FALSE,TRUE,FALSE,FALSE,FALSE,2183,3.78
Beinn a' Choin,Loch Lomond,770,Beinn a' Choin from Inversnaid,https://www.walkhighlands.co.uk/lochlomond/beinn-a-choin.shtml,5,6,8.75,697,FALSE,FALSE,FALSE,TRUE,FALSE,TRUE,FALSE,FALSE,FALSE,TRUE,TRUE,1174,3.24
Beinn a' Chrùlaiste,Fort William,857,Beinn a' Chrùlaiste from Altnafeidh,https://www.walkhighlands.co.uk/fortwilliam/beinn-a-chrulaiste.shtml,4,5,11,652,FALSE,FALSE,FALSE,TRUE,FALSE,FALSE,FALSE,FALSE,FALSE,FALSE,FALSE,2440,3.6
Beinn a' Chuallaich,Perthshire,891,Beinn a' Chuallaich circuit from the B847,https://www.walkhighlands.co.uk/perthshire/beinn-a-chuallaich.shtml,4,5,10.5,678,FALSE,FALSE,FALSE,FALSE,FALSE,TRUE,FALSE,FALSE,FALSE,FALSE,TRUE,1225,3.39
Beinn Airigh Charr,Torridon,791,Beinn Airigh Charr from Poolewe,https://www.walkhighlands.co.uk/torridon/beinn-airigh-charr.shtml,7,8,22.25,984,FALSE,FALSE,FALSE,TRUE,TRUE,TRUE,FALSE,FALSE,FALSE,TRUE,FALSE,732,4.45
Beinn an Eoin,Torridon,855,Beinn an Eoin from the north,https://www.walkhighlands.co.uk/torridon/beinn-an-eoin.shtml,6,7,20,900,TRUE,FALSE,TRUE,TRUE,FALSE,TRUE,FALSE,FALSE,FALSE,TRUE,TRUE,848,4.29
Beinn an Lochain,Loch Lomond,901,Beinn an Lochain from near Butterbridge,https://www.walkhighlands.co.uk/lochlomond/beinn-an-lochain.shtml,3,5,5.5,720,TRUE,FALSE,FALSE,TRUE,FALSE,FALSE,FALSE,FALSE,FALSE,FALSE,FALSE,2867,4.38
Beinn an Òir,"Islay, Jura and Colonsay",785,Beinn an Òir via Loch an t-Siob,https://www.walkhighlands.co.uk/islay-jura/beinn-an-oir.shtml,4.5,6,13.25,758,FALSE,FALSE,FALSE,TRUE,TRUE,TRUE,FALSE,FALSE,FALSE,FALSE,TRUE,1068,4.32
Beinn Bhan,Torridon,896,Beinn Bhan,https://www.walkhighlands.co.uk/torridon/Beinnbhan.shtml,5,7,14,995,TRUE,TRUE,FALSE,FALSE,TRUE,FALSE,FALSE,FALSE,FALSE,FALSE,FALSE,1028,4.6
Beinn Bhan (Great Glen),Fort William,796,Beinn Bhan from Glen Loy,https://www.walkhighlands.co.uk/fortwilliam/beinn-bhan.shtml,4,5,8.5,771,FALSE,FALSE,FALSE,TRUE,FALSE,TRUE,FALSE,TRUE,FALSE,FALSE,FALSE,1032,3.16
Beinn Bheula,Argyll,779,Beinn Bheula from Loch Goil,https://www.walkhighlands.co.uk/argyll/beinn-bheula.shtml,5,6,12,798,FALSE,FALSE,TRUE,TRUE,FALSE,TRUE,FALSE,FALSE,FALSE,TRUE,FALSE,1129,3.93
Beinn Bhreac,Cairngorms,912,Beinn Bhreac via Glen Bruar from Calvine,https://www.walkhighlands.co.uk/perthshire/beinn-bhreac.shtml,10,12,41.25,1054,FALSE,FALSE,FALSE,TRUE,FALSE,TRUE,FALSE,FALSE,FALSE,FALSE,FALSE,743,3.2
Beinn Bhreac-liath,Argyll,802,Beinn Udlaidh and Beinn Bhreac-liath from Glen Orchy,https://www.walkhighlands.co.uk/argyll/beinn-udlaidh.shtml,5.5,6,12,911,FALSE,FALSE,FALSE,TRUE,TRUE,TRUE,FALSE,FALSE,FALSE,FALSE,TRUE,1340,3.34
Beinn Bhuidhe,Fort William,855,Beinn Bhuidhe from Inverie,https://www.walkhighlands.co.uk/fortwilliam/beinn-bhuidhe-knoydart.shtml,7,9,19.5,1120,TRUE,FALSE,FALSE,TRUE,TRUE,TRUE,FALSE,TRUE,TRUE,FALSE,TRUE,587,4.4
Beinn Chaorach,Argyll,818,"Beinn Odhar, Beinn Chaorach and Cam Chreag",https://www.walkhighlands.co.uk/argyll/beinn-odhar-cam-chreag.shtml,7,8,21,1367,FALSE,FALSE,FALSE,TRUE,TRUE,FALSE,FALSE,FALSE,FALSE,TRUE,FALSE,1254,2.89
Beinn Chuirn,Argyll,880,Beinn Chuirn from Dalrigh,https://www.walkhighlands.co.uk/argyll/beinn-chuirn.shtml,5.5,6,16,706,FALSE,FALSE,FALSE,TRUE,FALSE,TRUE,FALSE,FALSE,FALSE,TRUE,FALSE,1250,3.42
Beinn Dàmh,Torridon,903,Beinn Dàmh,https://www.walkhighlands.co.uk/torridon/Beinndamh.shtml,5,6,12,980,FALSE,FALSE,FALSE,FALSE,FALSE,FALSE,FALSE,FALSE,FALSE,TRUE,FALSE,1763,4.41
Beinn Dearg (Glen Lyon),Perthshire,830,"Beinn Dearg from Innerwick, Glen Lyon",https://www.walkhighlands.co.uk/perthshire/beinn-dearg-glen-lyon.shtml,3.5,4.5,10.5,627,FALSE,FALSE,FALSE,TRUE,FALSE,TRUE,FALSE,FALSE,FALSE,TRUE,FALSE,1105,2.93
Beinn Dearg (Torridon),Torridon,914,Beinn Dearg from the Abhainn Coire Mhic Nobuil path,https://www.walkhighlands.co.uk/torridon/beinn-dearg-torridon.shtml,7,7.5,14,1014,TRUE,TRUE,FALSE,TRUE,TRUE,FALSE,FALSE,FALSE,FALSE,TRUE,FALSE,884,4.77
Beinn Dearg Bheag,Ullapool,820,Beinn Dearg Mòr and Beinn Dearg Bheag from Gruinard,https://www.walkhighlands.co.uk/ullapool/beinn-deargs-fisherfield.shtml,13,15,35.25,1450,TRUE,TRUE,FALSE,TRUE,TRUE,TRUE,FALSE,FALSE,FALSE,FALSE,FALSE,564,4.33
Beinn Dearg Mòr,Ullapool,910,Beinn Dearg Mòr and Beinn Dearg Bheag from Gruinard,https://www.walkhighlands.co.uk/ullapool/beinn-deargs-fisherfield.shtml,13,15,35.25,1450,TRUE,TRUE,FALSE,TRUE,TRUE,TRUE,FALSE,FALSE,FALSE,FALSE,FALSE,626,4.61
Beinn Dronaig,Torridon,797,Beinn Dronaig from Attadale,https://www.walkhighlands.co.uk/torridon/beinn-dronaig.shtml,14,14,32,1157,FALSE,FALSE,FALSE,FALSE,TRUE,TRUE,TRUE,TRUE,FALSE,TRUE,FALSE,499,3
Beinn Each,Loch Lomond,813,Beinn Each from Loch Lubnaig,https://www.walkhighlands.co.uk/lochlomond/beinn-each.shtml,3.5,4.5,7,693,FALSE,FALSE,FALSE,FALSE,FALSE,FALSE,FALSE,FALSE,FALSE,FALSE,FALSE,3908,3.72
Beinn Enaiglair,Ullapool,890,Beinn Enaglair circuit from Braemore Junction,https://www.walkhighlands.co.uk/ullapool/beinn-enaiglair.shtml,5,6,15.5,754,FALSE,FALSE,FALSE,TRUE,TRUE,TRUE,FALSE,FALSE,FALSE,TRUE,TRUE,1149,3.71
Beinn Iaruinn,Fort William,803,Beinn Iaruinn and Leana Mòr from Glen Roy,https://www.walkhighlands.co.uk/fortwilliam/beinn-iaruinn.shtml,4.5,5,8.75,786,FALSE,FALSE,FALSE,TRUE,FALSE,TRUE,FALSE,FALSE,FALSE,FALSE,FALSE,811,3
Beinn Lair,Torridon,859,Beinn Lair from Poolewe,https://www.walkhighlands.co.uk/torridon/beinn-lair.shtml,13,14,40,1210,FALSE,FALSE,TRUE,TRUE,TRUE,TRUE,FALSE,FALSE,FALSE,TRUE,FALSE,518,4.45
Beinn Leoìd,Sutherland,792,Beinn Leoìd and Meallan a' Chuail from the A838,https://www.walkhighlands.co.uk/sutherland/beinn-leoid.shtml,6,7,15.5,941,FALSE,FALSE,FALSE,TRUE,FALSE,TRUE,FALSE,FALSE,FALSE,FALSE,FALSE,640,3.48
Beinn Liath Mhòr a' Ghiubhais Li,Ullapool,768,Beinn Liath Mhòr a' Ghiubhais Li from Loch Glascarnoch,https://www.walkhighlands.co.uk/ullapool/beinn-liath-mhor-ghiubhais.shtml,3.5,4,8.5,524,FALSE,FALSE,FALSE,TRUE,FALSE,TRUE,FALSE,FALSE,FALSE,FALSE,FALSE,1061,2.78
Beinn Loinne,Kintail,790,Beinn Loinne from Cluanie,https://www.walkhighlands.co.uk/kintail/beinn-loinne.shtml,4.5,6,18,630,FALSE,FALSE,FALSE,TRUE,FALSE,FALSE,FALSE,FALSE,FALSE,FALSE,FALSE,688,2.76
Beinn Luibhean,Loch Lomond,858,Beinn Luibhean via the south ridge,https://www.walkhighlands.co.uk/lochlomond/beinn-luibhean.shtml,3,4,4.5,674,FALSE,FALSE,FALSE,FALSE,FALSE,TRUE,FALSE,FALSE,FALSE,FALSE,TRUE,1813,3.08
Beinn Maol Chaluim,Fort William,907,Beinn Maol Chaluim from Glen Etive,https://www.walkhighlands.co.uk/fortwilliam/beinn-maol-chaluim.shtml,5,6,8,844,FALSE,FALSE,FALSE,FALSE,FALSE,TRUE,FALSE,FALSE,FALSE,FALSE,FALSE,748,3.86
Beinn Mheadhonach,Perthshire,901,Beinn Mheadhonach via Glen Tilt,https://www.walkhighlands.co.uk/perthshire/beinn-mheadhonach.shtml,7,8,22.25,857,FALSE,FALSE,FALSE,TRUE,TRUE,FALSE,FALSE,FALSE,FALSE,TRUE,FALSE,1198,3.35
Beinn Mhic Cedidh,Fort William,783,Beinn Odhar Bheag and Beinn Mhic Cedidh,https://www.walkhighlands.co.uk/fortwilliam/beinn-odhar-bheag.shtml,6,7,14,1282,FALSE,FALSE,FALSE,TRUE,TRUE,TRUE,FALSE,FALSE,FALSE,FALSE,FALSE,666,3.53
Beinn Mhic Chasgaig,Fort William,864,Beinn Mhic Chasgaig from Glen Etive,https://www.walkhighlands.co.uk/fortwilliam/beinn-mhic-chasgaig.shtml,5.5,6,9.75,752,FALSE,TRUE,TRUE,FALSE,TRUE,FALSE,FALSE,FALSE,FALSE,FALSE,TRUE,764,3.68
Beinn Mhic-Mhonaidh,Argyll,796,Beinn Mhic Mhonaidh from Glen Orchy,https://www.walkhighlands.co.uk/argyll/beinn-mhic-mhonaidh.shtml,4,5,13.5,752,FALSE,FALSE,TRUE,FALSE,TRUE,TRUE,FALSE,FALSE,FALSE,TRUE,TRUE,1039,3.46
Beinn Mholach,Perthshire,841,Beinn Mholach from Dalnaspidal Lodge,https://www.walkhighlands.co.uk/perthshire/beinn-mholach.shtml,6.5,7.5,23.5,476,FALSE,FALSE,FALSE,TRUE,FALSE,TRUE,FALSE,TRUE,FALSE,FALSE,FALSE,807,3.25
Beinn na Caillich,Fort William,785,Beinn na Caillich from Inverie,https://www.walkhighlands.co.uk/fortwilliam/beinn-na-caillich-knoydart.shtml,8,9,21.5,1048,FALSE,FALSE,FALSE,TRUE,FALSE,TRUE,FALSE,FALSE,FALSE,FALSE,TRUE,552,4.27
Beinn na h-Eaglaise,Kintail,805,Beinn na h-Eaglaise and Beinn nan Caorach,https://www.walkhighlands.co.uk/kintail/beinn-na-h-eaglaise.shtml,6,8,11.5,1020,FALSE,FALSE,FALSE,FALSE,TRUE,TRUE,FALSE,FALSE,FALSE,TRUE,FALSE,665,3.63
Beinn na h-Uamha,Fort William,762,Beinn na h-Uamha via Glen Gour,https://www.walkhighlands.co.uk/fortwilliam/beinn-na-h-uamha.shtml,7,8,16,835,FALSE,FALSE,TRUE,TRUE,TRUE,TRUE,FALSE,FALSE,FALSE,FALSE,FALSE,511,3.6
Beinn nam Fuaran,Argyll,806,Beinn a' Chaisteil and Beinn nam Fuaran from Auch,https://www.walkhighlands.co.uk/argyll/chaisteil-fuaran.shtml,7.5,8,21.5,1030,FALSE,FALSE,TRUE,TRUE,TRUE,TRUE,FALSE,FALSE,FALSE,FALSE,FALSE,943,3.22
Beinn nan Caorach,Kintail,774,Beinn na h-Eaglaise and Beinn nan Caorach,https://www.walkhighlands.co.uk/kintail/beinn-na-h-eaglaise.shtml,6,8,11.5,1020,FALSE,FALSE,FALSE,FALSE,TRUE,TRUE,FALSE,FALSE,FALSE,TRUE,FALSE,638,3.28
Beinn nan Imirean,Loch Lomond,849,Beinn nan Imirean from Glen Dochart,https://www.walkhighlands.co.uk/lochlomond/beinn-nan-imirean.shtml,5,6,11,704,FALSE,FALSE,FALSE,TRUE,TRUE,TRUE,FALSE,FALSE,FALSE,FALSE,FALSE,1072,2.68
Beinn nan Oighreag,Perthshire,909,Beinn nan Oighreag from Glen Lochay,https://www.walkhighlands.co.uk/perthshire/beinn-nan-oighreag.shtml,5,5.5,15.5,803,FALSE,FALSE,FALSE,TRUE,FALSE,TRUE,FALSE,FALSE,FALSE,FALSE,FALSE,1182,3
Beinn Odhar,Argyll,901,"Beinn Odhar, Beinn Chaorach and Cam Chreag",https://www.walkhighlands.co.uk/argyll/beinn-odhar-cam-chreag.shtml,7,8,21,1367,FALSE,FALSE,FALSE,TRUE,TRUE,FALSE,FALSE,FALSE,FALSE,TRUE,FALSE,1523,3.42
Beinn Odhar Bheag,Fort William,882,Beinn Odhar Bheag and Beinn Mhic Cedidh,https://www.walkhighlands.co.uk/fortwilliam/beinn-odhar-bheag.shtml,6,7,14,1282,FALSE,FALSE,FALSE,TRUE,TRUE,TRUE,FALSE,FALSE,FALSE,FALSE,FALSE,697,3.85
Beinn Pharlagain,Perthshire,868,Beinn Pharlagain from near Rannoch Station,https://www.walkhighlands.co.uk/perthshire/beinn-pharlagain.shtml,5.5,6,18.25,640,FALSE,FALSE,FALSE,TRUE,FALSE,TRUE,FALSE,FALSE,FALSE,FALSE,FALSE,1033,3.5
Beinn Resipol,Fort William,845,Beinn Resipol from Resipole campsite,https://www.walkhighlands.co.uk/fortwilliam/benresipol.shtml,5,6,11.5,827,TRUE,FALSE,FALSE,TRUE,FALSE,FALSE,FALSE,FALSE,FALSE,FALSE,FALSE,1146,4.1
Beinn Spionnaidh,Sutherland,773,Cranstackie and Beinn Spionnaidh from Carbreck,https://www.walkhighlands.co.uk/sutherland/cranstackie.shtml,6,8,12,1030,FALSE,FALSE,FALSE,TRUE,TRUE,TRUE,FALSE,FALSE,FALSE,FALSE,FALSE,880,3.62
Beinn Stacath,Loch Lomond,771,Beinn Stacath from Glen Buckie,https://www.walkhighlands.co.uk/lochlomond/beinn-stacath.shtml,4.5,5.5,12.75,653,FALSE,FALSE,TRUE,TRUE,TRUE,TRUE,FALSE,FALSE,FALSE,FALSE,FALSE,1077,2.92
Beinn Tarsuinn,Isle of Arran,826,Beinn Tarsuinn via the Three Beinns circuit,https://www.walkhighlands.co.uk/arran/three-beinns.shtml,6,7,14,949,TRUE,FALSE,FALSE,TRUE,FALSE,FALSE,FALSE,FALSE,FALSE,FALSE,TRUE,1904,4.46
Beinn Tharsuinn,Torridon,863,Sgùrr na Feartaig and Beinn Tharsuinn from Achnashellach,https://www.walkhighlands.co.uk/torridon/sgurr-na-feartaig.shtml,7,8,22,1180,FALSE,FALSE,TRUE,TRUE,TRUE,TRUE,FALSE,FALSE,FALSE,TRUE,TRUE,1054,3.72
Beinn Trilleachan,Fort William,839,Beinn Trilleachan from the head of Loch Etive,https://www.walkhighlands.co.uk/fortwilliam/beinn-trilleachan.shtml,6,7,8.75,1000,FALSE,FALSE,FALSE,TRUE,FALSE,TRUE,FALSE,FALSE,FALSE,TRUE,FALSE,797,3.94
Beinn Udlaidh,Argyll,840,Beinn Udlaidh and Beinn Bhreac-liath from Glen Orchy,https://www.walkhighlands.co.uk/argyll/beinn-udlaidh.shtml,5.5,6,12,911,FALSE,FALSE,FALSE,TRUE,TRUE,TRUE,FALSE,FALSE,FALSE,FALSE,TRUE,1433,3.5
Ben Aden (Beinn an Aodainn),Fort William,887,Ben Aden via Loch Cuaich (Quoich),https://www.walkhighlands.co.uk/fortwilliam/ben-aden.shtml,11,13,26.75,950,TRUE,FALSE,TRUE,TRUE,TRUE,FALSE,FALSE,FALSE,FALSE,FALSE,FALSE,447,4.54
Ben Donich,Loch Lomond,847,Ben Donich from Rest and Be Thankful,https://www.walkhighlands.co.uk/lochlomond/ben-donich.shtml,3.5,4.5,7.5,575,TRUE,FALSE,FALSE,FALSE,FALSE,FALSE,FALSE,FALSE,FALSE,TRUE,FALSE,3376,3.95
Ben Gulabin,Perthshire,806,Ben Gulabin from the A93,https://www.walkhighlands.co.uk/perthshire/ben-gulabin.shtml,2.5,3,6.25,453,FALSE,FALSE,FALSE,FALSE,FALSE,FALSE,FALSE,FALSE,FALSE,FALSE,FALSE,2084,3.33
Ben Hee,Sutherland,873,"Ben Hee, from West Merkland",https://www.walkhighlands.co.uk/sutherland/ben-hee.shtml,5,6,13.25,765,FALSE,FALSE,FALSE,TRUE,FALSE,TRUE,FALSE,FALSE,FALSE,FALSE,FALSE,748,3.46
Ben Ledi,Loch Lomond,879,Ben Ledi from the Pass of Leny,https://www.walkhighlands.co.uk/lochlomond/ben-ledi.shtml,4,6,10,760,FALSE,FALSE,FALSE,TRUE,TRUE,FALSE,FALSE,FALSE,FALSE,TRUE,FALSE,8976,3.96
Ben Loyal,Sutherland,764,Ben Loyal from Ribigill,https://www.walkhighlands.co.uk/sutherland/ben-loyal.shtml,5.5,6.5,13.75,804,TRUE,FALSE,TRUE,TRUE,FALSE,TRUE,FALSE,FALSE,FALSE,FALSE,FALSE,1492,4.41
Ben Rinnes,Moray,840,Ben Rinnes via the east ridge,https://www.walkhighlands.co.uk/moray/ben-rinnes.shtml,3,4,7.5,541,FALSE,FALSE,FALSE,FALSE,FALSE,FALSE,FALSE,FALSE,FALSE,FALSE,FALSE,4189,3.71
Ben Tee,Fort William,904,Ben Tee from Kilfinnan,https://www.walkhighlands.co.uk/fortwilliam/bentee.shtml,4.5,6,10,911,FALSE,FALSE,FALSE,TRUE,FALSE,FALSE,FALSE,FALSE,FALSE,TRUE,TRUE,1098,3.58
Ben Tirran,Angus,896,Ben Tirran via Lochs Brandy and Wharral,https://www.walkhighlands.co.uk/angus/ben-tirran.shtml,4.5,6,14.5,752,FALSE,FALSE,FALSE,TRUE,FALSE,TRUE,FALSE,FALSE,FALSE,TRUE,FALSE,2182,3.33
Ben Vrackie,Perthshire,841,Ben Vrackie from Moulin,https://www.walkhighlands.co.uk/perthshire/ben-vrackie.shtml,3.5,4.5,10.2,780,FALSE,FALSE,FALSE,TRUE,FALSE,FALSE,FALSE,FALSE,FALSE,TRUE,FALSE,7329,4.07
Ben Vuirich,Perthshire,903,Ben Vuirich circuit from Loch Moraig,https://www.walkhighlands.co.uk/perthshire/ben-vuirich.shtml,7.5,8,22.75,673,FALSE,FALSE,TRUE,TRUE,FALSE,TRUE,FALSE,FALSE,FALSE,TRUE,FALSE,988,3.6
Benvane,Loch Lomond,821,"Benvane, from Glen Buckie",https://www.walkhighlands.co.uk/lochlomond/benvane.shtml,4,5,8.75,617,FALSE,FALSE,FALSE,TRUE,FALSE,FALSE,FALSE,FALSE,FALSE,FALSE,FALSE,2743,3.1
Bidein a' Chabair,Fort William,867,Bidein a' Chabair from the head of Loch Arkaig,https://www.walkhighlands.co.uk/fortwilliam/bidein-a-chabair.shtml,9,10,26,1095,TRUE,TRUE,TRUE,TRUE,TRUE,TRUE,FALSE,TRUE,FALSE,TRUE,FALSE,417,4.28
Binnein an Fhìdhleir (or Stob Coire Creagach),Loch Lomond,817,Stob Coire Creagach from Butterbridge,https://www.walkhighlands.co.uk/lochlomond/stob-coire-creagach.shtml,3,5,7,845,FALSE,FALSE,FALSE,TRUE,FALSE,TRUE,FALSE,FALSE,FALSE,TRUE,FALSE,1443,3.64
Braigh nan Uamhachan,Fort William,765,Braigh nan Uamhachan via Gleann Dubh Lighe,https://www.walkhighlands.co.uk/fortwilliam/braigh-nan-uamhachan.shtml,7,8,18.75,1038,FALSE,FALSE,FALSE,FALSE,FALSE,TRUE,FALSE,TRUE,FALSE,TRUE,FALSE,648,3.47
Breabag,Ullapool,815,Breabag and the Caves of Assynt,https://www.walkhighlands.co.uk/ullapool/breabag.shtml,7,9,20,778,FALSE,TRUE,FALSE,TRUE,TRUE,FALSE,FALSE,FALSE,FALSE,TRUE,FALSE,925,3.81
Broad Law,Borders,840,"Broad Law, Cramalt Craig and Dollar Law",https://www.walkhighlands.co.uk/borders/broad-law.shtml,5.5,6.5,21.5,778,FALSE,FALSE,FALSE,TRUE,FALSE,FALSE,FALSE,FALSE,FALSE,FALSE,FALSE,2371,2.95
Brown Cow Hill,Cairngorms,829,Brown Cow Hill circular from Cock Bridge,https://www.walkhighlands.co.uk/cairngorms/brown-cow-hill.shtml,5.5,6.5,18,575,FALSE,FALSE,FALSE,TRUE,TRUE,TRUE,FALSE,TRUE,FALSE,TRUE,FALSE,1257,2.33
Buidhe Bheinn,Fort William,885,Buidhe Bheinn from Kinloch Hourn,https://www.walkhighlands.co.uk/fortwilliam/buidhe-bheinn.shtml,5.5,6,12,1070,FALSE,FALSE,FALSE,FALSE,FALSE,TRUE,FALSE,FALSE,FALSE,FALSE,FALSE,515,4.2
Cairnsmore of Carsphairn,Dumfries and Galloway,797,Cairnsmore of Carsphairn from the Green Well of Scotland,https://www.walkhighlands.co.uk/galloway/cairnsmore-of-carsphairn.shtml,3,5,11.5,656,FALSE,FALSE,FALSE,TRUE,TRUE,TRUE,FALSE,FALSE,FALSE,FALSE,FALSE,1824,3.21
Caisteal Abhail,Isle of Arran,859,Caisteal Abhail from North Sannox,https://www.walkhighlands.co.uk/arran/caisteal-abhail.shtml,5.5,6.5,10.5,838,TRUE,FALSE,TRUE,TRUE,FALSE,TRUE,FALSE,FALSE,FALSE,TRUE,FALSE,1842,4.63
Cam Chreag (Auch),Argyll,884,"Beinn Odhar, Beinn Chaorach and Cam Chreag",https://www.walkhighlands.co.uk/argyll/beinn-odhar-cam-chreag.shtml,7,8,21,1367,FALSE,FALSE,FALSE,TRUE,TRUE,FALSE,FALSE,FALSE,FALSE,TRUE,FALSE,1202,2.89
Cam Chreag (Glen Lyon),Perthshire,862,"Cam Chreag from Innerwick, Glen Lyon",https://www.walkhighlands.co.uk/perthshire/cam-chreag.shtml,3.5,4.5,12.75,640,FALSE,FALSE,FALSE,FALSE,FALSE,TRUE,FALSE,FALSE,FALSE,TRUE,FALSE,1079,3.07
Canisp,Ullapool,847,Canisp from the east,https://www.walkhighlands.co.uk/ullapool/canisp.shtml,5,6,12,710,FALSE,FALSE,FALSE,TRUE,FALSE,TRUE,FALSE,FALSE,FALSE,FALSE,FALSE,1688,3.91
Càrn a' Choire Ghairbh,Loch Ness,865,"Càrn a' Choire Ghairbh and Aonach Shasuinn, Affric",https://www.walkhighlands.co.uk/lochness/affric-corbetts.shtml,9,10,24.5,1228,FALSE,FALSE,FALSE,TRUE,TRUE,TRUE,FALSE,FALSE,FALSE,TRUE,FALSE,624,3.17
Càrn a' Chuilinn,Loch Ness,816,Càrn a' Chuilinn by Glen Doe,https://www.walkhighlands.co.uk/lochness/carn-a-chuilinn.shtml,5,6,17.25,681,FALSE,FALSE,FALSE,TRUE,FALSE,TRUE,FALSE,FALSE,FALSE,FALSE,FALSE,711,2.95
Càrn an Fhreiceadain,Cairngorms,878,Càrn an Fhreiceadain from Kingussie,https://www.walkhighlands.co.uk/cairngorms/carn-an-fhreiceadain.shtml,4,5,18,682,FALSE,FALSE,FALSE,FALSE,TRUE,FALSE,FALSE,TRUE,FALSE,TRUE,FALSE,1631,3.16
Càrn Bàn,Ullapool,842,Càrn Ban via Alladale,https://www.walkhighlands.co.uk/sutherland/carn-ban-alladale.shtml,11,12,38.5,935,FALSE,FALSE,FALSE,TRUE,TRUE,TRUE,FALSE,FALSE,FALSE,FALSE,FALSE,552,2.75
Càrn Chuinneag,Sutherland,839,"Càrn Chuinneag, from Glencalvie Lodge",https://www.walkhighlands.co.uk/sutherland/carn-chuinneag.shtml,5.5,6.5,18.5,769,FALSE,FALSE,FALSE,FALSE,TRUE,TRUE,FALSE,FALSE,FALSE,FALSE,FALSE,871,4
Càrn Dearg (North of Gleann Eachach),Fort William,815,The Càrn Dearg Eachachs from Glen Roy,https://www.walkhighlands.co.uk/fortwilliam/carn-deargs-eachach.shtml,5.5,6,14,767,FALSE,FALSE,FALSE,TRUE,TRUE,TRUE,FALSE,FALSE,FALSE,FALSE,FALSE,808,2.53
Càrn Dearg (South of Gleann Eachach),Fort William,768,The Càrn Dearg Eachachs from Glen Roy,https://www.walkhighlands.co.uk/fortwilliam/carn-deargs-eachach.shtml,5.5,6,14,767,FALSE,FALSE,FALSE,TRUE,TRUE,TRUE,FALSE,FALSE,FALSE,FALSE,FALSE,803,2.47
Càrn Dearg - Glen Roy,Fort William,834,Càrn Dearg from Glen Roy,https://www.walkhighlands.co.uk/fortwilliam/carn-dearg-bhrunachain.shtml,4,6,9,674,FALSE,FALSE,FALSE,TRUE,TRUE,TRUE,FALSE,FALSE,FALSE,TRUE,FALSE,752,2.76
Càrn Dearg Mòr,Cairngorms,857,Leathad an Taobhain and Càrn Dearg Mòr from Glen Feshie,https://www.walkhighlands.co.uk/cairngorms/leathad-an-taobhain.shtml,9,10,33.5,989,FALSE,TRUE,TRUE,TRUE,TRUE,FALSE,FALSE,FALSE,FALSE,TRUE,FALSE,899,3.17
Càrn Ealasaid,Cairngorms,792,Càrn Ealasaid from the north,https://www.walkhighlands.co.uk/cairngorms/carn-ealasaid.shtml,3,3.5,10.25,472,FALSE,FALSE,FALSE,TRUE,FALSE,TRUE,FALSE,FALSE,FALSE,FALSE,FALSE,1324,2.59
Càrn Mòr (Glen Dessarry),Fort William,829,Càrn Mòr from the head of Loch Arkaig,https://www.walkhighlands.co.uk/fortwilliam/carn-mor.shtml,6.5,7.5,21,1015,FALSE,FALSE,FALSE,TRUE,TRUE,TRUE,FALSE,TRUE,FALSE,FALSE,FALSE,442,3.61
Càrn Mòr (Ladder Hills),Cairngorms,804,Càrn Mòr and the Ladder Hills from Glenlivet,https://www.walkhighlands.co.uk/cairngorms/ladder-hills.shtml,4,5,14.5,519,FALSE,FALSE,FALSE,TRUE,FALSE,TRUE,FALSE,FALSE,FALSE,TRUE,FALSE,1342,2.95
Càrn na Drochaide,Cairngorms,818,Càrn na Drochaide from Linn of Quoich,https://www.walkhighlands.co.uk/cairngorms/carn-na-drochaide.shtml,4,5,12.5,637,FALSE,FALSE,FALSE,FALSE,TRUE,TRUE,FALSE,FALSE,FALSE,TRUE,TRUE,1482,3.26
Càrn na Nathrach,Fort William,786,Càrn na Nathrach from Glen Hurich,https://www.walkhighlands.co.uk/fortwilliam/carn-na-nathrach.shtml,6,7,17.25,886,TRUE,FALSE,FALSE,TRUE,TRUE,FALSE,FALSE,FALSE,FALSE,FALSE,TRUE,514,3.73
Càrn na Saobhaidhe,Loch Ness,811,Càrn na Saobhaide via Dunmaglass,https://www.walkhighlands.co.uk/lochness/carn-na-saobhaidhe.shtml,7,7.5,26.5,647,FALSE,FALSE,FALSE,FALSE,FALSE,FALSE,FALSE,FALSE,FALSE,FALSE,FALSE,684,2.5
Cìr Mhòr,Isle of Arran,799,Beinn Tarsuinn and Cìr Mhòr,https://www.walkhighlands.co.uk/arran/cir-mhor.shtml,7.5,9,17.25,1164,TRUE,FALSE,FALSE,TRUE,FALSE,FALSE,FALSE,FALSE,FALSE,FALSE,FALSE,2060,4.71
Clisham,Outer Hebrides,799,Clisham - direct route,https://www.walkhighlands.co.uk/outer-hebrides/clisham-direct.shtml,3.5,4,5.25,629,FALSE,FALSE,FALSE,TRUE,FALSE,FALSE,FALSE,FALSE,FALSE,TRUE,FALSE,1825,4.41
Cnoc Coinnich,Loch Lomond,761,The Brack and Cnoc Coinnich from Ardgartan,https://www.walkhighlands.co.uk/lochlomond/the-brack.shtml,6,7.5,15.5,1086,TRUE,FALSE,FALSE,TRUE,FALSE,TRUE,FALSE,FALSE,FALSE,TRUE,FALSE,1533,3.57
Conachcraig,Cairngorms,865,Conachcraig from Easter Balmoral,https://www.walkhighlands.co.uk/cairngorms/conachcraig.shtml,6,7,22.25,679,FALSE,FALSE,FALSE,TRUE,TRUE,TRUE,FALSE,TRUE,FALSE,TRUE,FALSE,1800,3.3
Corryhabbie Hill,Moray,781,Corryhabbie Hill from Glen Rinnes,https://www.walkhighlands.co.uk/moray/corryhabbie-hill.shtml,4,5,12.75,525,FALSE,FALSE,TRUE,TRUE,FALSE,FALSE,FALSE,FALSE,FALSE,FALSE,TRUE,1474,2.82
Corserine,Dumfries and Galloway,814,Corserine and the Rhinns of Kells,https://www.walkhighlands.co.uk/galloway/corserine.shtml,5,7,16.5,903,TRUE,FALSE,FALSE,FALSE,FALSE,TRUE,FALSE,FALSE,FALSE,TRUE,FALSE,1775,3.93
Cranstackie,Sutherland,801,Cranstackie and Beinn Spionnaidh from Carbreck,https://www.walkhighlands.co.uk/sutherland/cranstackie.shtml,6,8,12,1030,FALSE,FALSE,FALSE,TRUE,TRUE,TRUE,FALSE,FALSE,FALSE,FALSE,FALSE,903,3.88
Creach Bheinn (Loch Creran),Argyll,810,"Creach Bheinn from Druimavuic, Loch Creran",https://www.walkhighlands.co.uk/argyll/creach-bheinn.shtml,5,6,14.25,899,FALSE,FALSE,TRUE,FALSE,TRUE,TRUE,FALSE,FALSE,FALSE,FALSE,FALSE,852,3.63
Creach Bheinn (Morvern),Fort William,853,Creach Bheinn and Fuar Bheinn via the Glengalmadale Horseshoe,https://www.walkhighlands.co.uk/fortwilliam/creach-bheinn.shtml,7,9,16,1428,FALSE,FALSE,FALSE,TRUE,FALSE,TRUE,FALSE,FALSE,FALSE,TRUE,FALSE,704,3.87
Creag an Dail Bheag,Cairngorms,863,Culardoch and Creag an Dail Bheag from Keiloch,https://www.walkhighlands.co.uk/cairngorms/culardoch.shtml,7.5,8.5,23.75,853,FALSE,FALSE,FALSE,TRUE,FALSE,TRUE,FALSE,FALSE,FALSE,TRUE,FALSE,1214,2.92
Creag Mac Ranaich,Loch Lomond,809,Creag Mac Ranaich and Meall an t-Seallach from Lochearnhead,https://www.walkhighlands.co.uk/lochlomond/creag-mac-ranaich.shtml,7,8,20.5,984,FALSE,FALSE,FALSE,TRUE,FALSE,TRUE,FALSE,FALSE,FALSE,TRUE,FALSE,1731,3.78
Creag Mhòr,Cairngorms,895,Creag Mhòr and Loch Avon from Glenmore,https://www.walkhighlands.co.uk/cairngorms/creag-mhor.shtml,8,10,32,868,FALSE,FALSE,FALSE,TRUE,TRUE,TRUE,FALSE,FALSE,FALSE,TRUE,FALSE,1045,3.67
Creag nan Gabhar,Cairngorms,834,Creag nan Gabhar circuit,https://www.walkhighlands.co.uk/cairngorms/creag-nan-gabhar.shtml,5,6,14.5,479,FALSE,FALSE,FALSE,TRUE,TRUE,TRUE,FALSE,TRUE,FALSE,TRUE,FALSE,1975,3.42
Creag Rainich,Ullapool,807,Craig Rainich via Loch a'Bhraoin,https://www.walkhighlands.co.uk/ullapool/creag-rainich.shtml,6,7,17.5,620,FALSE,FALSE,FALSE,TRUE,FALSE,TRUE,FALSE,TRUE,FALSE,FALSE,FALSE,742,3.94
Creag Uchdag,Perthshire,879,Creag Uchdag from Glen Lednock,https://www.walkhighlands.co.uk/perthshire/creag-uchdag.shtml,5.5,6.5,15,667,FALSE,FALSE,FALSE,TRUE,FALSE,TRUE,FALSE,FALSE,FALSE,TRUE,FALSE,1151,3.06
Creagan na Beinne,Perthshire,888,Creagan na Beinne from Ardtalnaig,https://www.walkhighlands.co.uk/perthshire/creagan-na-beinne.shtml,5,6,18,775,FALSE,FALSE,FALSE,TRUE,FALSE,TRUE,FALSE,FALSE,FALSE,FALSE,FALSE,1048,2.91
Cruach Innse,Fort William,857,The Innses from Corriechoille,https://www.walkhighlands.co.uk/fortwilliam/cruach-innse.shtml,6,7,13,890,FALSE,FALSE,FALSE,FALSE,FALSE,TRUE,FALSE,FALSE,FALSE,FALSE,FALSE,1066,3.29
Cùl Beag,Ullapool,769,Cùl Beag from the east,https://www.walkhighlands.co.uk/ullapool/cul-beag.shtml,4,5,10.5,729,FALSE,FALSE,FALSE,TRUE,FALSE,FALSE,FALSE,FALSE,FALSE,FALSE,FALSE,1582,4.23
Cùl Mòr,Ullapool,849,Cùl Mòr from the east,https://www.walkhighlands.co.uk/ullapool/culmor.shtml,4,5.5,13.5,808,FALSE,FALSE,FALSE,TRUE,FALSE,TRUE,FALSE,FALSE,FALSE,FALSE,FALSE,2315,4.44
Culardoch,Cairngorms,900,Culardoch and Creag an Dail Bheag from Keiloch,https://www.walkhighlands.co.uk/cairngorms/culardoch.shtml,7.5,8.5,23.75,853,FALSE,FALSE,FALSE,TRUE,FALSE,TRUE,FALSE,FALSE,FALSE,TRUE,FALSE,1340,3.14
Druim Tarsuinn,Fort William,770,"The Sgùrr Ghiubhsachain round, from Callop",https://www.walkhighlands.co.uk/fortwilliam/sgurr-ghiubhsachain.shtml,9,11,21.75,1454,FALSE,FALSE,TRUE,TRUE,TRUE,FALSE,FALSE,FALSE,FALSE,TRUE,TRUE,545,3.29
Dùn da Ghaoithe,Isle of Mull,766,Dùn da Ghaoithe via the masts,https://www.walkhighlands.co.uk/mull/dun-da-ghaoithe.shtml,4,5,15,843,FALSE,FALSE,FALSE,FALSE,FALSE,TRUE,FALSE,FALSE,FALSE,FALSE,FALSE,1036,4.11
Faochaig,Kintail,868,Sguman Coinntich and Faochaig from Killilan,https://www.walkhighlands.co.uk/kintail/sguman-coinntich.shtml,9,10,25,1198,TRUE,FALSE,FALSE,FALSE,FALSE,TRUE,FALSE,FALSE,FALSE,FALSE,TRUE,529,3.47
Farragon Hill,Perthshire,783,Meall Tairneachan and Farragon Hill via the Foss mine track,https://www.walkhighlands.co.uk/perthshire/farragon-hill.shtml,5.5,6.5,17.25,878,FALSE,FALSE,FALSE,TRUE,FALSE,TRUE,FALSE,FALSE,FALSE,FALSE,FALSE,1344,2.94
Foinaven,Sutherland,914,Foinaven circuit from Gualin House,https://www.walkhighlands.co.uk/sutherland/foinaven.shtml,8,9,18.5,982,FALSE,FALSE,FALSE,TRUE,TRUE,TRUE,FALSE,FALSE,FALSE,FALSE,FALSE,1073,4.5
Fraoch Bheinn,Fort William,858,Sgùrr Mhurlagain and Fraoch Bheinn,https://www.walkhighlands.co.uk/fortwilliam/sgurr-mhurlagain.shtml,6.5,8,15,1243,FALSE,FALSE,FALSE,TRUE,FALSE,TRUE,FALSE,FALSE,FALSE,TRUE,FALSE,588,3.61
Fraochaidh,Fort William,879,Fraochaidh from Ballachulish,https://www.walkhighlands.co.uk/fortwilliam/fraochaidh.shtml,7,8,21,1113,FALSE,FALSE,FALSE,TRUE,TRUE,FALSE,TRUE,FALSE,FALSE,TRUE,FALSE,732,3.65
Fuar Bheinn,Fort William,766,Creach Bheinn and Fuar Bheinn via the Glengalmadale Horseshoe,https://www.walkhighlands.co.uk/fortwilliam/creach-bheinn.shtml,7,9,16,1428,FALSE,FALSE,FALSE,TRUE,FALSE,TRUE,FALSE,FALSE,FALSE,TRUE,FALSE,705,3.2
Fuar Tholl,Torridon,907,Fuar Tholl from Achnashellach,https://www.walkhighlands.co.uk/torridon/fuar-tholl.shtml,5.5,7,14.5,919,FALSE,FALSE,TRUE,FALSE,TRUE,FALSE,FALSE,FALSE,FALSE,FALSE,FALSE,1261,4.55
Gairbeinn,Cairngorms,896,Gairbeinn and Corrieyairack Hill from Melgarve,https://www.walkhighlands.co.uk/cairngorms/gairbeinn.shtml,5,6.5,15.5,754,FALSE,FALSE,FALSE,TRUE,FALSE,TRUE,FALSE,TRUE,FALSE,FALSE,FALSE,800,3.16
Garbh Bheinn (Ardgour),Fort William,885,Garbh Bheinn via the southeast ridge,https://www.walkhighlands.co.uk/fortwilliam/garbh-bheinn-ardgour.shtml,5,6,8,978,TRUE,FALSE,FALSE,TRUE,FALSE,FALSE,FALSE,FALSE,FALSE,FALSE,FALSE,1250,4.37
Garbh Bheinn (Loch Leven),Fort William,867,Garbh Bheinn from Loch Leven,https://www.walkhighlands.co.uk/fortwilliam/garbh-bheinn-loch-leven.shtml,4.5,6,6,865,TRUE,FALSE,FALSE,TRUE,FALSE,FALSE,FALSE,FALSE,FALSE,FALSE,FALSE,1155,3.9
Garbh-bheinn (Skye),Skye,808,Garbh Bheinn and Belig circular,https://www.walkhighlands.co.uk/skye/garbhbheinn.shtml,5,7,10,1070,TRUE,FALSE,FALSE,TRUE,FALSE,TRUE,FALSE,FALSE,FALSE,FALSE,FALSE,1030,4.56
Geal Charn (Arkaig),Fort William,804,Meall na h-Eilde and Geal Charn from Loch Arkaig,https://www.walkhighlands.co.uk/fortwilliam/meall-na-h-eilde.shtml,6.5,7,17,1017,FALSE,FALSE,FALSE,TRUE,FALSE,TRUE,FALSE,FALSE,FALSE,FALSE,FALSE,731,2.94
Geal Charn (Dorback),Cairngorms,821,Geal Charn from Dorback Lodge,https://www.walkhighlands.co.uk/cairngorms/geal-charn-dorback.shtml,3.5,4,13.25,524,FALSE,FALSE,FALSE,TRUE,TRUE,TRUE,FALSE,FALSE,FALSE,FALSE,FALSE,1135,2.96
Geal-charn Mòr,Cairngorms,824,Geal Charn Mòr from Lynwilg near Aviemore,https://www.walkhighlands.co.uk/cairngorms/geal-charn-mor.shtml,3,4.5,12.5,608,FALSE,FALSE,FALSE,TRUE,TRUE,FALSE,FALSE,FALSE,FALSE,FALSE,TRUE,2258,3.18
Glamaig,Skye,775,Glamaig and the Red Hills circuit from Sligachan,https://www.walkhighlands.co.uk/skye/red-hills.shtml,6,8,13,1215,FALSE,FALSE,FALSE,TRUE,TRUE,TRUE,FALSE,FALSE,FALSE,TRUE,FALSE,1286,3.91
Glas Bheinn (Assynt),Ullapool,776,Glas Bheinn from Inchnadamph,https://www.walkhighlands.co.uk/ullapool/glas-bheinn.shtml,5.5,6.5,15.75,770,FALSE,FALSE,TRUE,TRUE,TRUE,FALSE,FALSE,FALSE,FALSE,TRUE,FALSE,1054,3.97
Glas Bheinn (Kinlochleven),Fort William,792,Glas Bheinn circuit from Kinlochleven,https://www.walkhighlands.co.uk/fortwilliam/glas-bheinn.shtml,7,8,20.75,889,FALSE,FALSE,TRUE,TRUE,TRUE,TRUE,FALSE,FALSE,FALSE,TRUE,FALSE,722,3.68
Goat Fell,Isle of Arran,874,Goatfell from Brodick Castle,https://www.walkhighlands.co.uk/arran/goatfell.shtml,4.5,6,10.5,874,TRUE,FALSE,FALSE,FALSE,FALSE,FALSE,FALSE,FALSE,FALSE,FALSE,TRUE,6992,4.41
Hart Fell,Dumfries and Galloway,808,Hart Fell ridges horseshoe,https://www.walkhighlands.co.uk/galloway/hart-fell.shtml,5,6,13,886,FALSE,FALSE,FALSE,TRUE,FALSE,TRUE,FALSE,FALSE,FALSE,FALSE,FALSE,2442,3.44
Leathad an Taobhain,Cairngorms,912,Leathad an Taobhain and Càrn Dearg Mòr from Glen Feshie,https://www.walkhighlands.co.uk/cairngorms/leathad-an-taobhain.shtml,9,10,33.5,989,FALSE,TRUE,TRUE,TRUE,TRUE,FALSE,FALSE,FALSE,FALSE,TRUE,FALSE,808,2.87
Leum Uilleim,Fort William,909,Leum Uilleim from Corrour Station,https://www.walkhighlands.co.uk/fortwilliam/leum-uilleim.shtml,3,4.5,9.75,524,FALSE,FALSE,FALSE,TRUE,FALSE,TRUE,FALSE,FALSE,FALSE,FALSE,FALSE,1143,3.94
Little Wyvis,Loch Ness,764,Little Wyvis ascent,https://www.walkhighlands.co.uk/lochness/little-wyvis.shtml,3,4,10,NA,FALSE,FALSE,FALSE,TRUE,FALSE,FALSE,FALSE,FALSE,FALSE,TRUE,FALSE,1814,3.1
Mam na Gualainn,Fort William,796,Mam na Gualainn and Beinn na Caillich from Mamore Lodge,https://www.walkhighlands.co.uk/fortwilliam/mam-na-gualainn.shtml,7,8,19.5,1084,FALSE,FALSE,TRUE,TRUE,FALSE,TRUE,FALSE,FALSE,FALSE,TRUE,TRUE,1237,3.83
Maol Creag an Loch (A' Chaoirnich),Cairngorms,875,An Dùn and Maol Creag an Loch via the Gaick Pass,https://www.walkhighlands.co.uk/perthshire/gaick-corbetts.shtml,9,10,28,959,FALSE,FALSE,TRUE,TRUE,TRUE,TRUE,FALSE,FALSE,FALSE,FALSE,FALSE,762,3
Meall a' Bhuachaille,Cairngorms,810,Meall a' Buachaille and Creagan Gorm traverse,https://www.walkhighlands.co.uk/cairngorms/meallabhuachaille.shtml,3.5,4.5,8.5,543,FALSE,FALSE,FALSE,TRUE,FALSE,FALSE,FALSE,TRUE,FALSE,TRUE,FALSE,5508,3.9
Meall a' Ghiubhais,Torridon,887,Meall a' Ghiubhais from Loch Maree.,https://www.walkhighlands.co.uk/torridon/Meallaghuibhais.shtml,4.5,6,9,930,FALSE,FALSE,FALSE,FALSE,FALSE,FALSE,FALSE,FALSE,FALSE,TRUE,FALSE,1313,4.07
Meall a' Phùbuill,Fort William,774,Meall a'Phùbuill from Glen Loy,https://www.walkhighlands.co.uk/fortwilliam/meall-a-phubuill.shtml,5,6,15,738,FALSE,FALSE,FALSE,FALSE,TRUE,TRUE,FALSE,FALSE,FALSE,FALSE,FALSE,680,3.07
Meall an Fhudair,Loch Lomond,764,Meall an Fhudair from Glen Falloch,https://www.walkhighlands.co.uk/lochlomond/meall-an-fhudair.shtml,5,6,14.5,901,FALSE,FALSE,FALSE,TRUE,FALSE,FALSE,FALSE,FALSE,FALSE,FALSE,FALSE,936,3.24
Meall an t-Seallaidh,Loch Lomond,852,Creag Mac Ranaich and Meall an t-Seallach from Lochearnhead,https://www.walkhighlands.co.uk/lochlomond/creag-mac-ranaich.shtml,7,8,20.5,984,FALSE,FALSE,FALSE,TRUE,FALSE,TRUE,FALSE,FALSE,FALSE,TRUE,FALSE,1652,3.39
Meall Buidhe,Perthshire,907,Meall Buidhe and Sron a' Choire Chnapanich from Loch Lyon,https://www.walkhighlands.co.uk/perthshire/sron-a-choire-chnapanich.shtml,6,6.5,15.75,921,FALSE,FALSE,FALSE,TRUE,FALSE,TRUE,FALSE,FALSE,FALSE,FALSE,FALSE,952,3.24
Meall Dubh,Fort William,788,Meall Dubh from Glen Moriston,https://www.walkhighlands.co.uk/lochness/meall-dubh.shtml,4,5,11,670,FALSE,FALSE,FALSE,TRUE,FALSE,TRUE,FALSE,FALSE,FALSE,FALSE,FALSE,782,2.9
Meall Horn,Sutherland,777,Meall Horn from Loch Stack,https://www.walkhighlands.co.uk/sutherland/meall-horn.shtml,6,7,18,836,FALSE,FALSE,FALSE,TRUE,TRUE,TRUE,FALSE,FALSE,FALSE,TRUE,FALSE,638,3.44
Meall Lighiche,Fort William,772,Meall Ligiche and Sgòr na h-Ulaidh from Glencoe,https://www.walkhighlands.co.uk/fortwilliam/sgornaulaidh.shtml,7,9,15.5,1292,FALSE,FALSE,TRUE,TRUE,TRUE,TRUE,FALSE,FALSE,FALSE,TRUE,FALSE,1431,3.32
Meall na Fearna,Perthshire,809,Meall na Fearna from Loch Earn,https://www.walkhighlands.co.uk/perthshire/meall-na-fearna.shtml,4.5,5.5,12.25,730,FALSE,FALSE,FALSE,TRUE,FALSE,TRUE,FALSE,FALSE,FALSE,FALSE,FALSE,1255,3.11
Meall na h-Aisre,Cairngorms,862,Meall na h-Aisre from Garva Bridge,https://www.walkhighlands.co.uk/cairngorms/meall-na-h-aisre.shtml,4.5,5,13,611,FALSE,FALSE,FALSE,TRUE,FALSE,TRUE,FALSE,FALSE,FALSE,FALSE,FALSE,788,2.67
Meall na h-Eilde,Fort William,838,Meall na h-Eilde and Geal Charn from Loch Arkaig,https://www.walkhighlands.co.uk/fortwilliam/meall-na-h-eilde.shtml,6.5,7,17,1017,FALSE,FALSE,FALSE,TRUE,FALSE,TRUE,FALSE,FALSE,FALSE,FALSE,FALSE,737,2.75
Meall na Leitreach,Perthshire,775,Meall na Leitreach from Dalnaspital,https://www.walkhighlands.co.uk/perthshire/meall-na-leitreach.shtml,2.5,3,7.75,407,FALSE,FALSE,FALSE,FALSE,FALSE,FALSE,FALSE,FALSE,FALSE,FALSE,FALSE,1405,2.81
Meall nam Maigheach,Perthshire,779,Meall nam Maigheach from the Loch Tay - Glen Lyon Pass,https://www.walkhighlands.co.uk/perthshire/meall-nam-maigheach.shtml,2,2.5,5.5,270,FALSE,FALSE,FALSE,TRUE,FALSE,TRUE,FALSE,FALSE,FALSE,FALSE,FALSE,1208,2.35
Meall nan Subh,Perthshire,806,Meall nan Subh from Glen Lochay,https://www.walkhighlands.co.uk/perthshire/meall-nan-subh.shtml,3,4,12.75,602,FALSE,FALSE,FALSE,FALSE,FALSE,TRUE,FALSE,FALSE,FALSE,TRUE,FALSE,932,3.14
Meall Tairneachan,Perthshire,787,Meall Tairneachan and Farragon Hill via the Foss mine track,https://www.walkhighlands.co.uk/perthshire/farragon-hill.shtml,5.5,6.5,17.25,878,FALSE,FALSE,FALSE,TRUE,FALSE,TRUE,FALSE,FALSE,FALSE,FALSE,FALSE,1421,2.9
Meallach Mhòr,Cairngorms,769,Meallach Mhòr and Croidh-la from Glen Tromie,https://www.walkhighlands.co.uk/cairngorms/meallach-mhor.shtml,7,8,25,734,FALSE,FALSE,FALSE,TRUE,TRUE,TRUE,FALSE,TRUE,FALSE,TRUE,FALSE,844,2.75
Meallan Liath Coire Mhic Dhughaill,Sutherland,801,Meallan Liath Coire Mhic Dhughaill,https://www.walkhighlands.co.uk/sutherland/meallan-liath-coire-mhic-dhughaill.shtml,6,6.5,16,900,FALSE,FALSE,TRUE,TRUE,FALSE,TRUE,FALSE,FALSE,FALSE,FALSE,FALSE,560,3.94
Meallan nan Uan,Loch Ness,838,Sgùrr a'Mhuilinn and Meallan nan Uan from Strathconon,https://www.walkhighlands.co.uk/lochness/sgurr-a-mhuilinn.shtml,5,7,13,1085,FALSE,FALSE,FALSE,TRUE,FALSE,TRUE,FALSE,FALSE,FALSE,FALSE,TRUE,972,3.88
Merrick,Dumfries and Galloway,843,The Merrick via Benyellary,https://www.walkhighlands.co.uk/galloway/merrick.shtml,4,5,13.25,875,FALSE,FALSE,FALSE,TRUE,FALSE,TRUE,FALSE,TRUE,FALSE,TRUE,FALSE,3438,3.92
Monamenach,Angus,807,Monamenach from Glen Isla,https://www.walkhighlands.co.uk/angus/monamenach.shtml,2,3,5.25,444,FALSE,FALSE,FALSE,FALSE,TRUE,FALSE,FALSE,FALSE,FALSE,FALSE,FALSE,2003,2.77
Morrone,Cairngorms,859,Morrone from Braemar,https://www.walkhighlands.co.uk/cairngorms/morrone.shtml,4,5,12,650,FALSE,FALSE,FALSE,FALSE,TRUE,FALSE,FALSE,FALSE,FALSE,TRUE,FALSE,3206,3.14
Morven,Cairngorms,872,Morven from the east,https://www.walkhighlands.co.uk/aberdeenshire/morven.shtml,3.5,4.5,8.75,655,FALSE,FALSE,FALSE,TRUE,FALSE,FALSE,FALSE,FALSE,FALSE,FALSE,FALSE,2676,3.4
Mount Battock,Angus,778,Mount Battock from Glen Esk,https://www.walkhighlands.co.uk/angus/mount-battock.shtml,4,5,15,673,FALSE,FALSE,FALSE,TRUE,FALSE,FALSE,FALSE,FALSE,FALSE,FALSE,FALSE,2437,3.06
Quinag - Sàil Gharbh,Ullapool,808,Quinag: three Corbetts,https://www.walkhighlands.co.uk/ullapool/quinag.shtml,7.5,8.5,14,1130,TRUE,FALSE,FALSE,TRUE,FALSE,FALSE,FALSE,FALSE,FALSE,TRUE,FALSE,2460,4.22
Quinag - Sàil Ghorm,Ullapool,776,Quinag: three Corbetts,https://www.walkhighlands.co.uk/ullapool/quinag.shtml,7.5,8.5,14,1130,TRUE,FALSE,FALSE,TRUE,FALSE,FALSE,FALSE,FALSE,FALSE,TRUE,FALSE,2184,4.24
Quinag - Spidean Coinich,Ullapool,764,Quinag: three Corbetts,https://www.walkhighlands.co.uk/ullapool/quinag.shtml,7.5,8.5,14,1130,TRUE,FALSE,FALSE,TRUE,FALSE,FALSE,FALSE,FALSE,FALSE,TRUE,FALSE,2672,4.47
Rois-Bheinn,Fort William,882,Rois-bheinn round from Inverailort,https://www.walkhighlands.co.uk/fortwilliam/rois-bheinn.shtml,9,10,19,1649,TRUE,FALSE,FALSE,TRUE,FALSE,TRUE,FALSE,FALSE,FALSE,FALSE,FALSE,943,4.13
Ruadh-stac Beag,Torridon,896,Ruadh-stac Beag from the Beinn Eighe visitor centre,https://www.walkhighlands.co.uk/torridon/ruadh-stac-beag.shtml,6.5,7.5,15.5,931,FALSE,FALSE,FALSE,FALSE,FALSE,TRUE,FALSE,FALSE,FALSE,TRUE,TRUE,844,4.45
Sail Mhòr,Ullapool,767,"Sail Mhòr, from Ardessie",https://www.walkhighlands.co.uk/ullapool/sail-mhor.shtml,5.5,6,12,825,FALSE,FALSE,TRUE,TRUE,FALSE,FALSE,FALSE,FALSE,FALSE,FALSE,FALSE,1046,3.91
Sgòr Mòr,Cairngorms,813,Sgòrr Mòr circular from the Linn of Dee,https://www.walkhighlands.co.uk/cairngorms/sgor-mor.shtml,6,7,20.75,544,FALSE,FALSE,TRUE,TRUE,TRUE,TRUE,FALSE,FALSE,FALSE,TRUE,TRUE,1364,3.36
Sgòrr Craobh a' Chaorainn,Fort William,775,"The Sgùrr Ghiubhsachain round, from Callop",https://www.walkhighlands.co.uk/fortwilliam/sgurr-ghiubhsachain.shtml,9,11,21.75,1454,FALSE,FALSE,TRUE,TRUE,TRUE,FALSE,FALSE,FALSE,FALSE,TRUE,TRUE,685,3.79
Sgòrr na Diollaid,Loch Ness,818,Sgòrr na Diollaid from Glen Cannich,https://www.walkhighlands.co.uk/lochness/sgorr-na-diollaid.shtml,4,5,7,654,TRUE,FALSE,FALSE,TRUE,TRUE,TRUE,FALSE,FALSE,FALSE,FALSE,FALSE,1058,3.78
Sgòrr nan Lochan Uaine,Torridon,871,Sgòrr nan Lochan Uaine and Sgùrr Dubh from Glen Torridon,https://www.walkhighlands.co.uk/torridon/sgorr-nan-lochan-uaine.shtml,7.5,9,14.25,985,FALSE,FALSE,FALSE,TRUE,FALSE,TRUE,FALSE,FALSE,FALSE,TRUE,FALSE,778,3.84
Sguman Coinntich,Kintail,879,Sguman Coinntich and Faochaig from Killilan,https://www.walkhighlands.co.uk/kintail/sguman-coinntich.shtml,9,10,25,1198,TRUE,FALSE,FALSE,FALSE,FALSE,TRUE,FALSE,FALSE,FALSE,FALSE,TRUE,576,4
Sgùrr a' Chaorachain,Torridon,792,Sgùrr a' Chaorachain from the Bealach na Ba,https://www.walkhighlands.co.uk/torridon/Sgurrachaorachain.shtml,2,2.5,7,375,FALSE,TRUE,FALSE,FALSE,FALSE,TRUE,FALSE,FALSE,FALSE,FALSE,FALSE,1345,4.15
Sgùrr a' Choire-bheithe,Fort William,913,Sgùrr a’ Choire-bheithe from Barrisdale Bay,https://www.walkhighlands.co.uk/fortwilliam/sgurr-a-choire-bheithe.shtml,4.5,5.5,9.75,932,TRUE,FALSE,FALSE,FALSE,TRUE,FALSE,TRUE,TRUE,FALSE,FALSE,FALSE,414,4.14
Sgùrr a' Mhuilinn,Loch Ness,879,Sgùrr a' Mhuilinn and Meallan nan Uan from Strathconon,https://www.walkhighlands.co.uk/lochness/sgurr-a-mhuilinn.shtml,5,7,13,1085,FALSE,FALSE,FALSE,TRUE,FALSE,TRUE,FALSE,FALSE,FALSE,FALSE,TRUE,938,3.52
Sgùrr an Airgid,Kintail,841,Sgùrr an Airgid from Morvich,https://www.walkhighlands.co.uk/kintail/Sgurranairgid.shtml,4.5,6,10.5,932,FALSE,FALSE,FALSE,TRUE,FALSE,TRUE,FALSE,FALSE,FALSE,TRUE,FALSE,1268,4.08
Sgùrr an Fhuarain,Fort William,901,Sgùrr Mòr and Sgùrr an Fhuarain from Loch Arkaig,https://www.walkhighlands.co.uk/fortwilliam/sgurr-mor.shtml,9,11,24,1510,FALSE,FALSE,TRUE,TRUE,TRUE,TRUE,FALSE,FALSE,FALSE,TRUE,FALSE,1234,3.73
Sgùrr an Utha,Fort William,796,Sgùrr an Utha from Drochaid Allt an Utha,https://www.walkhighlands.co.uk/fortwilliam/sgurr-an-utha.shtml,4,6,9,757,FALSE,FALSE,FALSE,TRUE,FALSE,TRUE,FALSE,FALSE,FALSE,FALSE,FALSE,894,3.75
Sgùrr Coire Choinnichean,Fort William,796,Sgùrr Coire Choinnichean from Inverie,https://www.walkhighlands.co.uk/fortwilliam/sgurr-coire-choinnichean.shtml,5.5,6,12.75,857,FALSE,TRUE,FALSE,FALSE,TRUE,TRUE,FALSE,FALSE,TRUE,FALSE,TRUE,906,4.09
Sgùrr Cos na Breachd-laoidh,Fort William,835,Sgùrr Cos na Breachd-laoidh from Loch Arkaig,https://www.walkhighlands.co.uk/fortwilliam/sgurr-cos-na-breachd-laoidh.shtml,6,7,13,861,FALSE,FALSE,FALSE,FALSE,TRUE,TRUE,FALSE,FALSE,FALSE,TRUE,FALSE,618,3.65
Sgùrr Dhomhnuill,Fort William,888,Sgùrr Dhomhnuill via the Ariundle Oakwoods,https://www.walkhighlands.co.uk/fortwilliam/sgurr-dhomhnuill.shtml,7,8.5,17.75,913,TRUE,FALSE,TRUE,TRUE,FALSE,FALSE,FALSE,FALSE,FALSE,TRUE,FALSE,686,4.11
Sgùrr Dubh,Torridon,782,Sgòrr nan Lochan Uaine and Sgùrr Dubh from Glen Torridon,https://www.walkhighlands.co.uk/torridon/sgorr-nan-lochan-uaine.shtml,7.5,9,14.25,985,FALSE,FALSE,FALSE,TRUE,FALSE,TRUE,FALSE,FALSE,FALSE,TRUE,FALSE,809,4.09
Sgùrr Gaorsaic,Kintail,839,Sgùrr Gaorsaic from Morvich,https://www.walkhighlands.co.uk/kintail/sgurr-gaorsaic.shtml,7,9,20.5,1139,FALSE,FALSE,TRUE,TRUE,TRUE,TRUE,FALSE,FALSE,FALSE,FALSE,FALSE,577,3.18
Sgùrr Ghiubhsachain,Fort William,849,Sgùrr Ghiubhsachain and Sgòrr Craobh a' Chaorainn from Callop,https://www.walkhighlands.co.uk/fortwilliam/sgurr-ghiubhsachain.shtml,9,11,21.75,1454,FALSE,FALSE,TRUE,TRUE,TRUE,FALSE,FALSE,FALSE,FALSE,TRUE,TRUE,704,4.39
Sgùrr Innse,Fort William,809,The Innses from Corriechoille,https://www.walkhighlands.co.uk/fortwilliam/cruach-innse.shtml,6,7,13,890,FALSE,FALSE,FALSE,FALSE,FALSE,TRUE,FALSE,FALSE,FALSE,FALSE,FALSE,1024,4.09
Sgùrr Mhic Bharraich,Kintail,779,Sgùrr Mhic Bharraich from Shiel Bridge,https://www.walkhighlands.co.uk/kintail/sgurr-mhic-bharraich.shtml,4.5,6.5,9.5,787,FALSE,FALSE,FALSE,TRUE,FALSE,TRUE,FALSE,FALSE,FALSE,TRUE,FALSE,913,3.48
Sgùrr Mhurlagain,Fort William,880,Sgùrr Mhurlagain and Fraoch Bheinn,https://www.walkhighlands.co.uk/fortwilliam/sgurr-mhurlagain.shtml,6.5,8,15,1243,FALSE,FALSE,FALSE,TRUE,FALSE,TRUE,FALSE,FALSE,FALSE,TRUE,FALSE,583,3.13
Sgùrr na Ba Glaise,Fort William,874,Rois-bheinn round from Inverailort,https://www.walkhighlands.co.uk/fortwilliam/rois-bheinn.shtml,9,10,19,1649,TRUE,FALSE,FALSE,TRUE,FALSE,TRUE,FALSE,FALSE,FALSE,FALSE,FALSE,855,3.92
Sgùrr na Feartaig,Torridon,862,Sgùrr na Feartaig and Beinn Tharsuinn from Achnashellach,https://www.walkhighlands.co.uk/torridon/sgurr-na-feartaig.shtml,7,8,22,1180,FALSE,FALSE,TRUE,TRUE,TRUE,TRUE,FALSE,FALSE,FALSE,TRUE,TRUE,780,3.83
Sgùrr nan Ceannaichean,Torridon,913,Moruisg and Sgùrr nan Ceannaichean from Glen Carron,https://www.walkhighlands.co.uk/torridon/Moruisg.shtml,6,7,12,978,FALSE,FALSE,FALSE,TRUE,TRUE,TRUE,FALSE,FALSE,FALSE,FALSE,TRUE,2404,3.71
Sgùrr nan Eugallt,Fort William,898,Sgùrr nan Eugallt,https://www.walkhighlands.co.uk/fortwilliam/sgurr-nan-eugallt.shtml,4.5,5,9.5,786,FALSE,FALSE,FALSE,FALSE,FALSE,FALSE,FALSE,FALSE,FALSE,FALSE,FALSE,569,4.15
Shalloch on Minnoch,Dumfries and Galloway,775,Shalloch on Minnoch via the north ridge,https://www.walkhighlands.co.uk/glasgow/shalloch-on-minnoch.shtml,3,4,9.5,425,FALSE,FALSE,FALSE,TRUE,FALSE,TRUE,FALSE,FALSE,FALSE,FALSE,FALSE,1465,3.16
Sron a' Choire Chnapanich,Perthshire,837,Meall Buidhe and Sron a' Choire Chnapanich from Loch Lyon,https://www.walkhighlands.co.uk/perthshire/sron-a-choire-chnapanich.shtml,6,6.5,15.75,921,FALSE,FALSE,FALSE,TRUE,FALSE,TRUE,FALSE,FALSE,FALSE,FALSE,FALSE,1031,3.3
Stob a' Choin,Loch Lomond,869,Stob a' Choin from Inverlochlarig,https://www.walkhighlands.co.uk/lochlomond/stob-a-choin.shtml,6.5,7,10.5,790,TRUE,FALSE,FALSE,TRUE,TRUE,TRUE,FALSE,FALSE,FALSE,TRUE,FALSE,1110,4.16
Stob an Aonaich Mhòir,Perthshire,855,Stob an Aonaich Mhòir from Loch Rannoch,https://www.walkhighlands.co.uk/perthshire/stob-an-aonaich-mhoir.shtml,7.5,8.5,28.5,649,FALSE,FALSE,FALSE,TRUE,TRUE,TRUE,FALSE,FALSE,FALSE,TRUE,FALSE,660,3.56
Stob Coire a' Chearcaill,Fort William,771,Stob Coire a' Chearcaill from Loch Eil,https://www.walkhighlands.co.uk/fortwilliam/stob-coire-chearcaill.shtml,4.5,6,14,789,FALSE,FALSE,FALSE,TRUE,FALSE,TRUE,FALSE,FALSE,FALSE,FALSE,TRUE,852,3.31
Stob Dubh,Fort William,883,"Stob Dubh via the northeast ridge, from Glen Etive",https://www.walkhighlands.co.uk/fortwilliam/stob-dubh.shtml,7.5,8,11.5,1005,TRUE,FALSE,FALSE,FALSE,TRUE,TRUE,FALSE,FALSE,FALSE,FALSE,FALSE,708,4.23
Streap,Fort William,909,Streap via Gleann Dubh Lighe,https://www.walkhighlands.co.uk/fortwilliam/streap.shtml,8,9,18.5,1197,FALSE,FALSE,TRUE,TRUE,TRUE,TRUE,FALSE,TRUE,FALSE,TRUE,FALSE,794,4.28
The Brack,Loch Lomond,787,The Brack and Cnoc Coinnich from Ardgartan,https://www.walkhighlands.co.uk/lochlomond/the-brack.shtml,6,7.5,15.5,1086,TRUE,FALSE,FALSE,TRUE,FALSE,TRUE,FALSE,FALSE,FALSE,TRUE,FALSE,2393,3.93
The Cobbler,Loch Lomond,884,The Cobbler from Arrochar,https://www.walkhighlands.co.uk/lochlomond/the-cobbler.shtml,4,6,11,920,TRUE,FALSE,FALSE,FALSE,FALSE,FALSE,FALSE,FALSE,FALSE,TRUE,FALSE,11437,4.49
The Fara,Cairngorms,911,"The Fara, from Dalwhinnie",https://www.walkhighlands.co.uk/cairngorms/the-fara.shtml,6.5,7.5,21.5,775,FALSE,TRUE,FALSE,TRUE,FALSE,TRUE,FALSE,FALSE,FALSE,TRUE,FALSE,1419,3.43
The Sow of Atholl,Perthshire,803,"The Sow of Atholl, from Dalnaspidal Lodge",https://www.walkhighlands.co.uk/perthshire/sow-of-atholl.shtml,2.5,3,7,393,FALSE,FALSE,FALSE,FALSE,FALSE,TRUE,FALSE,FALSE,FALSE,FALSE,FALSE,1840,2.6
White Coomb,Dumfries and Galloway,821,White Coomb and Lochcraig Head via the Grey Mare's Tail,https://www.walkhighlands.co.uk/galloway/white-coomb.shtml,4,6,11.5,751,FALSE,FALSE,FALSE,TRUE,FALSE,FALSE,FALSE,FALSE,FALSE,TRUE,FALSE,2840,3.57
