munro,height_wh,height_dobih,height_diff,region,xcoord,ycoord,grid_ref,scramble,exposed,spate,bog,river,arete,time_hours_min,time_hours_max,distance_km,ascent,first_route_title,site_key,time,scramble_exposed,wet
Conival,987,987,0,Ullapool,230330,919938,NC303199,TRUE,FALSE,FALSE,TRUE,TRUE,TRUE,8.5,10,17.25,1077,Ben More Assynt and Conival from Inchnadamph,NC303199,9.25,Scramble,Boggy
Ben More Assynt,998,998,0,Ullapool,231830,920150,NC318201,TRUE,FALSE,FALSE,TRUE,TRUE,TRUE,8.5,10,17.25,1077,Ben More Assynt and Conival from Inchnadamph,NC318201,9.25,Scramble,Boggy
Ben Hope,927,927,0,Sutherland,247750,950151,NC477501,FALSE,FALSE,FALSE,FALSE,FALSE,FALSE,4,6,7.5,946,Ben Hope from Strathmore,NC477501,5,Neither,Neither
Ben Klibreck,961,962.1,1.1000000000000227,Sutherland,258530,929921,NC585299,FALSE,FALSE,FALSE,TRUE,FALSE,FALSE,5,7,14.25,930,Ben Klibreck from Strath Vagastie,NC585299,6,Neither,Boggy
Sgùrr na Banachdich,965,965,0,Isle of Skye,144046,822448,NG440224,TRUE,FALSE,FALSE,FALSE,FALSE,FALSE,5,7,7.5,936,Sgùrr na Banachdich via Coire nan Eich,NG440224,6,Scramble,Neither
Inaccessible Pinnacle,986,985.8,0.20000000000004547,Isle of Skye,144404,821564,NG444215,TRUE,TRUE,FALSE,FALSE,FALSE,FALSE,6,8,8,1065,Sgùrr Dearg and the approach to the Inn Pinn,NG444215,7,Both,Neither
Sgùrr a' Ghreadaidh,973,972.1,0.8999999999999773,Isle of Skye,144525,823126,NG445231,TRUE,TRUE,FALSE,FALSE,FALSE,TRUE,6,8,9.5,997,Sgùrr a Ghreadaidh and Sgùrr a Mhadaidh via An Dorus,NG445231,7,Both,Neither
Sgùrr a' Mhadaidh,918,918,0,Isle of Skye,144700,823512,NG447235,TRUE,TRUE,FALSE,FALSE,FALSE,TRUE,6,8,9.5,997,Sgùrr a Ghreadaidh and Sgùrr a Mhadaidh via An Dorus,NG447235,7,Both,Neither
Sgùrr Alasdair,992,992,0,Isle of Skye,145000,820783,NG450207,TRUE,FALSE,FALSE,FALSE,FALSE,FALSE,5,6,9.5,992,Sgùrr Alasdair via the Great Stone Chute,NG450207,5.5,Scramble,Neither
Sgùrr Mhic Chòinnich,948,948.1,0.10000000000002274,Isle of Skye,145020,821043,NG450210,TRUE,TRUE,FALSE,FALSE,FALSE,FALSE,5,6,11,950,Sgùrr Mhic Chòinnich from Coire Lagan,NG450210,5.5,Both,Neither
Sgùrr nan Eag,924,926.3,2.2999999999999545,Isle of Skye,145705,819536,NG457195,TRUE,FALSE,FALSE,FALSE,FALSE,FALSE,7,11,15,1159,Southern Cuillin and Coire Ghrunnda,NG457195,9,Scramble,Neither
Sgùrr Dubh Mòr,944,944,0,Isle of Skye,145758,820547,NG457205,TRUE,FALSE,FALSE,FALSE,FALSE,FALSE,7,11,15,1159,Southern Cuillin and Coire Ghrunnda,NG457205,9,Scramble,Neither
Bruach na Frìthe,958,958.8,0.7999999999999545,Isle of Skye,146085,825198,NG460251,TRUE,TRUE,FALSE,FALSE,TRUE,FALSE,6,7,14,1175,Am Basteir,NG460251,6.5,Both,Neither
Am Basteir,934,934,0,Isle of Skye,146564,825302,NG465253,TRUE,TRUE,FALSE,FALSE,TRUE,FALSE,6,7,14,1175,Am Basteir via the Bealach Basteir from Sligachan,NG465253,6.5,Both,Neither
Sgùrr nan Gillean,964,966.1,2.1000000000000227,Isle of Skye,147157,825296,NG471252,TRUE,TRUE,FALSE,FALSE,TRUE,FALSE,5,7,12,985,Sgùrr nan Gillean via the Southeast Ridge (Tourist Route),NG471252,6,Both,Neither
Blà Bheinn,928,929,1,Isle of Skye,152990,821743,NG529217,TRUE,FALSE,FALSE,FALSE,FALSE,FALSE,5,6,8,990,Blà Bheinn via the normal route from Loch Slapin,NG529217,5.5,Scramble,Neither
Ladhar Bheinn,1020,1020,0,Fort William,182400,803983,NG824039,TRUE,TRUE,FALSE,TRUE,FALSE,FALSE,9,12,22.5,1399,"Ladhar Bheinn circuit via Aonach Sgoilite, from Inverie",NG824039,10.5,Both,Boggy
Beinn Sgritheall,974,974,0,Kintail,183588,812682,NG835126,FALSE,FALSE,FALSE,TRUE,FALSE,FALSE,4,6,10,1095,Beinn Sgritheall from Arnisdale,NG835126,5,Neither,Boggy
Tom na Gruagaich,922,922,0,Torridon,185958,860153,NG859601,TRUE,FALSE,FALSE,FALSE,TRUE,FALSE,7,8,10.5,1190,Beinn Alligin ridge traverse,NG859601,7.5,Scramble,Neither
Sgùrr Mòr,986,986,0,Torridon,186565,861270,NG865612,TRUE,FALSE,FALSE,FALSE,TRUE,FALSE,7,8,10.5,1190,Beinn Alligin ridge traverse,NG865612,7.5,Scramble,Neither
Luinne Bheinn,939,939,0,Fort William,186979,800740,NG869007,TRUE,FALSE,FALSE,TRUE,TRUE,FALSE,11,13,27,1586,Luinne Bheinn and Meall Buidhe from Inverie,NG869007,12,Scramble,Boggy
Mullach an Rathain,1023,1023.8,0.7999999999999545,Torridon,191188,857689,NG911576,TRUE,TRUE,FALSE,FALSE,FALSE,FALSE,8,10,11.5,1326,"Liathach traverse, Glen Torridon",NG911576,9,Both,Neither
Maol Chean-dearg,933,933,0,Torridon,192406,849911,NG924499,FALSE,FALSE,FALSE,FALSE,TRUE,FALSE,5,7,14,932,Maol Chean-dearg from Coulags,NG924499,6,Neither,Neither
Spidean a' Choire Lèith,1055,1054.8,0.20000000000004547,Torridon,192934,857969,NG929579,TRUE,TRUE,FALSE,FALSE,FALSE,FALSE,8,10,11.5,1326,"Liathach traverse, Glen Torridon",NG929579,9,Both,Neither
The Saddle,1010,1011.5,1.5,Kintail,193610,813124,NG936131,TRUE,TRUE,FALSE,TRUE,FALSE,FALSE,7,9,14,1440,"The Saddle via the Forcan Ridge, and Sgùrr na Sgìne",NG936131,8,Both,Boggy
Sgùrr na Sgìne,945,946,1,Kintail,194618,811368,NG946113,TRUE,TRUE,FALSE,TRUE,FALSE,FALSE,7,9,14,1440,"The Saddle via the Forcan Ridge, and Sgùrr na Sgìne",NG946113,8,Both,Boggy
Ruadh-stac Mòr,1010,1010,0,Torridon,195142,861152,NG951611,TRUE,TRUE,FALSE,FALSE,FALSE,FALSE,7,9,18,1116,Beinn Eighe via Coire Mhic Fhearchair,NG951611,8,Both,Neither
Sgòrr Ruadh,962,960.7,1.2999999999999545,Torridon,195907,850506,NG959505,TRUE,FALSE,TRUE,FALSE,TRUE,FALSE,6.5,7,16,931,Sgòrr Ruadh from Achnashellach,NG959505,6.75,Scramble,Large river
Beinn Liath Mhòr,926,926,0,Torridon,196409,851982,NG964519,TRUE,FALSE,FALSE,FALSE,TRUE,TRUE,7,8,15.25,1054,Beinn Liath Mhòr from Achnashellach,NG964519,7.5,Scramble,Neither
Spidean Coire nan Clach,993,993,0,Torridon,196615,859780,NG966597,TRUE,TRUE,FALSE,FALSE,FALSE,FALSE,7,9,18,1116,Beinn Eighe via Coire Mhic Fhearchair,NG966597,8,Both,Neither
Sgùrr na Càrnach,1002,1002,0,Kintail,197715,815891,NG977158,TRUE,FALSE,FALSE,TRUE,TRUE,FALSE,8,10,15,1385,Five Sisters of Kintail traverse,NG977158,9,Scramble,Boggy
Sgùrr Fhuaran,1067,1068.8,1.7999999999999545,Kintail,197849,816678,NG978166,TRUE,FALSE,FALSE,TRUE,TRUE,FALSE,8,10,15,1385,Five Sisters of Kintail traverse,NG978166,9,Scramble,Boggy
Sgùrr a' Mhaoraich,1027,1027,0,Fort William,198392,806581,NG983065,FALSE,FALSE,FALSE,FALSE,TRUE,FALSE,5,7,14,1077,Sgùrr a'Mhaoraich from Loch Cuaich,NG983065,6,Neither,Neither
Creag nan Dàmh,918,917.2,0.7999999999999545,Kintail,198348,811202,NG983112,TRUE,FALSE,FALSE,TRUE,FALSE,FALSE,9,11,26.75,1818,South Glen Shiel Ridge walk,NG983112,10,Scramble,Boggy
Sgùrr na Ciste Duibhe,1027,1027,0,Kintail,198401,814953,NG984149,TRUE,FALSE,FALSE,TRUE,TRUE,FALSE,8,10,15,1385,Five Sisters of Kintail traverse,NG984149,9,Scramble,Boggy
Slioch,981,981,0,Torridon,200468,869076,NH004690,FALSE,FALSE,FALSE,TRUE,TRUE,FALSE,8,9,19,1144,Slioch from Kinlochewe,NH004690,8.5,Neither,Boggy
Sgùrr an Lochain,1004,1004,0,Kintail,200583,810428,NH005104,TRUE,FALSE,FALSE,TRUE,FALSE,FALSE,9,11,26.75,1818,South Glen Shiel Ridge walk,NH005104,10,Scramble,Boggy
A' Mhaighdean,967,967,0,Ullapool,200776,874913,NH007749,TRUE,FALSE,TRUE,TRUE,TRUE,FALSE,12,18,29,2254,"The Fisherfield 6, from Shenavall",NH007749,15,Scramble,Both
A' Ghlas-bheinn,918,918,0,Kintail,200822,823104,NH008231,FALSE,FALSE,TRUE,FALSE,TRUE,FALSE,7,9,21,1196,a' Ghlas Bheinn and the Falls of Glomach from Morvich,NH008231,8,Neither,Large river
Sgùrr an Doire Leathain,1010,1010,0,Kintail,201524,809890,NH015098,TRUE,FALSE,FALSE,TRUE,FALSE,FALSE,9,11,26.75,1818,South Glen Shiel Ridge walk,NH015098,10,Scramble,Boggy
Sàileag,956,956,0,Kintail,201774,814827,NH017148,FALSE,FALSE,FALSE,TRUE,FALSE,FALSE,6,8,10,1274,Sgùrr a Bhealaich Dheirg and the Brothers of Kintail,NH017148,7,Neither,Boggy
Beinn Fhada,1032,1031.9,0.09999999999990905,Kintail,201856,819254,NH018192,TRUE,TRUE,TRUE,TRUE,TRUE,TRUE,6,7,16.75,1234,Beinn Fhada from Morvich,NH018192,6.5,Both,Both
Ruadh Stac Mòr,918,918.7,0.7000000000000455,Ullapool,201853,875655,NH018756,TRUE,FALSE,TRUE,TRUE,TRUE,FALSE,12,18,29,2254,"The Fisherfield 6, from Shenavall",NH018756,15,Scramble,Both
Maol chinn-dearg,981,980.3,0.7000000000000455,Kintail,203221,808769,NH032087,TRUE,FALSE,FALSE,TRUE,FALSE,FALSE,9,11,26.75,1818,South Glen Shiel Ridge walk,NH032087,10,Scramble,Boggy
Sgùrr a' Bhealaich Dheirg,1036,1036,0,Kintail,203517,814360,NH035143,FALSE,FALSE,FALSE,TRUE,FALSE,FALSE,6,8,10,1274,Sgùrr a Bhealaich Dheirg and the Brothers of Kintail,NH035143,7,Neither,Boggy
Gleouraich,1035,1035,0,Fort William,203945,805345,NH039053,FALSE,FALSE,FALSE,TRUE,FALSE,FALSE,5,7,12,1130,Gleouraich & Spidean Mialach,NH039053,6,Neither,Boggy
Beinn Tarsuinn,937,933.8,3.2000000000000455,Ullapool,203960,872794,NH039727,TRUE,FALSE,TRUE,TRUE,TRUE,FALSE,12,18,29,2254,"The Fisherfield 6, from Shenavall",NH039727,15,Scramble,Both
Aonach Meadhoin,1001,1001,0,Kintail,204882,813760,NH048137,FALSE,FALSE,FALSE,TRUE,FALSE,FALSE,6,8,10,1274,Sgùrr a Bhealaich Dheirg and the Brothers of Kintail,NH048137,7,Neither,Boggy
Bidein a' Choire Sheasgaich,945,945,0,Torridon,204906,841265,NH049412,TRUE,TRUE,FALSE,FALSE,TRUE,FALSE,16,16,38,1530,"Lurg Mhòr and Bidein a' Choire Sheasgaich, from Attadale via Bendronaig Lodge",NH049412,16,Both,Neither
Aonach Air Chrith,1021,1019.5,1.5,Kintail,205103,808354,NH051083,TRUE,FALSE,FALSE,TRUE,FALSE,FALSE,9,11,26.75,1818,South Glen Shiel Ridge walk,NH051083,10,Scramble,Boggy
Mullach Coire Mhic Fhearchair,1019,1015.2,3.7999999999999545,Ullapool,205206,873511,NH052735,TRUE,FALSE,TRUE,TRUE,TRUE,FALSE,12,18,29,2254,"The Fisherfield 6, from Shenavall",NH052735,15,Scramble,Both
Sgùrr Bàn,989,989,0,Ullapool,205581,874554,NH055745,TRUE,FALSE,TRUE,TRUE,TRUE,FALSE,12,18,29,2254,"The Fisherfield 6, from Shenavall",NH055745,15,Scramble,Both
Sgùrr nan Ceathreamhnan,1151,1151,0,Loch Ness,205702,822851,NH057228,FALSE,FALSE,FALSE,TRUE,FALSE,FALSE,9,11,20,1484,Sgùrr nan Ceathreamhnan Munros from Alltbeithe,NH057228,10,Neither,Boggy
Ciste Dhubh,979,981.1,2.1000000000000227,Kintail,206236,816618,NH062166,FALSE,FALSE,FALSE,TRUE,FALSE,FALSE,5,7,12.5,1040,Ciste Dhubh and Am Bathach from the Cluanie Inn,NH062166,6,Neither,Boggy
Lurg Mhòr,986,987,1,Torridon,206480,840451,NH064404,TRUE,TRUE,FALSE,FALSE,TRUE,FALSE,16,16,38,1530,"Lurg Mhòr and Bidein a' Choire Sheasgaich, from Attadale via Bendronaig Lodge",NH064404,16,Both,Neither
Sgùrr Fiona,1060,1058.7,1.2999999999999545,Ullapool,206406,883679,NH064836,TRUE,TRUE,FALSE,TRUE,FALSE,FALSE,9,10,20,1415,"An Teallach traverse, Dundonnell",NH064836,9.5,Both,Boggy
Spidean Mialach,996,996,0,Fort William,206592,804306,NH065043,FALSE,FALSE,FALSE,TRUE,FALSE,FALSE,5,7,12,1130,Gleouraich & Spidean Mialach,NH065043,6,Neither,Boggy
Bidein a' Ghlas Thuill,1062,1062.5,0.5,Ullapool,206896,884366,NH068843,TRUE,TRUE,FALSE,TRUE,FALSE,FALSE,9,10,20,1415,"An Teallach traverse, Dundonnell",NH068843,9.5,Both,Boggy
Druim Shionnach,987,985.2,1.7999999999999545,Kintail,207441,808484,NH074084,TRUE,FALSE,FALSE,TRUE,FALSE,FALSE,9,11,26.75,1818,South Glen Shiel Ridge walk,NH074084,10,Scramble,Boggy
Sgùrr Chòinnich,999,999.3,0.2999999999999545,Torridon,207625,844627,NH076446,FALSE,FALSE,TRUE,TRUE,TRUE,FALSE,7,8,20.5,1251,Sgùrr a' Chaorachain and Sgùrr Chòinnich from Achnashellach,NH076446,7.5,Neither,Both
Mullach na Dheiragain,982,982,0,Loch Ness,208044,825917,NH080259,FALSE,FALSE,FALSE,TRUE,FALSE,FALSE,9,11,20,1484,Sgùrr nan Ceathreamhnan Munros from Alltbeithe,NH080259,10,Neither,Boggy
Creag a'Mhàim,947,946.2,0.7999999999999545,Kintail,208790,807772,NH087077,TRUE,FALSE,FALSE,TRUE,FALSE,FALSE,9,11,26.75,1818,South Glen Shiel Ridge walk,NH087077,10,Scramble,Boggy
Sgùrr a' Chaorachain,1053,1053,0,Torridon,208749,844738,NH087447,FALSE,FALSE,TRUE,TRUE,TRUE,FALSE,7,8,20.5,1251,Sgùrr a' Chaorachain and Sgùrr Chòinnich from Achnashellach,NH087447,7.5,Neither,Both
An Socach,921,919.7,1.2999999999999545,Loch Ness,208816,822999,NH088229,FALSE,FALSE,FALSE,TRUE,FALSE,FALSE,9,11,20,1484,Sgùrr nan Ceathreamhnan Munros from Alltbeithe,NH088229,10,Neither,Boggy
A' Chralaig,1120,1120,0,Kintail,209431,814791,NH094147,TRUE,FALSE,FALSE,TRUE,FALSE,FALSE,6,8,14.5,1150,a' Chralaig and Mullach Fraoch Choire from Cluanie,NH094147,7,Scramble,Boggy
Mullach Fraoch-choire,1102,1102,0,Kintail,209491,817151,NH094171,TRUE,FALSE,FALSE,TRUE,FALSE,FALSE,6,8,14.5,1150,a' Chralaig and Mullach Fraoch Choire from Cluanie,NH094171,7,Scramble,Boggy
An Socach,1069,1069,0,Loch Ness,210061,833274,NH100332,TRUE,FALSE,FALSE,TRUE,TRUE,FALSE,11,14,29,1826,The Loch Mullardoch Munros circuit,NH100332,12.5,Scramble,Boggy
Moruisg,928,928,0,Torridon,210114,849939,NH101499,FALSE,FALSE,FALSE,TRUE,TRUE,FALSE,6,7,12,978,Moruisg and Sgùrr nan Ceannaichean from Glen Carron,NH101499,6.5,Neither,Boggy
Beinn Fhionnlaidh,1005,1004.8,0.20000000000004547,Loch Ness,211560,828271,NH115282,TRUE,FALSE,TRUE,TRUE,FALSE,FALSE,10,13,28,1727,"Càrn Eige, Mam Sodhail and Beinn Fhionnlaidh from Glen Affric",NH115282,11.5,Scramble,Both
Màm Sodhail,1181,1179.4,1.599999999999909,Loch Ness,212007,825332,NH120253,TRUE,FALSE,TRUE,TRUE,FALSE,FALSE,10,13,28,1727,"Càrn Eige, Màm Sodhail and Beinn Fhionnlaidh from Glen Affric",NH120253,11.5,Scramble,Both
Càrn Eige,1183,1182.8,0.20000000000004547,Loch Ness,212355,826197,NH123261,TRUE,FALSE,TRUE,TRUE,FALSE,FALSE,10,13,28,1727,"Càrn Eige, Mam Sodhail and Beinn Fhionnlaidh from Glen Affric",NH123261,11.5,Scramble,Both
Sgùrr nan Conbhairean,1109,1109,0,Kintail,212988,813896,NH129138,FALSE,FALSE,FALSE,FALSE,FALSE,TRUE,7,8,17.5,1260,Sgùrr nan Conbhairean from Loch Cluanie,NH129138,7.5,Neither,Neither
Sàil Chaorainn,1002,999.2,2.7999999999999545,Kintail,213313,815442,NH133154,FALSE,FALSE,FALSE,FALSE,FALSE,TRUE,7,8,17.5,1260,Sgùrr nan Conbhairean from Loch Cluanie,NH133154,7.5,Neither,Neither
An Riabhachan,1129,1129,0,Loch Ness,213363,834483,NH133344,TRUE,FALSE,FALSE,TRUE,TRUE,FALSE,11,14,29,1826,The Loch Mullardoch Munros circuit,NH133344,12.5,Scramble,Boggy
Maoile Lunndaidh,1007,1004.9,2.1000000000000227,Torridon,213506,845853,NH135458,FALSE,FALSE,FALSE,TRUE,TRUE,FALSE,8,11,26,1005,Maoile Lunndaidh from Achnashellach,NH135458,9.5,Neither,Boggy
A' Chailleach,997,998.6,1.6000000000000227,Ullapool,213621,871413,NH136714,FALSE,FALSE,FALSE,TRUE,FALSE,FALSE,6,8,16,1127,Sgùrr Breac and a' Chailleach from near Braemore,NH136714,7,Neither,Boggy
Càrn Ghluasaid,957,957,0,Kintail,214576,812523,NH145125,FALSE,FALSE,FALSE,FALSE,FALSE,TRUE,7,8,17.5,1260,Sgùrr nan Conbhairean from Loch Cluanie,NH145125,7.5,Neither,Neither
Fionn Bheinn,933,933,0,Torridon,214749,862149,NH147621,FALSE,FALSE,FALSE,TRUE,FALSE,FALSE,5,6,12,807,Fionn Bheinn from Achnasheen,NH147621,5.5,Neither,Boggy
Sgùrr Breac,999,999.6,0.6000000000000227,Ullapool,215840,871107,NH158711,FALSE,FALSE,FALSE,TRUE,FALSE,FALSE,6,8,16,1127,Sgùrr Breac and a' Chailleach from near Braemore,NH158711,7,Neither,Boggy
Sgùrr na Lapaich,1150,1151,1,Loch Ness,216103,835125,NH161351,TRUE,FALSE,FALSE,TRUE,TRUE,FALSE,11,14,29,1826,The Loch Mullardoch Munros circuit,NH161351,12.5,Scramble,Boggy
Tom a' Chòinich,1112,1112,0,Loch Ness,216402,827331,NH164273,FALSE,FALSE,TRUE,TRUE,FALSE,FALSE,6,8,16.5,1096,Toll Creagach and Tom a' Chòinich from Glen Affric,NH164273,7,Neither,Both
Càrn nan Gobhar,992,993,1,Loch Ness,218188,834362,NH181343,TRUE,FALSE,FALSE,TRUE,TRUE,FALSE,11,14,29,1826,The Loch Mullardoch Munros circuit,NH181343,12.5,Scramble,Boggy
Sgùrr nan Each,923,923,0,Ullapool,218464,869769,NH184697,FALSE,FALSE,TRUE,TRUE,FALSE,FALSE,7,9,18,1153,Sgùrr nan Clach Geala ridge,NH184697,8,Neither,Both
Sgùrr nan Clach Geala,1093,1093,0,Ullapool,218428,871473,NH184714,FALSE,FALSE,TRUE,TRUE,FALSE,FALSE,7,9,18,1153,Sgùrr nan Clach Geala ridge,NH184714,8,Neither,Both
Meall a' Chrasgaidh,934,934,0,Ullapool,218482,873320,NH184733,FALSE,FALSE,TRUE,TRUE,FALSE,FALSE,7,9,18,1153,Sgùrr nan Clach Geala ridge,NH184733,8,Neither,Both
Toll Creagach,1054,1054,0,Loch Ness,219401,828280,NH194282,FALSE,FALSE,TRUE,TRUE,FALSE,FALSE,6,8,16.5,1096,Toll Creagach and Tom a' Chòinich from Glen Affric,NH194282,7,Neither,Both
Sgùrr Mòr,1110,1108.9,1.099999999999909,Ullapool,220323,871818,NH203718,FALSE,FALSE,FALSE,TRUE,FALSE,FALSE,9,11,24.75,1435,Sgùrr Mòr and the eastern Fannichs,NH203718,10,Neither,Boggy
Beinn Liath Mhòr Fannaich,954,954,0,Ullapool,221960,872410,NH219724,FALSE,FALSE,FALSE,TRUE,FALSE,FALSE,9,11,24.75,1435,Sgùrr Mòr and the eastern Fannichs,NH219724,10,Neither,Boggy
Meall Gorm,949,949.7,0.7000000000000455,Ullapool,222192,869584,NH221695,FALSE,FALSE,FALSE,TRUE,FALSE,FALSE,9,11,24.75,1435,Sgùrr Mòr and the eastern Fannichs,NH221695,10,Neither,Boggy
Sgùrr Fhuar-thuill,1049,1049,0,Loch Ness,223580,843754,NH235437,FALSE,FALSE,FALSE,TRUE,FALSE,FALSE,7,10,25,1567,Circuit of the Strathfarrar Munros,NH235437,8.5,Neither,Boggy
An Coileachan,923,924,1,Ullapool,224172,868024,NH241680,FALSE,FALSE,FALSE,TRUE,FALSE,FALSE,9,11,24.75,1435,Sgùrr Mòr and the eastern Fannichs,NH241680,10,Neither,Boggy
Meall nan Ceapraichean,977,977,0,Ullapool,225727,882548,NH257825,FALSE,FALSE,FALSE,FALSE,TRUE,FALSE,9,11,27,1569,Beinn Dearg Munros circuit from Inverlael,NH257825,10,Neither,Neither
Eididh nan Clach Geala,927,927,0,Ullapool,225788,884216,NH257842,FALSE,FALSE,FALSE,FALSE,TRUE,FALSE,9,11,27,1569,Beinn Dearg Munros circuit from Inverlael,NH257842,10,Neither,Neither
Sgùrr a' Choire Ghlais,1083,1083,0,Loch Ness,225835,843056,NH258430,FALSE,FALSE,FALSE,TRUE,FALSE,FALSE,7,10,25,1567,Circuit of the Strathfarrar Munros,NH258430,8.5,Neither,Boggy
Beinn Dearg,1084,1084,0,Ullapool,225933,881183,NH259811,FALSE,FALSE,FALSE,FALSE,TRUE,FALSE,9,11,27,1569,Beinn Dearg Munros circuit from Inverlael,NH259811,10,Neither,Neither
Càrn nan Gobhar,992,992,0,Loch Ness,227303,843890,NH273438,TRUE,FALSE,FALSE,TRUE,TRUE,FALSE,11,14,29,1826,The Loch Mullardoch Munros circuit,NH273438,12.5,Scramble,Boggy
Cona' Mheall,978,978,0,Ullapool,227509,881642,NH275816,FALSE,FALSE,FALSE,FALSE,TRUE,FALSE,9,11,27,1569,Beinn Dearg Munros circuit from Inverlael,NH275816,10,Neither,Neither
Seana Bhràigh,926,926,0,Ullapool,228181,887884,NH281878,TRUE,FALSE,TRUE,TRUE,FALSE,FALSE,9,10,27,1095,Seana Bhràigh from Inverlael,NH281878,9.5,Scramble,Both
Sgùrr na Ruaidhe,993,993,0,Loch Ness,228900,842615,NH289426,FALSE,FALSE,FALSE,TRUE,FALSE,FALSE,7,10,25,1567,Circuit of the Strathfarrar Munros,NH289426,8.5,Neither,Boggy
Am Faochagach,954,953,1,Ullapool,230361,879372,NH303793,FALSE,FALSE,TRUE,TRUE,TRUE,FALSE,5,6,14,700,Am Faochagach from the Dirrie Mòr,NH303793,5.5,Neither,Both
Ben Wyvis,1046,1046,0,Loch Ness,246297,868379,NH462683,FALSE,TRUE,FALSE,TRUE,FALSE,FALSE,4.5,5.5,14,935,Ben Wyvis from near Garbat,NH462683,5,Exposed,Boggy
Càrn Dearg,945,945.7,0.7000000000000455,Cairngorms,263568,802398,NH635023,FALSE,FALSE,TRUE,TRUE,FALSE,FALSE,8,10,24.5,946,"The Monadhliath Munros: a' Chailleach, Càrn Sgulain and Càrn Dearg from Glen Banchor",NH635023,9,Neither,Both
A' Chailleach,930,929.3,0.7000000000000455,Cairngorms,268110,804178,NH681041,FALSE,FALSE,TRUE,TRUE,FALSE,FALSE,8,10,24.5,946,"The Monadhliath Munros: a' Chailleach, Càrn Sgulain and Càrn Dearg from Glen Banchor",NH681041,9,Neither,Both
Càrn Sgulain,920,920.3,0.2999999999999545,Cairngorms,268302,805821,NH683058,FALSE,FALSE,TRUE,TRUE,FALSE,FALSE,8,10,24.5,946,"The Monadhliath Munros: a' Chailleach, Càrn Sgulain and Càrn Dearg from Glen Banchor",NH683058,9,Neither,Both
Cairn Gorm,1245,1244.8,0.20000000000004547,Cairngorms,300516,804065,NJ005040,FALSE,TRUE,FALSE,TRUE,FALSE,FALSE,6,8,17.5,932,Ben Macdui and Cairngorm from the ski centre,NJ005040,7,Exposed,Boggy
Beinn Mheadhoin,1182,1182.9,0.900000000000091,Cairngorms,302460,801695,NJ024016,TRUE,FALSE,TRUE,FALSE,FALSE,FALSE,8,9,19,1560,Beinn Mheadhoin from Coire Cas via the Shelter Stone,NJ024016,8.5,Scramble,Large river
Bynack More,1090,1090,0,Cairngorms,304190,806373,NJ041063,FALSE,FALSE,FALSE,TRUE,TRUE,FALSE,6.5,7.5,22.5,756,Bynack More from Glenmore Lodge,NJ041063,7,Neither,Boggy
Beinn a' Chaorainn,1082,1083,1,Cairngorms,304515,801360,NJ045013,FALSE,FALSE,TRUE,TRUE,FALSE,FALSE,8,10,29,878,Beinn a' Chaorainn and Beinn Bhreac from Linn of Dee,NJ045013,9,Neither,Both
Beinn a' Bhùird,1197,1197,0,Cairngorms,309231,800621,NJ092006,TRUE,TRUE,TRUE,FALSE,TRUE,FALSE,8,10,33.5,1000,Ben Avon,NJ092006,9,Both,Large river
Ben Avon,1171,1172,1,Cairngorms,313193,801845,NJ131018,TRUE,TRUE,TRUE,FALSE,TRUE,FALSE,8,10,33.5,1000,Ben Avon via Gleann an-Slugain (Deeside),NJ131018,9,Both,Large river
Ben More,966,966,0,Isle of Mull,152576,733078,NM525330,TRUE,FALSE,FALSE,TRUE,FALSE,FALSE,5,6.5,9.25,945,Ben More from Dhiseig,NM525330,5.75,Scramble,Boggy
Meall Buidhe,946,946,0,Fort William,184898,798977,NM848989,TRUE,FALSE,FALSE,TRUE,TRUE,FALSE,11,13,27,1586,Luinne Bheinn and Meall Buidhe from Inverie,NM848989,12,Scramble,Boggy
Sgùrr nan Coireachan,956,956,0,Fort William,190290,788013,NM902880,FALSE,FALSE,FALSE,TRUE,TRUE,FALSE,9,12,23.5,1428,Sgùrr Thuilm & Sgùrr nan Coireachan,NM902880,10.5,Neither,Boggy
Sgùrr na Cìche,1040,1040.2,0.20000000000004547,Fort William,190220,796686,NM902966,TRUE,FALSE,TRUE,TRUE,TRUE,FALSE,10,12,26,1523,Sgùrr na Cìche Munros from Loch Arkaig,NM902966,11,Scramble,Both
Garbh Chioch Mhòr,1013,1012.9,0.10000000000002274,Fort William,190956,796101,NM909961,TRUE,FALSE,TRUE,TRUE,TRUE,FALSE,10,12,26,1523,Sgùrr na Cìche Munros from Loch Arkaig,NM909961,11,Scramble,Both
Sgùrr nan Coireachan,953,953.8,0.7999999999999545,Fort William,193308,795827,NM933958,TRUE,FALSE,TRUE,TRUE,TRUE,FALSE,10,12,26,1523,Sgùrr na Cìche Munros from Loch Arkaig,NM933958,11,Scramble,Both
Sgùrr Thuilm,963,963,0,Fort William,193906,787980,NM939879,FALSE,FALSE,FALSE,TRUE,TRUE,FALSE,9,12,23.5,1428,Sgùrr Thuilm & Sgùrr nan Coireachan,NM939879,10.5,Neither,Boggy
Sgùrr Mòr,1003,1003,0,Fort William,196535,798041,NM965980,FALSE,FALSE,TRUE,TRUE,TRUE,FALSE,9,11,24,1510,Sgùrr Mòr and Sgùrr an Fhuarain from Loch Arkaig,NM965980,10,Neither,Both
Gulvain,987,987,0,Fort William,200268,787575,NN002875,FALSE,FALSE,FALSE,TRUE,TRUE,FALSE,7,9,21,1228,Gulvain via Gleann Fionnlighe,NN002875,8,Neither,Boggy
Gairich,919,919,0,Fort William,202589,799580,NN025995,FALSE,FALSE,TRUE,TRUE,TRUE,FALSE,9,11,24,1510,Sgùrr Mòr,NN025995,10,Neither,Both
Sgòrr Dhònuill,1001,1001,0,Fort William,204058,755540,NN040555,TRUE,TRUE,FALSE,TRUE,TRUE,FALSE,7,9,15.5,1387,Beinn a' Bheithir via Schoolhouse Ridge,NN040555,8,Both,Boggy
Beinn Sgulaird,937,937,0,Argyll,205303,746088,NN053460,TRUE,FALSE,FALSE,FALSE,FALSE,FALSE,6,8,13,1240,Beinn Sgulaird from Loch Creran,NN053460,7,Scramble,Neither
Sgòrr Dhearg,1024,1024,0,Fort William,205684,755846,NN056558,TRUE,TRUE,FALSE,TRUE,TRUE,FALSE,7,9,15.5,1387,Beinn a' Bheithir via Schoolhouse Ridge,NN056558,8,Both,Boggy
Ben Cruachan,1126,1127,1,Argyll,206962,730472,NN069304,TRUE,FALSE,FALSE,TRUE,FALSE,FALSE,8,9,13.75,1376,Ben Cruachan and Stob Dàimh circuit,NN069304,8.5,Scramble,Boggy
Stob Daimh,998,999.2,1.2000000000000455,Argyll,209482,730858,NN094308,TRUE,FALSE,FALSE,TRUE,FALSE,FALSE,8,9,13.75,1376,Ben Cruachan and Stob Daimh circuit,NN094308,8.5,Scramble,Boggy
Beinn Fhionnlaidh,959,959,0,Argyll,209508,749769,NN095497,FALSE,FALSE,FALSE,TRUE,TRUE,FALSE,5,6,14.5,980,"Beinn Fhionnlaidh from Elleric, Glen Creran",NN095497,5.5,Neither,Boggy
Beinn a' Chochuill,980,980,0,Argyll,210978,732848,NN109328,FALSE,FALSE,FALSE,FALSE,FALSE,FALSE,5.5,6.5,13.5,1221,Beinn Eunaich and Beinn a' Chochuill from near Dalmally,NN109328,6,Neither,Neither
Sgòr na h-Ulaidh,994,994,0,Fort William,211117,751794,NN111517,FALSE,FALSE,TRUE,TRUE,TRUE,FALSE,7,9,15.5,1292,Sgòr na h-Ulaidh and Meall Ligiche from Glen Coe,NN111517,8,Neither,Both
Mullach nan Coirean,939,939.3,0.2999999999999545,Fort William,212233,766243,NN122662,FALSE,FALSE,FALSE,TRUE,TRUE,FALSE,6,8,13,1155,"Stob Bàn and Mullach nan Coirean from Polldubh, Glen Nevis",NN122662,7,Neither,Boggy
Ben Starav,1078,1079.5,1.5,Fort William,212576,742714,NN125427,TRUE,FALSE,FALSE,TRUE,TRUE,TRUE,8,9,16,1423,Ben Starav and Glas Bheinn Mhòr from Glen Etive,NN125427,8.5,Scramble,Boggy
Beinn Eunaich,989,989,0,Argyll,213562,732797,NN135327,FALSE,FALSE,FALSE,FALSE,FALSE,FALSE,5.5,6.5,13.5,1221,Beinn Eunaich and Beinn a' Chochuill from near Dalmally,NN135327,6,Neither,Neither
Sgòrr nam Fiannaidh,967,967.7,0.7000000000000455,Fort William,214044,758304,NN140583,TRUE,TRUE,FALSE,FALSE,FALSE,FALSE,8,9,9.5,1100,The Aonach Eagach ridge from Glencoe,NN140583,8.5,Both,Neither
Bidean nam Bian,1150,1149.4,0.599999999999909,Fort William,214341,754211,NN143542,TRUE,FALSE,FALSE,TRUE,TRUE,FALSE,7,9,11,1316,Bidean nam Bian via Coire nan Lochain and the Lost Valley,NN143542,8,Scramble,Boggy
Stob Bàn,999,999.7,0.7000000000000455,Fort William,214777,765443,NN147654,FALSE,FALSE,FALSE,TRUE,TRUE,FALSE,6,8,13,1155,"Stob Bàn and Mullach nan Coirean from Polldubh, Glen Nevis",NN147654,7,Neither,Boggy
Beinn nan Aighenan,960,960,0,Fort William,214851,740528,NN148405,FALSE,FALSE,FALSE,TRUE,TRUE,FALSE,7,9,15.75,1320,Beinn nan Aighenan from Glen Etive,NN148405,8,Neither,Boggy
Glas Bheinn Mhòr,997,997.7,0.7000000000000455,Fort William,215327,742982,NN153429,TRUE,FALSE,FALSE,TRUE,TRUE,TRUE,8,9,16,1423,Ben Starav and Glas Bheinn Mhòr from Glen Etive,NN153429,8.5,Scramble,Boggy
Stob Coire Sgreamhach,1072,1072,0,Fort William,215487,753664,NN154536,TRUE,FALSE,FALSE,TRUE,TRUE,FALSE,7,9,11,1316,Bidean nam Bian range via Coire nan Lochain and the Lost Valley,NN154536,8,Scramble,Boggy
Meall Dearg,953,952.3,0.7000000000000455,Fort William,216124,758363,NN161583,TRUE,TRUE,FALSE,FALSE,FALSE,FALSE,8,9,9.5,1100,The Aonach Eagach ridge from Glencoe,NN161583,8.5,Both,Neither
Sgùrr a' Mhàim,1099,1099,0,Fort William,216465,766730,NN164667,TRUE,TRUE,TRUE,TRUE,TRUE,TRUE,9,12,16,1676,The Ring of Steall,NN164667,10.5,Both,Both
Ben Nevis,1345,1344.53,0.4700000000000273,Fort William,216666,771288,NN166712,FALSE,FALSE,FALSE,FALSE,TRUE,FALSE,7,9,17,1352,Ben Nevis via the Mountain Path,NN166712,8,Neither,Neither
Stob Coir an Albannaich,1044,1044,0,Fort William,216952,744303,NN169443,FALSE,FALSE,FALSE,TRUE,TRUE,FALSE,7,9,18,1327,Stob Coir an Albannaich and Meall nan Eun from Glen Etive,NN169443,8,Neither,Boggy
Am Bodach,1032,1031.8,0.20000000000004547,Fort William,217637,765097,NN176650,TRUE,TRUE,TRUE,TRUE,TRUE,TRUE,9,12,16,1676,The Ring of Steall,NN176650,10.5,Both,Both
Càrn Mòr Dearg,1220,1220,0,Fort William,217748,772172,NN177721,TRUE,FALSE,TRUE,TRUE,FALSE,TRUE,10,11,17.5,1506,Ben Nevis via the Càrn Mòr Dearg Arête,NN177721,10.5,Scramble,Both
Stob Dubh,956,958,2,Fort William,217910,753541,NN179535,FALSE,FALSE,FALSE,FALSE,FALSE,FALSE,5,6,8,900,Buachaille Etive Beag,NN179535,5.5,Neither,Neither
Stob Coire a' Chàirn,981,981.3,0.2999999999999545,Fort William,218561,766063,NN185660,TRUE,TRUE,TRUE,TRUE,TRUE,TRUE,9,12,16,1676,The Ring of Steall,NN185660,10.5,Both,Both
An Gearanach,982,981.5,0.5,Fort William,218770,766992,NN187669,TRUE,TRUE,TRUE,TRUE,TRUE,TRUE,9,12,16,1676,The Ring of Steall,NN187669,10.5,Both,Both
Stob na Bròige,956,953.4,2.6000000000000227,Fort William,219072,752568,NN190525,TRUE,FALSE,FALSE,TRUE,FALSE,FALSE,7,9,13,1110,Buachaille Etive Mòr ridge from Altnafeadh,NN190525,8,Scramble,Boggy
Stob Coire Raineach,925,924.5,0.5,Fort William,219140,754796,NN191547,FALSE,FALSE,FALSE,FALSE,FALSE,FALSE,5,6,8,900,Buachaille Etive Beag,NN191547,5.5,Neither,Neither
Meall nan Eun,928,928,0,Fort William,219248,744903,NN192449,FALSE,FALSE,FALSE,TRUE,TRUE,FALSE,7,9,18,1327,Stob Coir an Albannaich and Meall nan Eun from Glen Etive,NN192449,8,Neither,Boggy
Aonach Mòr,1221,1220.4,0.599999999999909,Fort William,219306,772962,NN193729,FALSE,FALSE,FALSE,TRUE,TRUE,FALSE,8,10,16.5,1430,Aonach Beag and Aonach Mòr from Glen Nevis,NN193729,9,Neither,Boggy
Aonach Beag,1234,1234,0,Fort William,219707,771502,NN197715,FALSE,FALSE,FALSE,TRUE,TRUE,FALSE,8,10,16.5,1430,Aonach Beag and Aonach Mòr from Glen Nevis,NN197715,9,Neither,Boggy
Beinn Bhuidhe,948,948.5,0.5,Argyll,220368,718717,NN203187,TRUE,FALSE,FALSE,TRUE,TRUE,FALSE,7,8,21.5,955,Beinn Bhuidhe via Glen Fyne,NN203187,7.5,Scramble,Boggy
Na Gruagaichean,1056,1054.3,1.7000000000000455,Fort William,220307,765200,NN203652,FALSE,FALSE,FALSE,FALSE,FALSE,FALSE,7,9,14,1336,Binnein Mòr and Na Gruagaichean,NN203652,8,Neither,Neither
Binnein Mòr,1130,1130,0,Fort William,221219,766352,NN212663,FALSE,FALSE,FALSE,FALSE,FALSE,FALSE,7,9,14,1336,Binnein Mòr and Na Gruagaichean,NN212663,8,Neither,Neither
Meall na Teanga,918,916.8,1.2000000000000455,Fort William,222023,792471,NN220924,FALSE,FALSE,FALSE,FALSE,FALSE,FALSE,7,9,19,1258,Sròn a' Choire Ghairbh & Meall na Teanga,NN220924,8,Neither,Neither
Binnein Beag,943,943,0,Fort William,222173,767714,NN221677,TRUE,FALSE,FALSE,TRUE,FALSE,FALSE,9,11,20,1582,Sgùrr Èilde Mòr and Binnein Beag from Kinlochleven,NN221677,10,Scramble,Boggy
Stob Dearg,1021,1021.4,0.39999999999997726,Fort William,222265,754254,NN222542,TRUE,FALSE,FALSE,TRUE,FALSE,FALSE,7,9,13,1110,Buachaille Etive Mòr ridge from Altnafeadh,NN222542,8,Scramble,Boggy
Sròn a' Choire Ghairbh,937,937,0,Fort William,222247,794560,NN222945,FALSE,FALSE,FALSE,FALSE,FALSE,FALSE,7,9,19,1258,Sròn a' Choire Ghairbh & Meall na Teanga,NN222945,8,Neither,Neither
Sgùrr Chòinnich Mòr,1094,1094,0,Fort William,222771,771419,NN227714,FALSE,FALSE,FALSE,TRUE,FALSE,TRUE,9,10,21.5,1544,The Grey Corries ridge,NN227714,9.5,Neither,Boggy
Stob Ghabhar,1090,1090,0,Argyll,223017,745515,NN230455,TRUE,FALSE,TRUE,TRUE,FALSE,FALSE,8,9,16,1239,Stob Ghabhar & Stob a' Choire Odhair from Victoria Bridge,NN230455,8.5,Scramble,Both
Sgùrr Èilde Mòr,1010,1010,0,Fort William,223054,765788,NN230657,TRUE,FALSE,FALSE,TRUE,FALSE,FALSE,9,11,20,1582,Sgùrr Èilde Mòr and Binnein Beag from Kinlochleven,NN230657,10,Scramble,Boggy
Creise,1100,1099.8,0.20000000000004547,Fort William,223854,750645,NN238506,TRUE,TRUE,FALSE,TRUE,TRUE,FALSE,5,7,10.5,1093,Meall a'Bhùiridh and Creise from the White Corries ski centre,NN238506,6,Both,Boggy
Stob Coire an Laoigh,1116,1116,0,Fort William,223984,772532,NN239725,FALSE,FALSE,FALSE,TRUE,FALSE,TRUE,9,10,21.5,1544,The Grey Corries ridge,NN239725,9.5,Neither,Boggy
Beinn a' Chlèibh,916,916.3,0.2999999999999545,Argyll,225054,725606,NN250256,FALSE,FALSE,TRUE,TRUE,TRUE,FALSE,5,7,10,1078,Ben Lui and Beinn a' Chlèibh from Glen Lochay,NN250256,6,Neither,Both
Meall a' Bhùiridh,1108,1107.9,0.09999999999990905,Fort William,225063,750346,NN250503,TRUE,TRUE,FALSE,TRUE,TRUE,FALSE,5,7,10.5,1093,Meall a' Bhùiridh and Creise from the White Corries ski centre,NN250503,6,Both,Boggy
Beinn Ìme,1011,1012.2,1.2000000000000455,Loch Lomond,225497,708488,NN254084,TRUE,FALSE,FALSE,TRUE,FALSE,FALSE,6,7,13.5,1325,Beinn Ìme and Beinn Narnain from Arrochar,NN254084,6.5,Scramble,Boggy
Stob a' Choire Odhair,945,945,0,Argyll,225731,745982,NN257459,TRUE,FALSE,TRUE,TRUE,FALSE,FALSE,8,9,16,1239,Stob Ghabhar & Stob a' Choire Odhair from Victoria Bridge,NN257459,8.5,Scramble,Both
Stob Choire Claurigh,1177,1177,0,Fort William,226196,773878,NN261738,FALSE,FALSE,FALSE,TRUE,FALSE,TRUE,9,10,21.5,1544,The Grey Corries ridge,NN261738,9.5,Neither,Boggy
Ben Lui,1130,1131.4,1.400000000000091,Argyll,226635,726296,NN266262,FALSE,FALSE,TRUE,TRUE,TRUE,FALSE,5,7,10,1078,Ben Lui and Beinn a' Chlèibh from Glen Lochay,NN266262,6,Neither,Both
Stob Bàn,977,977,0,Fort William,226669,772395,NN266723,FALSE,FALSE,FALSE,TRUE,FALSE,FALSE,6,7,18,852,Stob Bàn (Grey Corries) from above Corriechoille,NN266723,6.5,Neither,Boggy
Beinn Narnain,926,927,1,Loch Lomond,227168,706655,NN271066,TRUE,FALSE,FALSE,TRUE,FALSE,FALSE,6,7,13.5,1325,Beinn Ìme and Beinn Narnain from Arrochar,NN271066,6.5,Scramble,Boggy
Ben Vane,915,915.76,0.7599999999999909,Loch Lomond,227753,709844,NN277098,TRUE,FALSE,FALSE,TRUE,TRUE,FALSE,4.5,6.5,11,930,Ben Vane from Inveruglas,NN277098,5.5,Scramble,Boggy
Ben Oss,1029,1029,0,Argyll,228761,725348,NN287253,FALSE,FALSE,FALSE,TRUE,TRUE,FALSE,7,8,17,1230,Ben Oss and Beinn Dubhchraig from Dalrigh,NN287253,7.5,Neither,Boggy
Ben Vorlich,943,943,0,Loch Lomond,229509,712474,NN295124,FALSE,FALSE,FALSE,FALSE,FALSE,FALSE,5,6.5,13.5,945,Ben Vorlich from Inveruglas via Loch Sloy,NN295124,5.75,Neither,Neither
Beinn Dubhchraig,978,978,0,Argyll,230763,725493,NN307254,FALSE,FALSE,FALSE,TRUE,TRUE,FALSE,7,8,17,1230,Ben Oss and Beinn Dubhchraig from Dalrigh,NN307254,7.5,Neither,Boggy
Stob Coire Easain,1115,1115,0,Fort William,230802,773066,NN308730,FALSE,FALSE,FALSE,TRUE,FALSE,FALSE,7,8,16.5,1172,The Easains ridge from near Fersit,NN308730,7.5,Neither,Boggy
Stob a' Choire Mheadhoin,1106,1105,1,Fort William,231652,773643,NN316736,FALSE,FALSE,FALSE,TRUE,FALSE,FALSE,7,8,16.5,1172,The Easains ridge from near Fersit,NN316736,7.5,Neither,Boggy
Beinn Dòrain,1076,1076,0,Argyll,232554,737855,NN325378,FALSE,FALSE,TRUE,TRUE,TRUE,FALSE,7,9,21.5,1266,Beinn Achaladair and Beinn a' Chreachain,NN325378,8,Neither,Both
Beinn an Dòthaidh,1004,1004,0,Argyll,233178,740868,NN331408,FALSE,FALSE,TRUE,TRUE,TRUE,FALSE,7,9,21.5,1266,Beinn Achaladair and Beinn a' Chreachain,NN331408,8,Neither,Both
Beinn Achaladair,1038,1038.6,0.599999999999909,Argyll,234468,743242,NN344432,FALSE,FALSE,TRUE,TRUE,TRUE,FALSE,7,9,21.5,1266,Beinn Achaladair and Beinn a' Chreachain from Achaladair Farm,NN344432,8,Neither,Both
Stob Coire Sgriodain,979,979,0,Fort William,235669,774381,NN356743,FALSE,FALSE,FALSE,TRUE,TRUE,FALSE,6,7,13.5,915,Chno Dearg and Stob Coire Sgriodain from Fersit,NN356743,6.5,Neither,Boggy
Beinn Teallach,915,914.6,0.39999999999997726,Fort William,236136,785973,NN361859,FALSE,FALSE,FALSE,TRUE,TRUE,FALSE,6,8,16,1172,Beinn a' Chaorainn & Beinn Teallach from Glen Spean,NN361859,7,Neither,Boggy
Ben Lomond,974,973.7,0.2999999999999545,Loch Lomond,236707,702863,NN367028,FALSE,FALSE,FALSE,FALSE,FALSE,FALSE,4.5,5.5,12,990,Ben Lomond from Rowardennan,NN367028,5,Neither,Neither
Beinn Chabhair,933,932.2,0.7999999999999545,Loch Lomond,236760,717957,NN367179,FALSE,FALSE,FALSE,TRUE,FALSE,FALSE,5,6.5,13,948,Beinn Chabhair from Inverarnan,NN367179,5.75,Neither,Boggy
Beinn Mhanach,953,953,0,Argyll,237371,741140,NN373411,FALSE,FALSE,TRUE,TRUE,TRUE,FALSE,6.5,7.5,23.5,920,Beinn Mhanach via the Auch Gleann,NN373411,7,Neither,Both
Beinn a' Chreachain,1081,1080.6,0.40000000000009095,Argyll,237387,744075,NN373440,FALSE,FALSE,TRUE,TRUE,TRUE,FALSE,7,9,21.5,1266,Beinn Achaladair and Beinn a' Chreachain from Achaladair Farm,NN373440,8,Neither,Both
Beinn na Lap,937,935,2,Fort William,237616,769585,NN376695,FALSE,FALSE,FALSE,TRUE,FALSE,FALSE,3,5,10,562,Beinn na Lap from Corrour Station,NN376695,4,Neither,Boggy
Chno Dearg,1046,1046,0,Fort William,237741,774115,NN377741,FALSE,FALSE,FALSE,TRUE,TRUE,FALSE,6,7,13.5,915,Chno Dearg and Stob Coire Sgriodain from Fersit,NN377741,6.5,Neither,Boggy
An Caisteal,995,995.9,0.8999999999999773,Loch Lomond,237873,719343,NN378193,TRUE,FALSE,FALSE,TRUE,TRUE,FALSE,5.5,7,14,1045,An Caisteal and Beinn a' Chròin from Glen Falloch,NN378193,6.25,Scramble,Boggy
Ben Challum,1025,1025,0,Argyll,238685,732235,NN386322,FALSE,FALSE,FALSE,TRUE,FALSE,FALSE,5,7,11.5,910,Ben Challum from Kirkton Farm,NN386322,6,Neither,Boggy
Beinn a' Chaorainn,1050,1049.1,0.900000000000091,Fort William,238605,785062,NN386850,FALSE,FALSE,FALSE,TRUE,TRUE,FALSE,6,8,16,1172,Beinn a' Chaorainn & Beinn Teallach from Glen Spean,NN386850,7,Neither,Boggy
Beinn a' Chròin,942,941.4,0.6000000000000227,Loch Lomond,238755,718573,NN387185,TRUE,FALSE,FALSE,TRUE,TRUE,FALSE,5.5,7,14,1045,An Caisteal and Beinn a' Chròin from Glen Falloch,NN387185,6.25,Scramble,Boggy
Creag Mhòr,1047,1046.8,0.20000000000004547,Perthshire,239150,736111,NN391361,FALSE,FALSE,TRUE,TRUE,FALSE,FALSE,9,11,25.75,1470,Beinn Heasgarnich and Creag Mhòr from Glen Lochay,NN391361,10,Neither,Both
Cruach Àrdrain,1046,1045.9,0.09999999999990905,Loch Lomond,240927,721215,NN409212,FALSE,FALSE,FALSE,TRUE,FALSE,FALSE,6,7,12.5,1019,Cruach Àrdrain and Beinn Tulaichean from Inverlochlarig,NN409212,6.5,Neither,Boggy
Beinn Heasgarnich,1078,1077.4,0.599999999999909,Perthshire,241380,738339,NN413383,FALSE,FALSE,TRUE,TRUE,FALSE,FALSE,9,11,25.75,1470,Beinn Heasgarnich and Creag Mhòr from Glen Lochay,NN413383,10,Neither,Both
Beinn Tulaichean,946,945.8,0.20000000000004547,Loch Lomond,241660,719604,NN416196,FALSE,FALSE,FALSE,TRUE,FALSE,FALSE,6,7,12.5,1019,Cruach Àrdrain and Beinn Tulaichean from Inverlochlarig,NN416196,6.5,Neither,Boggy
Càrn Dearg,941,941,0,Fort William,241773,766143,NN417661,FALSE,FALSE,FALSE,TRUE,FALSE,FALSE,7,8,21.75,973,Càrn Dearg and Sgòr Gaibhre from Corrour Station,NN417661,7.5,Neither,Boggy
Creag Meagaidh,1130,1128.1,1.900000000000091,Fort William,241839,787545,NN418875,FALSE,FALSE,FALSE,TRUE,TRUE,FALSE,8,10,21,1080,Creag Meagaidh Munros circuit,NN418875,9,Neither,Boggy
Stob Poite Coire Àrdair,1054,1054,0,Fort William,242884,788845,NN428888,FALSE,FALSE,FALSE,TRUE,TRUE,FALSE,8,10,21,1080,Creag Meagaidh Munros circuit,NN428888,9,Neither,Boggy
Meall Glas,959,959,0,Loch Lomond,243148,732194,NN431321,FALSE,FALSE,FALSE,TRUE,TRUE,FALSE,7,9,15.5,1182,Sgiath Chùil and Meall Glas from Glen Dochart,NN431321,8,Neither,Boggy
Ben More,1174,1174,0,Loch Lomond,243276,724417,NN432244,TRUE,FALSE,FALSE,TRUE,FALSE,FALSE,6,8,12,1335,Ben More and Stob Binnein from Benmore Farm,NN432244,7,Scramble,Boggy
Stob Binnein,1165,1165,0,Loch Lomond,243481,722712,NN434227,TRUE,FALSE,FALSE,TRUE,FALSE,FALSE,6,8,12,1335,Ben More and Stob Binnein from Benmore Farm,NN434227,7,Scramble,Boggy
Sgòr Gaibhre,955,955,0,Fort William,244477,767448,NN444674,FALSE,FALSE,FALSE,TRUE,FALSE,FALSE,7,8,21.75,973,Càrn Dearg and Sgòr Gaibhre from Corrour Station,NN444674,7.5,Neither,Boggy
Beinn Èibhinn,1102,1103.3,1.2999999999999545,Cairngorms,244965,773302,NN449733,TRUE,TRUE,FALSE,TRUE,FALSE,FALSE,8,9,18.5,1110,"Aonach Beag, Geal Chàrn, Beinn Èibhinn and Càrn Dearg from Culra",NN449733,8.5,Both,Boggy
Aonach Beag,1116,1115.8,0.20000000000004547,Cairngorms,245786,774190,NN457741,TRUE,TRUE,FALSE,TRUE,FALSE,FALSE,8,9,18.5,1110,"Aonach Beag, Geal Chàrn, Beinn Èibhinn and Càrn Dearg from Culra",NN457741,8.5,Both,Boggy
Sgiath Chùil,921,920.1,0.8999999999999773,Loch Lomond,246290,731793,NN462317,FALSE,FALSE,FALSE,TRUE,TRUE,FALSE,7,9,15.5,1182,Sgiath Chùil and Meall Glas from Glen Dochart,NN462317,8,Neither,Boggy
Geal-chàrn,1132,1132,0,Cairngorms,246992,774629,NN469746,TRUE,TRUE,FALSE,TRUE,FALSE,FALSE,8,9,18.5,1110,"Aonach Beag, Geal Chàrn, Beinn Èibhinn and Càrn Dearg from Culra",NN469746,8.5,Both,Boggy
Beinn a' Chlachair,1087,1087,0,Fort William,247122,778155,NN471781,TRUE,FALSE,FALSE,TRUE,TRUE,FALSE,8,10,26,1275,"Beinn a' Chlachair, Geal Chàrn & Creag Pitridh from Loch Laggan",NN471781,9,Scramble,Boggy
Càrn Liath,1006,1006,0,Fort William,247229,790325,NN472903,FALSE,FALSE,FALSE,TRUE,TRUE,FALSE,8,10,21,1080,Creag Meagaidh Munros circuit,NN472903,9,Neither,Boggy
Stùcd an Lochain,960,960,0,Perthshire,248305,744840,NN483448,FALSE,FALSE,FALSE,TRUE,TRUE,FALSE,3.5,4.5,8.5,726,Stuchd an Lochain from Loch an Dàimh,NN483448,4,Neither,Boggy
Creag Pitridh,924,924,0,Fort William,248752,781459,NN487814,TRUE,FALSE,FALSE,TRUE,TRUE,FALSE,8,10,26,1275,"Beinn a' Chlachair, Geal Chàrn & Creag Pitridh from Loch Laggan",NN487814,9,Scramble,Boggy
Ben Alder,1148,1148,0,Cairngorms,249616,771855,NN496718,TRUE,FALSE,TRUE,FALSE,TRUE,FALSE,7,8,17,1021,"Ben Alder via the Long Leachas, with Beinn Bheòil",NN496718,7.5,Scramble,Large river
Meall Buidhe,932,932.1,0.10000000000002274,Perthshire,249838,749946,NN498499,FALSE,FALSE,FALSE,TRUE,FALSE,FALSE,2.5,3.5,8.5,551,Meall Buidhe from Loch an Dàimh,NN498499,3,Neither,Boggy
Càrn Dearg,1034,1034,0,Cairngorms,250416,776444,NN504764,TRUE,TRUE,FALSE,TRUE,FALSE,FALSE,8,9,18.5,1110,"Aonach Beag, Geal Chàrn, Beinn Èibhinn and Càrn Dearg from Culra",NN504764,8.5,Both,Boggy
Geal chàrn,1049,1049,0,Fort William,250432,781181,NN504811,TRUE,FALSE,FALSE,TRUE,TRUE,FALSE,8,10,26,1275,"Beinn a' Chlachair, Geal Chàrn & Creag Pitridh from Loch Laggan",NN504811,9,Scramble,Boggy
Meall Ghaordaidh,1039,1039.8,0.7999999999999545,Perthshire,251442,739704,NN514397,FALSE,FALSE,FALSE,TRUE,FALSE,FALSE,4,6,9.5,895,Meall Ghaordaidh from Glen Lochay,NN514397,5,Neither,Boggy
Beinn Bheoil,1019,1019,0,Cairngorms,251716,771722,NN517717,TRUE,FALSE,TRUE,FALSE,TRUE,FALSE,7,8,17,1021,"Ben Alder via the Long Leachas, with Beinn Bheoil",NN517717,7.5,Scramble,Large river
Geal Chàrn,926,926,0,Cairngorms,256144,798768,NN561987,FALSE,FALSE,TRUE,TRUE,TRUE,FALSE,5,6,12.5,625,Geal Chàrn from Garva Bridge,NN561987,5.5,Neither,Both
Beinn Udlamain,1010,1010.2,0.20000000000004547,Cairngorms,257945,773975,NN579739,FALSE,FALSE,FALSE,TRUE,FALSE,FALSE,6,7,15.75,783,Beinn Udlamain and Sgàirneach Mhòr from Drumochter Pass,NN579739,6.5,Neither,Boggy
Meall nan Tarmachan,1044,1043.6,0.40000000000009095,Perthshire,258518,738998,NN585389,TRUE,FALSE,FALSE,TRUE,FALSE,TRUE,5,7,13,783,The Tarmachan Ridge,NN585389,6,Scramble,Boggy
Geal-chàrn,917,917.1,0.10000000000002274,Cairngorms,259644,778261,NN596782,FALSE,FALSE,FALSE,TRUE,FALSE,FALSE,6,7,15.75,783,Beinn Udlamain and Sgàirneach Mhòr,NN596782,6.5,Neither,Boggy
Sgàirneach Mhòr,991,991,0,Cairngorms,259882,773130,NN598731,FALSE,FALSE,FALSE,TRUE,FALSE,FALSE,6,7,15.75,783,Beinn Udlamain and Sgàirneach Mhòr from Drumochter Pass,NN598731,6.5,Neither,Boggy
A' Mharconaich,975,973.2,1.7999999999999545,Cairngorms,260423,776293,NN604762,FALSE,FALSE,FALSE,TRUE,FALSE,FALSE,6,7,15.75,783,Beinn Udlamain and Sgàirneach Mhòr,NN604762,6.5,Neither,Boggy
Meall a' Choire Lèith,926,925.6,0.39999999999997726,Perthshire,261249,743882,NN612438,FALSE,FALSE,FALSE,TRUE,FALSE,FALSE,5,6,9.5,740,Meall Corranaich and Meall a' Choire Lèith from the Lairig an Lochain,NN612438,5.5,Neither,Boggy
Meall Corranaich,1069,1069,0,Perthshire,261534,741047,NN615410,FALSE,FALSE,FALSE,TRUE,FALSE,FALSE,5,6,9.5,740,Meall Corranaich and Meall a' Choire Lèith from the Lairig an Lochain,NN615410,5.5,Neither,Boggy
Stùc a' Chròin,975,973,2,Perthshire,261746,717465,NN617174,TRUE,FALSE,FALSE,TRUE,FALSE,FALSE,6,7,14.5,1145,Ben Vorlich and Stùc a' Chròin from Ardvorlich,NN617174,6.5,Scramble,Boggy
Beinn Ghlas,1103,1103,0,Perthshire,262529,740463,NN625404,FALSE,TRUE,FALSE,FALSE,FALSE,FALSE,4,6,11,942,Ben Lawers and Beinn Ghlas,NN625404,5,Exposed,Neither
Ben Vorlich,985,985.3,0.2999999999999545,Perthshire,262912,718916,NN629189,TRUE,FALSE,FALSE,TRUE,FALSE,FALSE,6,7,14.5,1145,Ben Vorlich and Stùc a' Chròin from Ardvorlich,NN629189,6.5,Scramble,Boggy
Ben Lawers,1214,1214,0,Perthshire,263553,741424,NN635414,FALSE,TRUE,FALSE,FALSE,FALSE,FALSE,4,6,11,942,Ben Lawers and Beinn Ghlas,NN635414,5,Exposed,Neither
Càrn Gorm,1029,1029,0,Perthshire,263516,750071,NN635500,FALSE,FALSE,FALSE,FALSE,FALSE,FALSE,7,8,17.5,1330,Càrn Mairg circuit from Invervar,NN635500,7.5,Neither,Neither
An Stùc,1118,1117.1,0.900000000000091,Perthshire,263890,743103,NN638431,TRUE,FALSE,FALSE,TRUE,FALSE,FALSE,7,8,16.5,1230,Circuit of Coire nan Cat,NN638431,7.5,Scramble,Boggy
Meall Garbh,1118,1123.1,5.099999999999909,Perthshire,264437,743757,NN644437,TRUE,FALSE,FALSE,TRUE,FALSE,FALSE,7,8,16.5,1230,Circuit of Coire nan Cat,NN644437,7.5,Scramble,Boggy
Meall Garbh,968,968,0,Perthshire,264707,751686,NN647516,FALSE,FALSE,FALSE,FALSE,FALSE,FALSE,7,8,17.5,1330,Càrn Mairg circuit from Invervar,NN647516,7.5,Neither,Neither
A' Bhuidheanach Bheag,936,936.1,0.10000000000002274,Cairngorms,266059,777594,NN660775,FALSE,FALSE,FALSE,TRUE,FALSE,FALSE,5,6,19,824,Càrn na Caim and A' Bhuidheanach Bheag from Drumochter,NN660775,5.5,Neither,Boggy
Meall Greigh,1001,1001,0,Perthshire,267400,743808,NN674438,TRUE,FALSE,FALSE,TRUE,FALSE,FALSE,7,8,16.5,1230,Circuit of Coire nan Cat,NN674438,7.5,Scramble,Boggy
Càrn na Caim,941,940.8,0.20000000000004547,Cairngorms,267700,782153,NN677821,FALSE,FALSE,FALSE,TRUE,FALSE,FALSE,5,6,19,824,Càrn na Caim and A' Bhuidheanach Bheag from Drumochter,NN677821,5.5,Neither,Boggy
Càrn Mairg,1042,1042,0,Perthshire,268491,751260,NN684512,FALSE,FALSE,FALSE,FALSE,FALSE,FALSE,7,8,17.5,1330,Càrn Mairg circuit from Invervar,NN684512,7.5,Neither,Neither
Creag Mhòr,981,981,0,Perthshire,269477,749669,NN694496,FALSE,FALSE,FALSE,FALSE,FALSE,FALSE,7,8,17.5,1330,Càrn Mairg circuit from Invervar,NN694496,7.5,Neither,Neither
Schiehallion,1083,1083,0,Perthshire,271384,754768,NN713547,FALSE,FALSE,FALSE,FALSE,FALSE,FALSE,4,6,10,731,Schiehallion from the Braes of Foss,NN713547,5,Neither,Neither
Meall Chuaich,951,951,0,Cairngorms,271648,787834,NN716878,FALSE,FALSE,FALSE,FALSE,FALSE,FALSE,4,5,14,614,Meall Chuaich from near Dalwhinnie,NN716878,4.5,Neither,Neither
Ben Chonzie,931,931,0,Perthshire,277324,730857,NN773308,FALSE,FALSE,FALSE,TRUE,FALSE,FALSE,4,5,12.5,712,Ben Chonzie from Glen Lednock,NN773308,4.5,Neither,Boggy
Beinn Dearg,1008,1008.7,0.7000000000000455,Perthshire,285296,777800,NN852778,FALSE,TRUE,FALSE,TRUE,FALSE,FALSE,7,9,29,990,"Beinn Dearg from the Old Bridge of Tilt, Blair Atholl",NN852778,8,Exposed,Boggy
Mullach Clach a' Bhlàir,1019,1019,0,Cairngorms,288285,792702,NN882927,FALSE,FALSE,FALSE,TRUE,TRUE,FALSE,6.5,7.5,21.75,870,Mullach Clach a' Bhlàir from Glen Feshie,NN882927,7,Neither,Boggy
Sgòr Gaoith,1118,1118,0,Cairngorms,290300,798961,NN903989,FALSE,FALSE,FALSE,TRUE,FALSE,FALSE,6,7,14,913,Sgòr Gaoith from Glen Feshie,NN903989,6.5,Neither,Boggy
Càrn an Fhìdhleir,994,994,0,Cairngorms,290476,784195,NN904841,FALSE,FALSE,TRUE,TRUE,TRUE,FALSE,11,12,42,1059,An Scarsoch and Càrn an Fhìdhleir from the Linn of Dee,NN904841,11.5,Neither,Both
Càrn a' Chlamain,963,963.5,0.5,Perthshire,291591,775807,NN915758,FALSE,FALSE,FALSE,FALSE,TRUE,FALSE,7,9,26,930,Càrn a' Chlamain from Glen Tilt,NN915758,8,Neither,Neither
An Sgarsoch,1006,1006.5,0.5,Cairngorms,293339,783685,NN933836,FALSE,FALSE,TRUE,TRUE,TRUE,FALSE,11,12,42,1059,An Scarsoch and Càrn an Fhìdhleir from the Linn of Dee,NN933836,11.5,Neither,Both
Càrn Liath,975,976,1,Perthshire,293607,769830,NN936698,FALSE,FALSE,FALSE,TRUE,FALSE,FALSE,8,10,22,1239,Beinn a' Ghlò from Loch Moraig,NN936698,9,Neither,Boggy
Monadh Mòr,1113,1113,0,Cairngorms,293866,794217,NN938942,FALSE,TRUE,TRUE,TRUE,TRUE,FALSE,9,11,29,1505,Beinn Bhrotain and Monadh Mòr from Glen Feshie,NN938942,10,Exposed,Both
Bràigh Coire Chruinn-bhalgain,1070,1070,0,Perthshire,294563,772403,NN945724,FALSE,FALSE,FALSE,TRUE,FALSE,FALSE,8,10,22,1239,Beinn a' Ghlò from Loch Moraig,NN945724,9,Neither,Boggy
Braeriach,1296,1296,0,Cairngorms,295328,799916,NN953999,TRUE,TRUE,FALSE,FALSE,TRUE,FALSE,13,13,36,1820,Cairn Toul and Braeriach traverse,NN953999,13,Both,Neither
Beinn Bhrotain,1157,1157,0,Cairngorms,295413,792292,NN954922,FALSE,TRUE,TRUE,TRUE,TRUE,FALSE,9,11,29,1505,Beinn Bhrotain and Monadh Mòr from Glen Feshie,NN954922,10,Exposed,Both
Sgòr an Lochain Uaine,1258,1258,0,Cairngorms,295422,797693,NN954976,TRUE,TRUE,FALSE,FALSE,TRUE,FALSE,13,13,36,1820,Cairn Toul and Braeriach traverse,NN954976,13,Both,Neither
Cairn Toul,1291,1291,0,Cairngorms,296328,797229,NN963972,TRUE,TRUE,FALSE,FALSE,TRUE,FALSE,13,13,36,1820,Cairn Toul and Braeriach traverse,NN963972,13,Both,Neither
Càrn nan Gabhar,1121,1121.9,0.900000000000091,Perthshire,297116,773314,NN971733,FALSE,FALSE,FALSE,TRUE,FALSE,FALSE,8,10,22,1239,Beinn a' Ghlò from Loch Moraig,NN971733,9,Neither,Boggy
The Devil's Point,1004,1006.9,2.8999999999999773,Cairngorms,297609,795115,NN976951,TRUE,TRUE,FALSE,FALSE,TRUE,FALSE,13,13,36,1820,Cairn Toul and Braeriach traverse,NN976951,13,Both,Neither
Ben Macdui,1309,1309,0,Cairngorms,298899,798943,NN988989,FALSE,TRUE,FALSE,TRUE,FALSE,FALSE,6,8,17.5,932,Ben Macdui and Cairngorm from the ski centre,NN988989,7,Exposed,Boggy
Càrn a' Mhàim,1037,1037,0,Cairngorms,299458,795199,NN994951,FALSE,FALSE,TRUE,TRUE,TRUE,TRUE,6,7,22.5,648,Càrn a'Mhàim from the Linn of Dee,NN994951,6.5,Neither,Both
Derry Cairngorm,1155,1155,0,Cairngorms,301734,798032,NO017980,FALSE,TRUE,FALSE,TRUE,TRUE,TRUE,9,11,29,1068,Ben Macdui and Derry Cairngorm from the Linn of Dee,NO017980,10,Exposed,Boggy
Càrn an Rìgh,1029,1029,0,Perthshire,302871,777268,NO028772,FALSE,FALSE,FALSE,TRUE,TRUE,FALSE,8,10,27,1085,Glas Tulaichean and Càrn an Rìgh from the Spittal of Glenshee,NO028772,9,Neither,Boggy
Beinn Iutharn Mhòr,1045,1045,0,Cairngorms,304566,779279,NO045792,FALSE,FALSE,FALSE,FALSE,FALSE,FALSE,9,10,32,983,Beinn Iutharn Mhòr and Càrn Bhac from Inverey,NO045792,9.5,Neither,Neither
Glas Tulaichean,1051,1051,0,Perthshire,305105,776011,NO051760,FALSE,FALSE,FALSE,TRUE,TRUE,FALSE,8,10,27,1085,Glas Tulaichean and Càrn an Rìgh from the Spittal of Glenshee,NO051760,9,Neither,Boggy
Càrn Bhac,946,945.1,0.8999999999999773,Cairngorms,305104,783225,NO051832,FALSE,FALSE,FALSE,FALSE,FALSE,FALSE,9,10,32,983,Beinn Iutharn Mhòr and Càrn Bhac from Inverey,NO051832,9.5,Neither,Neither
Beinn Bhreac,931,931,0,Cairngorms,305870,797075,NO058970,FALSE,FALSE,TRUE,TRUE,FALSE,FALSE,8,10,29,878,Beinn a' Chaorainn and Beinn Bhreac from Linn of Dee,NO058970,9,Neither,Both
An Socach,944,944,0,Cairngorms,307938,780016,NO079800,FALSE,FALSE,FALSE,TRUE,FALSE,FALSE,5,6,15.75,655,An Socach from Glen Clunie,NO079800,5.5,Neither,Boggy
Càrn a' Ghèoidh,975,975,0,Cairngorms,310703,776700,NO107767,FALSE,FALSE,FALSE,FALSE,FALSE,FALSE,5,6,13,595,The Cairnwell Munros,NO107767,5.5,Neither,Neither
Càrn Aosda,917,915.3,1.7000000000000455,Cairngorms,313397,779164,NO133791,FALSE,FALSE,FALSE,FALSE,FALSE,FALSE,5,6,13,595,The Cairnwell Munros,NO133791,5.5,Neither,Neither
The Cairnwell,933,933,0,Cairngorms,313486,777360,NO134773,FALSE,FALSE,FALSE,FALSE,FALSE,FALSE,5,6,13,595,The Cairnwell Munros,NO134773,5.5,Neither,Neither
Creag Leacach,987,988.2,1.2000000000000455,Cairngorms,315468,774548,NO154745,FALSE,FALSE,FALSE,TRUE,FALSE,FALSE,6.5,7.5,19.25,891,Glas Maol Munros from the Cairnwell Pass,NO154745,7,Neither,Boggy
Glas Maol,1068,1068,0,Cairngorms,316699,776576,NO166765,FALSE,FALSE,FALSE,TRUE,FALSE,FALSE,6.5,7.5,19.25,891,Glas Maol Munros from the Cairnwell Pass,NO166765,7,Neither,Boggy
Càrn an Tuirc,1019,1019,0,Cairngorms,317454,780482,NO174804,FALSE,FALSE,FALSE,TRUE,FALSE,FALSE,6.5,7.5,19.25,891,Glas Maol Munros from the Cairnwell Pass,NO174804,7,Neither,Boggy
Cairn of Claise,1064,1064,0,Cairngorms,318549,778890,NO185788,FALSE,FALSE,FALSE,TRUE,FALSE,FALSE,6.5,7.5,19.25,891,Glas Maol Munros from the Cairnwell Pass,NO185788,7,Neither,Boggy
Càrn an t-Sagairt Mòr,1047,1047,0,Cairngorms,320810,784280,NO208842,FALSE,FALSE,FALSE,FALSE,TRUE,FALSE,6,7,19,930,Lochnagar,NO208842,6.5,Neither,Neither
Tolmount,958,958,0,Cairngorms,321051,780018,NO210800,FALSE,TRUE,FALSE,TRUE,TRUE,FALSE,8,10,26.5,841,Tolmount and Tom Buidhe via Loch Callater,NO210800,9,Exposed,Boggy
Tom Buidhe,957,957,0,Cairngorms,321367,778774,NO213787,FALSE,TRUE,FALSE,TRUE,TRUE,FALSE,8,10,26.5,841,Tolmount and Tom Buidhe via Loch Callater,NO213787,9,Exposed,Boggy
Cairn Bannoch,1012,1012,0,Cairngorms,322288,782555,NO222825,FALSE,FALSE,TRUE,TRUE,FALSE,FALSE,7,8,23,813,Creag an Dubh-loch,NO222825,7.5,Neither,Both
Càrn a' Choire Bhòidheach,1118,1109.9,8.099999999999909,Cairngorms,322673,784557,NO226845,FALSE,TRUE,TRUE,FALSE,FALSE,FALSE,9,11,29,1228,"White Mounth Munros, Glen Muick",NO226845,10,Exposed,Large river
Mayar,928,928,0,Angus,324083,773748,NO240737,FALSE,FALSE,FALSE,FALSE,FALSE,FALSE,4.5,5.5,14.5,835,Driesh and Mayar from Glen Doll,NO240737,5,Neither,Neither
Broad Cairn,998,998,0,Cairngorms,324056,781567,NO240815,FALSE,FALSE,TRUE,TRUE,FALSE,FALSE,7,8,23,813,"Creag an Dubh Loch and Broad Cairn, Glenmuick",NO240815,7.5,Neither,Both
Lochnagar,1156,1155.7,0.2999999999999545,Cairngorms,324372,786140,NO243861,FALSE,FALSE,FALSE,FALSE,TRUE,FALSE,6,7,19,930,Lochnagar from Spittal of Glenmuick,NO243861,6.5,Neither,Neither
Driesh,947,947,0,Angus,327116,773588,NO271735,FALSE,FALSE,FALSE,FALSE,FALSE,FALSE,4.5,5.5,14.5,835,Driesh and Mayar from Glen Doll,NO271735,5,Neither,Neither
Mount Keen,939,939,0,Angus,340905,786927,NO409869,FALSE,TRUE,FALSE,FALSE,TRUE,FALSE,5,6,17.5,681,"Mount Keen from Invermark, Glen Esk",NO409869,5.5,Exposed,Neither
