corbett,region,height,first_route_title,first_route_url,time_hours_min,time_hours_max,distance_km,ascent,scramble,exposed,spate,bog,river,pathless,toilet,bothy,pub,car_park,deer_fence,cow,bike,start_lat,start_lon,ascents,rating
Ainshval,781m,NA,NA,NA,NA,NA,NA,NA,NA,NA,NA,NA,NA,NA,NA,NA,NA,NA,NA,NA,NA,NA,NA,1029,NA
Am Bathach,798m,NA,Ciste Dhubh and Am Bathach from Cluanie,https://www.walkhighlands.co.uk/kintail/Cistedhubh.shtml,5,7,12.5,1040,FALSE,FALSE,FALSE,TRUE,FALSE,FALSE,FALSE,FALSE,FALSE,FALSE,FALSE,FALSE,FALSE,57.1596,-5.1647,2563,NA
An Dùn,827m,NA,An Dùn and Maol Creag an Loch via the Gaick Pass,https://www.walkhighlands.co.uk/perthshire/gaick-corbetts.shtml,9,10,28,959,FALSE,FALSE,TRUE,TRUE,TRUE,TRUE,FALSE,FALSE,FALSE,FALSE,FALSE,FALSE,TRUE,56.8064,-4.093,838,NA
An Ruadh-stac,892m,NA,"An Ruadh-stac, from Coulags",https://www.walkhighlands.co.uk/torridon/an-ruadh-stac.shtml,5.5,7,15,1060,TRUE,FALSE,FALSE,TRUE,TRUE,FALSE,FALSE,TRUE,FALSE,FALSE,FALSE,FALSE,FALSE,57.4498,-5.40741,1095,NA
An Sìdhean,814m,NA,An Sìdhean from the Loch Monar dam,https://www.walkhighlands.co.uk/lochness/an-sidhean.shtml,6,7,17,892,FALSE,FALSE,FALSE,FALSE,FALSE,FALSE,FALSE,FALSE,FALSE,FALSE,FALSE,FALSE,FALSE,57.4097,-4.9917,573,NA
An Stac,814m,NA,Rois-bheinn round from Inverailort,https://www.walkhighlands.co.uk/fortwilliam/rois-bheinn.shtml,9,10,19,1649,TRUE,FALSE,FALSE,TRUE,FALSE,TRUE,FALSE,FALSE,FALSE,FALSE,FALSE,FALSE,FALSE,56.8733,-5.6689,914,NA
Aonach Buidhe,899m,NA,Aonach Buidhe via Glen Elchaig,https://www.walkhighlands.co.uk/kintail/aonach-buidhe.shtml,9,10,33,965,FALSE,FALSE,FALSE,TRUE,TRUE,FALSE,FALSE,TRUE,FALSE,FALSE,FALSE,TRUE,TRUE,57.3169,-5.4221,498,NA
Aonach Shasuinn,888m,NA,"Càrn a' Choire Ghairbh and Aonach Shasuinn, Affric",https://www.walkhighlands.co.uk/lochness/affric-corbetts.shtml,9,10,24.5,1228,FALSE,FALSE,FALSE,TRUE,TRUE,TRUE,FALSE,FALSE,FALSE,TRUE,FALSE,FALSE,FALSE,57.2649,-4.9853,605,NA
Arkle,787m,NA,Arkle from near Achfary,https://www.walkhighlands.co.uk/sutherland/arkle.shtml,6,7,17.5,880,TRUE,TRUE,FALSE,FALSE,TRUE,TRUE,FALSE,FALSE,FALSE,FALSE,FALSE,FALSE,FALSE,58.3175,-4.9098,1176,NA
Askival,812m,NA,Rum Cuillin traverse,https://www.walkhighlands.co.uk/islands/rum-cuillin.shtml,12,14,21,1902,TRUE,TRUE,TRUE,TRUE,TRUE,FALSE,FALSE,TRUE,FALSE,FALSE,FALSE,FALSE,FALSE,57.0134,-6.2815,1254,NA
Auchnafree Hill,789m,NA,Auchnafree Hill from Loch Turret,https://www.walkhighlands.co.uk/perthshire/auchnafree-hill.shtml,5,6,18.25,623,FALSE,FALSE,FALSE,TRUE,FALSE,TRUE,FALSE,FALSE,FALSE,TRUE,FALSE,FALSE,FALSE,56.4155,-3.9127,2488,NA
Bac an Eich,849m,NA,Bac an Eich from Strathconon,https://www.walkhighlands.co.uk/lochness/bac-an-eich.shtml,6.5,7,20.5,738,FALSE,FALSE,TRUE,TRUE,TRUE,TRUE,FALSE,FALSE,FALSE,FALSE,FALSE,FALSE,FALSE,57.5226,-4.96225,735,NA
Baosbheinn,875m,NA,Baosbheinn,https://www.walkhighlands.co.uk/torridon/baosbheinn.shtml,8,9,23.1,1190,FALSE,FALSE,TRUE,TRUE,TRUE,TRUE,FALSE,TRUE,FALSE,TRUE,TRUE,FALSE,FALSE,57.6873,-5.59741,814,NA
Beinn a' Bha'ach Ard,862m,NA,Beinn a' Bha'ach Ard,https://www.walkhighlands.co.uk/lochness/beinn-a-bha-ach-ard.shtml,6,7,16,928,FALSE,FALSE,FALSE,TRUE,TRUE,FALSE,FALSE,FALSE,FALSE,TRUE,TRUE,FALSE,TRUE,57.4273,-4.6764,916,NA
Beinn a' Bhuiridh,897m,NA,Beinn a' Bhuiridh via the Monadh Driseig ridge,https://www.walkhighlands.co.uk/argyll/beinn-a-bhuiridh.shtml,5,6,11.5,862,FALSE,FALSE,FALSE,TRUE,FALSE,TRUE,FALSE,FALSE,FALSE,FALSE,FALSE,FALSE,FALSE,56.4107,-5.0287,1251,NA
Beinn a' Chaisgein Mòr,856m,NA,Beinn a' Chaisgein Mòr from Poolewe via Carnmore,https://www.walkhighlands.co.uk/torridon/beinn-a-chaisgein-mor.shtml,13,14,45,1280,FALSE,FALSE,TRUE,TRUE,TRUE,TRUE,FALSE,FALSE,FALSE,TRUE,FALSE,FALSE,TRUE,57.7656,-5.6027,504,NA
Beinn a' Chaisteil (Auch),886m,NA,Beinn a' Chaisteil and Beinn nam Fuaran from Auch,https://www.walkhighlands.co.uk/argyll/chaisteil-fuaran.shtml,7.5,8,21.5,1030,FALSE,FALSE,TRUE,TRUE,TRUE,TRUE,FALSE,FALSE,FALSE,FALSE,FALSE,FALSE,FALSE,56.4607,-4.71466,1054,NA
Beinn a' Chaisteil (Strath Vaich),788m,NA,Beinn a' Chaisteil via Strath Vaich,https://www.walkhighlands.co.uk/ullapool/beinn-a-chaisteil.shtml,7,8,24,793,FALSE,FALSE,FALSE,TRUE,TRUE,TRUE,FALSE,FALSE,FALSE,FALSE,FALSE,FALSE,FALSE,57.6978,-4.7307,689,NA
Beinn a' Chlaidheimh,914m,NA,"The Fisherfield 6, from Shenavall",https://www.walkhighlands.co.uk/ullapool/fisherfield-6.shtml,12,18,29,2254,TRUE,FALSE,TRUE,TRUE,TRUE,FALSE,FALSE,TRUE,FALSE,FALSE,FALSE,FALSE,FALSE,57.7768,-5.2545,2250,NA
Beinn a' Choin,770m,NA,Beinn a' Choin from Inversnaid,https://www.walkhighlands.co.uk/lochlomond/beinn-a-choin.shtml,5,6,8.75,697,FALSE,FALSE,FALSE,TRUE,FALSE,TRUE,FALSE,FALSE,FALSE,TRUE,TRUE,FALSE,FALSE,56.2507,-4.6672,1245,NA
Beinn a' Chrùlaiste,857m,NA,Beinn a' Chrùlaiste from Altnafeidh,https://www.walkhighlands.co.uk/fortwilliam/beinn-a-chrulaiste.shtml,4,5,11,652,FALSE,FALSE,FALSE,TRUE,FALSE,FALSE,FALSE,FALSE,FALSE,FALSE,FALSE,FALSE,FALSE,56.6644,-4.9045,2599,NA
Beinn a' Chuallaich,891m,NA,Beinn a' Chuallaich circuit from the B847,https://www.walkhighlands.co.uk/perthshire/beinn-a-chuallaich.shtml,4,5,10.5,678,FALSE,FALSE,FALSE,FALSE,FALSE,TRUE,FALSE,FALSE,FALSE,FALSE,TRUE,FALSE,FALSE,56.727,-4.1142,1305,NA
Beinn Airigh Charr,791m,NA,Beinn Airigh Charr from Poolewe,https://www.walkhighlands.co.uk/torridon/beinn-airigh-charr.shtml,7,8,22.25,984,FALSE,FALSE,FALSE,TRUE,TRUE,TRUE,FALSE,FALSE,FALSE,TRUE,FALSE,FALSE,TRUE,57.7658,-5.6027,768,NA
Beinn an Eoin,855m,NA,Beinn an Eoin from the north,https://www.walkhighlands.co.uk/torridon/beinn-an-eoin.shtml,6,7,20.1,1000,TRUE,FALSE,TRUE,TRUE,FALSE,TRUE,FALSE,TRUE,FALSE,TRUE,TRUE,FALSE,FALSE,57.6873,-5.59741,893,NA
Beinn an Lochain,901m,NA,Beinn an Lochain from near Butterbridge,https://www.walkhighlands.co.uk/lochlomond/beinn-an-lochain.shtml,3,5,5.5,720,TRUE,FALSE,FALSE,TRUE,FALSE,FALSE,FALSE,FALSE,FALSE,FALSE,FALSE,FALSE,FALSE,56.2391,-4.8512,2985,NA
Beinn an Òir,785m,NA,Beinn an Òir via Loch an t-Siob,https://www.walkhighlands.co.uk/islay-jura/beinn-an-oir.shtml,4.5,6,13.25,758,FALSE,FALSE,FALSE,TRUE,TRUE,TRUE,FALSE,FALSE,FALSE,FALSE,TRUE,FALSE,FALSE,55.8789,-5.9268,1122,NA
Beinn Bhan,896m,NA,Beinn Bhan,https://www.walkhighlands.co.uk/torridon/Beinnbhan.shtml,5,7,14,995,TRUE,TRUE,FALSE,FALSE,TRUE,FALSE,FALSE,FALSE,FALSE,FALSE,FALSE,FALSE,FALSE,57.4194,-5.60814,1082,NA
Beinn Bhan (Great Glen),796m,NA,Beinn Bhan from Glen Loy,https://www.walkhighlands.co.uk/fortwilliam/beinn-bhan.shtml,4,5,8.5,771,FALSE,FALSE,FALSE,TRUE,FALSE,TRUE,FALSE,TRUE,FALSE,FALSE,FALSE,FALSE,FALSE,56.9015,-5.0793,1102,NA
Beinn Bheula,779m,NA,Beinn Bheula from Loch Goil,https://www.walkhighlands.co.uk/argyll/beinn-bheula.shtml,5,6,12,798,FALSE,FALSE,TRUE,TRUE,FALSE,TRUE,FALSE,FALSE,FALSE,TRUE,FALSE,FALSE,FALSE,56.1589,-4.921,1195,NA
Beinn Bhreac,912m,NA,Beinn Bhreac via Glen Bruar from Calvine,https://www.walkhighlands.co.uk/perthshire/beinn-bhreac.shtml,10,12,41.25,1054,FALSE,FALSE,FALSE,TRUE,FALSE,TRUE,FALSE,FALSE,FALSE,FALSE,FALSE,FALSE,TRUE,56.7681,-3.9573,763,NA
Beinn Bhreac-liath,802m,NA,Beinn Udlaidh and Beinn Bhreac-liath from Glen Orchy,https://www.walkhighlands.co.uk/argyll/beinn-udlaidh.shtml,5.5,6,12,911,FALSE,FALSE,FALSE,TRUE,TRUE,TRUE,FALSE,FALSE,FALSE,FALSE,TRUE,FALSE,FALSE,56.4913,-4.799,1403,NA
Beinn Bhuidhe,855m,NA,Beinn Bhuidhe from Inverie,https://www.walkhighlands.co.uk/fortwilliam/beinn-bhuidhe-knoydart.shtml,7,9,19.5,1120,TRUE,FALSE,FALSE,TRUE,TRUE,TRUE,FALSE,TRUE,TRUE,FALSE,TRUE,FALSE,FALSE,57.0383,-5.6852,621,NA
Beinn Chaorach,818m,NA,"Beinn Odhar, Beinn Chaorach and Cam Chreag",https://www.walkhighlands.co.uk/argyll/beinn-odhar-cam-chreag.shtml,7,8,21,1367,FALSE,FALSE,FALSE,TRUE,TRUE,FALSE,FALSE,FALSE,FALSE,TRUE,FALSE,TRUE,FALSE,56.4363,-4.7114,1310,NA
Beinn Chuirn,880m,NA,Beinn Chuirn from Dalrigh,https://www.walkhighlands.co.uk/argyll/beinn-chuirn.shtml,5.5,6,16,706,FALSE,FALSE,FALSE,TRUE,FALSE,TRUE,FALSE,FALSE,FALSE,TRUE,FALSE,FALSE,FALSE,56.4251,-4.6869,1324,NA
Beinn Dàmh,903m,NA,Beinn Dàmh,https://www.walkhighlands.co.uk/torridon/Beinndamh.shtml,5,6,12,980,FALSE,FALSE,FALSE,FALSE,FALSE,FALSE,FALSE,FALSE,FALSE,TRUE,FALSE,FALSE,FALSE,57.5282,-5.52648,1835,NA
Beinn Dearg (Glen Lyon),830m,NA,"Beinn Dearg from Innerwick, Glen Lyon",https://www.walkhighlands.co.uk/perthshire/beinn-dearg-glen-lyon.shtml,3.5,4.5,10.5,627,FALSE,FALSE,FALSE,TRUE,FALSE,TRUE,FALSE,FALSE,FALSE,TRUE,FALSE,FALSE,FALSE,56.5982,-4.30392,1162,NA
Beinn Dearg (Torridon),914m,NA,Beinn Dearg from the Abhainn Coire Mhic Nobuil path,https://www.walkhighlands.co.uk/torridon/beinn-dearg-torridon.shtml,7,7.5,14,1014,TRUE,TRUE,FALSE,TRUE,TRUE,FALSE,FALSE,FALSE,FALSE,TRUE,FALSE,FALSE,FALSE,57.5589,-5.56391,917,NA
Beinn Dearg Bheag,820m,NA,Beinn Dearg Mòr and Beinn Dearg Bheag from Gruinard,https://www.walkhighlands.co.uk/ullapool/beinn-deargs-fisherfield.shtml,13,15,35.25,1450,TRUE,TRUE,FALSE,TRUE,TRUE,TRUE,FALSE,FALSE,FALSE,FALSE,FALSE,FALSE,TRUE,57.8637,-5.4379,591,NA
Beinn Dearg Mòr,906m,NA,Beinn Dearg Mòr and Beinn Dearg Bheag from Gruinard,https://www.walkhighlands.co.uk/ullapool/beinn-deargs-fisherfield.shtml,13,15,35.25,1450,TRUE,TRUE,FALSE,TRUE,TRUE,TRUE,FALSE,FALSE,FALSE,FALSE,FALSE,FALSE,TRUE,57.8637,-5.4379,657,NA
Beinn Dronaig,797m,NA,Beinn Dronaig from Attadale,https://www.walkhighlands.co.uk/torridon/beinn-dronaig.shtml,14,14,32,1157,FALSE,FALSE,FALSE,FALSE,TRUE,TRUE,TRUE,TRUE,FALSE,TRUE,FALSE,FALSE,TRUE,57.3915,-5.45534,529,NA
Beinn Each,813m,NA,Beinn Each from Loch Lubnaig,https://www.walkhighlands.co.uk/lochlomond/beinn-each.shtml,3.5,4.5,7,693,FALSE,FALSE,FALSE,FALSE,FALSE,FALSE,FALSE,FALSE,FALSE,FALSE,FALSE,FALSE,FALSE,56.2947,-4.29129,4091,NA
Beinn Enaiglair,890m,NA,Beinn Enaglair circuit from Braemore Junction,https://www.walkhighlands.co.uk/ullapool/beinn-enaiglair.shtml,5,6,15.5,754,FALSE,FALSE,FALSE,TRUE,TRUE,TRUE,FALSE,FALSE,FALSE,TRUE,TRUE,FALSE,FALSE,57.7529,-5.0104,1216,NA
Beinn Iaruinn,803m,NA,Beinn Iaruinn and Leana Mòr from Glen Roy,https://www.walkhighlands.co.uk/fortwilliam/beinn-iaruinn.shtml,4.5,5,8.75,786,FALSE,FALSE,FALSE,TRUE,FALSE,TRUE,FALSE,FALSE,FALSE,FALSE,FALSE,FALSE,FALSE,56.9524,-4.7962,853,NA
Beinn Lair,859m,NA,Beinn Lair from Poolewe,https://www.walkhighlands.co.uk/torridon/beinn-lair.shtml,13,14,40,1210,FALSE,FALSE,TRUE,TRUE,TRUE,TRUE,FALSE,FALSE,FALSE,TRUE,FALSE,FALSE,TRUE,57.7656,-5.6027,541,NA
Beinn Leoìd,792m,NA,Beinn Leoìd and Meallan a' Chuail from the A838,https://www.walkhighlands.co.uk/sutherland/beinn-leoid.shtml,6,7,15.5,941,FALSE,FALSE,FALSE,TRUE,FALSE,TRUE,FALSE,FALSE,FALSE,FALSE,FALSE,FALSE,FALSE,58.2578,-4.7997,677,NA
Beinn Liath Mhòr a' Ghiubhais Li,768m,NA,Beinn Liath Mhòr a' Ghiubhais Li from Loch Glascarnoch,https://www.walkhighlands.co.uk/ullapool/beinn-liath-mhor-ghiubhais.shtml,3.5,4,8.5,524,FALSE,FALSE,FALSE,TRUE,FALSE,TRUE,FALSE,FALSE,FALSE,FALSE,FALSE,FALSE,FALSE,57.7196,-4.8753,1136,NA
Beinn Loinne,790m,NA,Beinn Loinne from Cluanie,https://www.walkhighlands.co.uk/kintail/beinn-loinne.shtml,4.5,6,18,630,FALSE,FALSE,FALSE,TRUE,FALSE,FALSE,FALSE,FALSE,FALSE,FALSE,FALSE,FALSE,FALSE,57.1557,-5.1779,732,NA
Beinn Luibhean,858m,NA,Beinn Luibhean via the south ridge,https://www.walkhighlands.co.uk/lochlomond/beinn-luibhean.shtml,3,4,4.5,674,FALSE,FALSE,FALSE,FALSE,FALSE,TRUE,FALSE,FALSE,FALSE,FALSE,TRUE,FALSE,FALSE,56.2141,-4.8351,1919,NA
Beinn Maol Chaluim,907m,NA,Beinn Maol Chaluim from Glen Etive,https://www.walkhighlands.co.uk/fortwilliam/beinn-maol-chaluim.shtml,5,6,8,844,FALSE,FALSE,FALSE,FALSE,FALSE,TRUE,FALSE,FALSE,FALSE,FALSE,FALSE,FALSE,FALSE,56.6008,-5.0167,806,NA
Beinn Mheadhonach,901m,NA,Beinn Mheadhonach via Glen Tilt,https://www.walkhighlands.co.uk/perthshire/beinn-mheadhonach.shtml,7,8,22.25,857,FALSE,FALSE,FALSE,TRUE,TRUE,FALSE,FALSE,FALSE,FALSE,TRUE,FALSE,FALSE,FALSE,56.7745,-3.84325,1258,NA
Beinn Mhic Cedidh,783m,NA,Beinn Odhar Bheag and Beinn Mhic Cedidh,https://www.walkhighlands.co.uk/fortwilliam/beinn-odhar-bheag.shtml,6,7,14,1282,FALSE,FALSE,FALSE,TRUE,TRUE,TRUE,FALSE,FALSE,FALSE,FALSE,FALSE,FALSE,FALSE,56.8737,-5.5191,710,NA
Beinn Mhic Chasgaig,864m,NA,Beinn Mhic Chasgaig from Glen Etive,https://www.walkhighlands.co.uk/fortwilliam/beinn-mhic-chasgaig.shtml,5.5,6,9.75,752,FALSE,TRUE,TRUE,FALSE,TRUE,FALSE,FALSE,FALSE,FALSE,FALSE,TRUE,FALSE,FALSE,56.6181,-4.9396,804,NA
Beinn Mhic-Mhonaidh,796m,NA,Beinn Mhic Mhonaidh from Glen Orchy,https://www.walkhighlands.co.uk/argyll/beinn-mhic-mhonaidh.shtml,4,5,13.5,752,FALSE,FALSE,TRUE,FALSE,TRUE,TRUE,FALSE,FALSE,FALSE,TRUE,TRUE,FALSE,FALSE,56.4479,-4.852,1100,NA
Beinn Mholach,841m,NA,Beinn Mholach from Dalnaspidal Lodge,https://www.walkhighlands.co.uk/perthshire/beinn-mholach.shtml,6.5,7.5,23.5,476,FALSE,FALSE,FALSE,TRUE,FALSE,TRUE,FALSE,TRUE,FALSE,FALSE,FALSE,FALSE,FALSE,56.8308,-4.22154,864,NA
Beinn na Caillich,785m,NA,Beinn na Caillich from Inverie,https://www.walkhighlands.co.uk/fortwilliam/beinn-na-caillich-knoydart.shtml,8,9,21.5,1048,FALSE,FALSE,FALSE,TRUE,FALSE,TRUE,FALSE,FALSE,FALSE,FALSE,TRUE,FALSE,FALSE,57.0383,-5.6852,576,NA
Beinn na h-Eaglaise,805m,NA,Beinn na h-Eaglaise and Beinn nan Caorach,https://www.walkhighlands.co.uk/kintail/beinn-na-h-eaglaise.shtml,6,8,11.5,1020,FALSE,FALSE,FALSE,FALSE,TRUE,TRUE,FALSE,FALSE,FALSE,TRUE,FALSE,FALSE,FALSE,57.1251,-5.55389,699,NA
Beinn na h-Uamha,762m,NA,Beinn na h-Uamha via Glen Gour,https://www.walkhighlands.co.uk/fortwilliam/beinn-na-h-uamha.shtml,7,8,16,835,FALSE,FALSE,TRUE,TRUE,TRUE,TRUE,FALSE,FALSE,FALSE,FALSE,FALSE,FALSE,FALSE,56.7145,-5.3045,541,NA
Beinn nam Fuaran,806m,NA,Beinn a' Chaisteil and Beinn nam Fuaran from Auch,https://www.walkhighlands.co.uk/argyll/chaisteil-fuaran.shtml,7.5,8,21.5,1030,FALSE,FALSE,TRUE,TRUE,TRUE,TRUE,FALSE,FALSE,FALSE,FALSE,FALSE,FALSE,FALSE,56.4607,-4.71466,982,NA
Beinn nan Caorach,774m,NA,Beinn na h-Eaglaise and Beinn nan Caorach,https://www.walkhighlands.co.uk/kintail/beinn-na-h-eaglaise.shtml,6,8,11.5,1020,FALSE,FALSE,FALSE,FALSE,TRUE,TRUE,FALSE,FALSE,FALSE,TRUE,FALSE,FALSE,FALSE,57.1251,-5.55389,672,NA
Beinn nan Imirean,849m,NA,Beinn nan Imirean from Glen Dochart,https://www.walkhighlands.co.uk/lochlomond/beinn-nan-imirean.shtml,5,6,11,704,FALSE,FALSE,FALSE,TRUE,TRUE,TRUE,FALSE,FALSE,FALSE,FALSE,FALSE,FALSE,FALSE,56.4148,-4.5172,1138,NA
Beinn nan Oighreag,909m,NA,Beinn nan Oighreag from Glen Lochay,https://www.walkhighlands.co.uk/perthshire/beinn-nan-oighreag.shtml,5,5.5,15.5,803,FALSE,FALSE,FALSE,TRUE,FALSE,TRUE,FALSE,FALSE,FALSE,FALSE,FALSE,FALSE,FALSE,56.4867,-4.3736,1251,NA
Beinn Odhar,901m,NA,"Beinn Odhar, Beinn Chaorach and Cam Chreag",https://www.walkhighlands.co.uk/argyll/beinn-odhar-cam-chreag.shtml,7,8,21,1367,FALSE,FALSE,FALSE,TRUE,TRUE,FALSE,FALSE,FALSE,FALSE,TRUE,FALSE,TRUE,FALSE,56.4363,-4.7114,1602,NA
Beinn Odhar Bheag,882m,NA,Beinn Odhar Bheag and Beinn Mhic Cedidh,https://www.walkhighlands.co.uk/fortwilliam/beinn-odhar-bheag.shtml,6,7,14,1282,FALSE,FALSE,FALSE,TRUE,TRUE,TRUE,FALSE,FALSE,FALSE,FALSE,FALSE,FALSE,FALSE,56.8737,-5.5191,739,NA
Beinn Pharlagain,868m,NA,Beinn Pharlagain from near Rannoch Station,https://www.walkhighlands.co.uk/perthshire/beinn-pharlagain.shtml,5.5,6,18.25,640,FALSE,FALSE,FALSE,TRUE,FALSE,TRUE,FALSE,FALSE,FALSE,FALSE,FALSE,FALSE,FALSE,56.6863,-4.538,1095,NA
Beinn Resipol,845m,NA,Beinn Resipol from Resipole campsite,https://www.walkhighlands.co.uk/fortwilliam/benresipol.shtml,5,6,11.5,827,TRUE,FALSE,FALSE,TRUE,FALSE,FALSE,FALSE,FALSE,FALSE,FALSE,FALSE,FALSE,FALSE,56.7109,-5.7202,1206,NA
Beinn Spionnaidh,773m,NA,Cranstackie and Beinn Spionnaidh from Carbreck,https://www.walkhighlands.co.uk/sutherland/cranstackie.shtml,6,8,12,1030,FALSE,FALSE,FALSE,TRUE,TRUE,TRUE,FALSE,FALSE,FALSE,FALSE,FALSE,FALSE,FALSE,58.4892,-4.8623,923,NA
Beinn Stacath,771m,NA,Beinn Stacath from Glen Buckie,https://www.walkhighlands.co.uk/lochlomond/beinn-stacath.shtml,4.5,5.5,12.75,653,FALSE,FALSE,TRUE,TRUE,TRUE,TRUE,FALSE,FALSE,FALSE,FALSE,FALSE,FALSE,FALSE,56.327,-4.38009,1148,NA
Beinn Tarsuinn,826m,NA,Beinn Tarsuinn via the Three Beinns circuit,https://www.walkhighlands.co.uk/arran/three-beinns.shtml,6,7,14,949,TRUE,FALSE,FALSE,TRUE,FALSE,FALSE,FALSE,FALSE,FALSE,FALSE,TRUE,FALSE,FALSE,55.5916,-5.17462,1989,NA
Beinn Tharsuinn,863m,NA,Sgùrr na Feartaig and Beinn Tharsuinn from Achnashellach,https://www.walkhighlands.co.uk/torridon/sgurr-na-feartaig.shtml,7,8,22,1180,FALSE,FALSE,TRUE,TRUE,TRUE,TRUE,FALSE,FALSE,FALSE,TRUE,TRUE,FALSE,FALSE,57.4914,-5.2722,1086,NA
Beinn Trilleachan,839m,NA,Beinn Trilleachan from the head of Loch Etive,https://www.walkhighlands.co.uk/fortwilliam/beinn-trilleachan.shtml,6,7,8.75,1000,FALSE,FALSE,FALSE,TRUE,FALSE,TRUE,FALSE,FALSE,FALSE,TRUE,FALSE,FALSE,FALSE,56.5688,-5.0812,850,NA
Beinn Udlaidh,840m,NA,Beinn Udlaidh and Beinn Bhreac-liath from Glen Orchy,https://www.walkhighlands.co.uk/argyll/beinn-udlaidh.shtml,5.5,6,12,911,FALSE,FALSE,FALSE,TRUE,TRUE,TRUE,FALSE,FALSE,FALSE,FALSE,TRUE,FALSE,FALSE,56.4913,-4.799,1508,NA
Ben Aden (Beinn an Aodainn),887m,NA,Ben Aden via Loch Cuaich (Quoich),https://www.walkhighlands.co.uk/fortwilliam/ben-aden.shtml,11,13,26.75,950,TRUE,FALSE,TRUE,TRUE,TRUE,FALSE,FALSE,FALSE,FALSE,FALSE,FALSE,FALSE,FALSE,57.0786,-5.312,465,NA
Ben Donich,847m,NA,Ben Donich from Rest and Be Thankful,https://www.walkhighlands.co.uk/lochlomond/ben-donich.shtml,3.5,4.5,7.5,575,TRUE,FALSE,FALSE,FALSE,FALSE,FALSE,FALSE,FALSE,FALSE,TRUE,FALSE,FALSE,FALSE,56.2219,-4.8599,3530,NA
Ben Gulabin,806m,NA,Ben Gulabin from the A93,https://www.walkhighlands.co.uk/perthshire/ben-gulabin.shtml,2.5,3,6.25,453,FALSE,FALSE,FALSE,FALSE,FALSE,FALSE,FALSE,FALSE,FALSE,FALSE,FALSE,FALSE,FALSE,56.8257,-3.4526,2194,NA
Ben Hee,873m,NA,"Ben Hee, from West Merkland",https://www.walkhighlands.co.uk/sutherland/ben-hee.shtml,5,6,13.25,765,FALSE,FALSE,FALSE,TRUE,FALSE,TRUE,FALSE,FALSE,FALSE,FALSE,FALSE,FALSE,FALSE,58.2571,-4.77333,783,NA
Ben Ledi,879m,NA,Ben Ledi from the Pass of Leny,https://www.walkhighlands.co.uk/lochlomond/ben-ledi.shtml,4,6,10,760,FALSE,FALSE,FALSE,TRUE,TRUE,FALSE,FALSE,FALSE,FALSE,TRUE,FALSE,FALSE,TRUE,56.2534,-4.2822,9380,NA
Ben Loyal,764m,NA,Ben Loyal from Ribigill,https://www.walkhighlands.co.uk/sutherland/ben-loyal.shtml,5.5,6.5,13.75,804,TRUE,FALSE,TRUE,TRUE,FALSE,TRUE,FALSE,FALSE,FALSE,FALSE,FALSE,TRUE,FALSE,58.4575,-4.4281,1556,NA
Ben Rinnes,840m,NA,Ben Rinnes via the east ridge,https://www.walkhighlands.co.uk/moray/ben-rinnes.shtml,3,4,7.5,541,FALSE,FALSE,FALSE,FALSE,FALSE,FALSE,FALSE,FALSE,FALSE,FALSE,FALSE,FALSE,FALSE,57.4082,-3.19207,4381,NA
Ben Tee,904m,NA,Ben Tee from Kilfinnan,https://www.walkhighlands.co.uk/fortwilliam/bentee.shtml,4,6,10,920,FALSE,FALSE,FALSE,TRUE,FALSE,FALSE,FALSE,FALSE,FALSE,TRUE,FALSE,FALSE,FALSE,57.0214,-4.83904,1159,NA
Ben Tirran,896m,NA,Ben Tirran via Lochs Brandy and Wharral,https://www.walkhighlands.co.uk/angus/ben-tirran.shtml,4.5,6,14.5,752,FALSE,FALSE,FALSE,TRUE,FALSE,TRUE,FALSE,FALSE,FALSE,TRUE,FALSE,FALSE,FALSE,56.8442,-3.1054,2301,NA
Ben Vrackie,841m,NA,Ben Vrackie from Moulin,https://www.walkhighlands.co.uk/perthshire/ben-vrackie.shtml,3.5,4.5,10.2,780,FALSE,FALSE,FALSE,TRUE,FALSE,FALSE,FALSE,FALSE,FALSE,TRUE,FALSE,FALSE,FALSE,56.7155,-3.7277,7724,NA
Ben Vuirich,903m,NA,Ben Vuirich circuit from Loch Moraig,https://www.walkhighlands.co.uk/perthshire/ben-vuirich.shtml,7.5,8,22.75,673,FALSE,FALSE,TRUE,TRUE,FALSE,TRUE,FALSE,FALSE,FALSE,TRUE,FALSE,FALSE,FALSE,56.7826,-3.7926,1053,NA
Benvane,821m,NA,"Benvane, from Glen Buckie",https://www.walkhighlands.co.uk/lochlomond/benvane.shtml,4,5,8.75,617,FALSE,FALSE,FALSE,TRUE,FALSE,FALSE,FALSE,FALSE,FALSE,FALSE,FALSE,TRUE,FALSE,56.327,-4.38009,2907,NA
Bidein a' Chabair,867m,NA,Bidein a' Chabair from the head of Loch Arkaig,https://www.walkhighlands.co.uk/fortwilliam/bidein-a-chabair.shtml,9,10,26,1095,TRUE,TRUE,TRUE,TRUE,TRUE,TRUE,FALSE,TRUE,FALSE,TRUE,FALSE,FALSE,TRUE,56.9719,-5.3123,440,NA
Binnein an Fhìdhleir (or Stob Coire Creagach),817m,NA,Stob Coire Creagach from Butterbridge,https://www.walkhighlands.co.uk/lochlomond/stob-coire-creagach.shtml,3,5,7,845,FALSE,FALSE,FALSE,TRUE,FALSE,TRUE,FALSE,FALSE,FALSE,TRUE,FALSE,FALSE,FALSE,56.2457,-4.8509,1511,NA
Braigh nan Uamhachan,765m,NA,Braigh nan Uamhachan via Gleann Dubh Lighe,https://www.walkhighlands.co.uk/fortwilliam/braigh-nan-uamhachan.shtml,7,8,18.75,1038,FALSE,FALSE,FALSE,FALSE,FALSE,TRUE,FALSE,TRUE,FALSE,TRUE,FALSE,FALSE,FALSE,56.864,-5.3976,680,NA
Breabag,815m,NA,Breabag and the Caves of Assynt,https://www.walkhighlands.co.uk/ullapool/breabag.shtml,7,9,20,778,FALSE,TRUE,FALSE,TRUE,TRUE,FALSE,FALSE,FALSE,FALSE,TRUE,FALSE,FALSE,FALSE,58.1156,-4.9666,970,NA
Broad Law,840m,NA,"Broad Law, Cramalt Craig and Dollar Law",https://www.walkhighlands.co.uk/borders/broad-law.shtml,5.5,6.5,21.5,778,FALSE,FALSE,FALSE,TRUE,FALSE,FALSE,FALSE,FALSE,FALSE,FALSE,FALSE,TRUE,FALSE,55.4691,-3.3451,2489,NA
Brown Cow Hill,829m,NA,Brown Cow Hill circular from Cock Bridge,https://www.walkhighlands.co.uk/cairngorms/brown-cow-hill.shtml,5.5,6.5,18,575,FALSE,FALSE,FALSE,TRUE,TRUE,TRUE,FALSE,TRUE,FALSE,TRUE,FALSE,TRUE,FALSE,57.1653,-3.2347,1320,NA
Buidhe Bheinn,885m,NA,Buidhe Bheinn from Kinloch Hourn,https://www.walkhighlands.co.uk/fortwilliam/buidhe-bheinn.shtml,5.5,6,12,1070,FALSE,FALSE,FALSE,FALSE,FALSE,TRUE,FALSE,FALSE,FALSE,FALSE,FALSE,FALSE,FALSE,57.1046,-5.3863,542,NA
Cairnsmore of Carsphairn,797m,NA,Cairnsmore of Carsphairn from the Green Well of Scotland,https://www.walkhighlands.co.uk/galloway/cairnsmore-of-carsphairn.shtml,3,5,11.5,656,FALSE,FALSE,FALSE,TRUE,TRUE,TRUE,FALSE,FALSE,FALSE,FALSE,FALSE,FALSE,FALSE,55.2229,-4.2696,1932,NA
Caisteal Abhail,859m,NA,Caisteal Abhail from North Sannox,https://www.walkhighlands.co.uk/arran/caisteal-abhail.shtml,5.5,6.5,10.5,838,TRUE,FALSE,TRUE,TRUE,FALSE,TRUE,FALSE,FALSE,FALSE,TRUE,FALSE,FALSE,FALSE,55.673,-5.19294,1918,NA
Cam Chreag (Auch),884m,NA,"Beinn Odhar, Beinn Chaorach and Cam Chreag",https://www.walkhighlands.co.uk/argyll/beinn-odhar-cam-chreag.shtml,7,8,21,1367,FALSE,FALSE,FALSE,TRUE,TRUE,FALSE,FALSE,FALSE,FALSE,TRUE,FALSE,TRUE,FALSE,56.4363,-4.7114,1257,NA
Cam Chreag (Glen Lyon),862m,NA,"Cam Chreag from Innerwick, Glen Lyon",https://www.walkhighlands.co.uk/perthshire/cam-chreag.shtml,3.5,4.5,12.75,640,FALSE,FALSE,FALSE,FALSE,FALSE,TRUE,FALSE,FALSE,FALSE,TRUE,FALSE,FALSE,FALSE,56.5982,-4.30392,1124,NA
Canisp,847m,NA,Canisp from the east,https://www.walkhighlands.co.uk/ullapool/canisp.shtml,5,6,12,710,FALSE,FALSE,FALSE,TRUE,FALSE,TRUE,FALSE,FALSE,FALSE,FALSE,FALSE,FALSE,FALSE,58.0996,-4.9708,1767,NA
Càrn a' Choire Ghairbh,865m,NA,"Càrn a' Choire Ghairbh and Aonach Shasuinn, Affric",https://www.walkhighlands.co.uk/lochness/affric-corbetts.shtml,9,10,24.5,1228,FALSE,FALSE,FALSE,TRUE,TRUE,TRUE,FALSE,FALSE,FALSE,TRUE,FALSE,FALSE,FALSE,57.2649,-4.9853,670,NA
Càrn a' Chuilinn,816m,NA,Càrn a' Chuilinn by Glen Doe,https://www.walkhighlands.co.uk/lochness/carn-a-chuilinn.shtml,5,6,17.25,681,FALSE,FALSE,FALSE,TRUE,FALSE,TRUE,FALSE,FALSE,FALSE,FALSE,FALSE,FALSE,FALSE,57.1428,-4.6521,745,NA
Càrn an Fhreiceadain,878m,NA,Càrn an Fhreiceadain from Kingussie,https://www.walkhighlands.co.uk/cairngorms/carn-an-fhreiceadain.shtml,4,5,18,682,FALSE,FALSE,FALSE,FALSE,TRUE,FALSE,FALSE,TRUE,FALSE,TRUE,FALSE,FALSE,FALSE,57.0808,-4.0549,1734,NA
Càrn Bàn,842m,NA,Càrn Ban via Alladale,https://www.walkhighlands.co.uk/sutherland/carn-ban-alladale.shtml,11,12,38.5,935,FALSE,FALSE,FALSE,TRUE,TRUE,TRUE,FALSE,FALSE,FALSE,FALSE,FALSE,FALSE,TRUE,57.8653,-4.5902,582,NA
Càrn Chuinneag,839m,NA,"Càrn Chuinneag, from Glencalvie Lodge",https://www.walkhighlands.co.uk/sutherland/carn-chuinneag.shtml,5.5,6.5,18.5,769,FALSE,FALSE,FALSE,FALSE,TRUE,TRUE,FALSE,FALSE,FALSE,FALSE,FALSE,TRUE,FALSE,57.8653,-4.5905,930,NA
Càrn Dearg (North of Gleann Eachach),815m,NA,The Càrn Dearg Eachachs from Glen Roy,https://www.walkhighlands.co.uk/fortwilliam/carn-deargs-eachach.shtml,5.5,6,14,767,FALSE,FALSE,FALSE,TRUE,TRUE,TRUE,FALSE,FALSE,FALSE,FALSE,FALSE,TRUE,FALSE,56.9812,-4.7431,854,NA
Càrn Dearg (South of Gleann Eachach),768m,NA,The Càrn Dearg Eachachs from Glen Roy,https://www.walkhighlands.co.uk/fortwilliam/carn-deargs-eachach.shtml,5.5,6,14,767,FALSE,FALSE,FALSE,TRUE,TRUE,TRUE,FALSE,FALSE,FALSE,FALSE,FALSE,TRUE,FALSE,56.9812,-4.7431,848,NA
Càrn Dearg - Glen Roy,834m,NA,Càrn Dearg from Glen Roy,https://www.walkhighlands.co.uk/fortwilliam/carn-dearg-bhrunachain.shtml,4,6,9,674,FALSE,FALSE,FALSE,TRUE,TRUE,TRUE,FALSE,FALSE,FALSE,TRUE,FALSE,FALSE,FALSE,56.9793,-4.7487,791,NA
Càrn Dearg Mòr,857m,NA,Leathad an Taobhain and Càrn Dearg Mòr from Glen Feshie,https://www.walkhighlands.co.uk/cairngorms/leathad-an-taobhain.shtml,9,10,33.5,989,FALSE,TRUE,TRUE,TRUE,TRUE,FALSE,FALSE,FALSE,FALSE,TRUE,FALSE,FALSE,FALSE,57.0631,-3.897,947,NA
Càrn Ealasaid,792m,NA,Càrn Ealasaid from the north,https://www.walkhighlands.co.uk/cairngorms/carn-ealasaid.shtml,3,3.5,10.25,472,FALSE,FALSE,FALSE,TRUE,FALSE,TRUE,FALSE,FALSE,FALSE,FALSE,FALSE,FALSE,FALSE,57.2201,-3.2863,1389,NA
Càrn Mòr (Glen Dessarry),829m,NA,Càrn Mòr from the head of Loch Arkaig,https://www.walkhighlands.co.uk/fortwilliam/carn-mor.shtml,6.5,7.5,21,1015,FALSE,FALSE,FALSE,TRUE,TRUE,TRUE,FALSE,TRUE,FALSE,FALSE,FALSE,FALSE,TRUE,56.9714,-5.3124,466,NA
Càrn Mòr (Ladder Hills),804m,NA,Càrn Mòr and the Ladder Hills from Glenlivet,https://www.walkhighlands.co.uk/cairngorms/ladder-hills.shtml,4,5,14.5,519,FALSE,FALSE,FALSE,TRUE,FALSE,TRUE,FALSE,FALSE,FALSE,TRUE,FALSE,FALSE,FALSE,57.273,-3.2578,1409,NA
Càrn na Drochaide,818m,NA,Càrn na Drochaide from Linn of Quoich,https://www.walkhighlands.co.uk/cairngorms/carn-na-drochaide.shtml,4,5,12.5,637,FALSE,FALSE,FALSE,FALSE,TRUE,TRUE,FALSE,FALSE,FALSE,TRUE,TRUE,FALSE,FALSE,57.0017,-3.4554,1577,NA
Càrn na Nathrach,786m,NA,Càrn na Nathrach from Glen Hurich,https://www.walkhighlands.co.uk/fortwilliam/carn-na-nathrach.shtml,6,7,17.25,886,TRUE,FALSE,FALSE,TRUE,TRUE,FALSE,FALSE,FALSE,FALSE,FALSE,TRUE,FALSE,FALSE,56.7462,-5.5744,543,NA
Càrn na Saobhaidhe,811m,NA,Càrn na Saobhaide via Dunmaglass,https://www.walkhighlands.co.uk/lochness/carn-na-saobhaidhe.shtml,7,7.5,26.5,647,FALSE,FALSE,FALSE,FALSE,FALSE,FALSE,FALSE,FALSE,FALSE,FALSE,FALSE,FALSE,TRUE,57.2897,-4.3123,715,NA
Cìr Mhòr,799m,NA,Beinn Tarsuinn and Cìr Mhòr,https://www.walkhighlands.co.uk/arran/cir-mhor.shtml,7.5,9,17.25,1164,TRUE,FALSE,FALSE,TRUE,FALSE,FALSE,FALSE,FALSE,FALSE,FALSE,FALSE,FALSE,FALSE,55.5916,-5.17462,2146,NA
Clisham,799m,NA,Clisham - direct route,https://www.walkhighlands.co.uk/outer-hebrides/clisham-direct.shtml,3.5,4,5.25,629,FALSE,FALSE,FALSE,TRUE,FALSE,FALSE,FALSE,FALSE,FALSE,TRUE,FALSE,FALSE,FALSE,57.951,-6.7786,1898,NA
Cnoc Coinnich,764m,NA,The Brack and Cnoc Coinnich from Ardgartan,https://www.walkhighlands.co.uk/lochlomond/the-brack.shtml,6,7.5,15.5,1086,TRUE,FALSE,FALSE,TRUE,FALSE,TRUE,FALSE,FALSE,FALSE,TRUE,FALSE,FALSE,TRUE,56.1946,-4.7913,1629,NA
Conachcraig,865m,NA,Conachcraig from Easter Balmoral,https://www.walkhighlands.co.uk/cairngorms/conachcraig.shtml,6,7,22.25,679,FALSE,FALSE,FALSE,TRUE,TRUE,TRUE,FALSE,TRUE,FALSE,TRUE,FALSE,FALSE,FALSE,57.0396,-3.2166,1874,NA
Corryhabbie Hill,781m,NA,Corryhabbie Hill from Glen Rinnes,https://www.walkhighlands.co.uk/moray/corryhabbie-hill.shtml,4,5,12.75,525,FALSE,FALSE,TRUE,TRUE,FALSE,FALSE,FALSE,FALSE,FALSE,FALSE,TRUE,FALSE,FALSE,57.3775,-3.2164,1546,NA
Corserine,814m,NA,Corserine and the Rhinns of Kells,https://www.walkhighlands.co.uk/galloway/corserine.shtml,5,7,16.5,903,TRUE,FALSE,FALSE,FALSE,FALSE,TRUE,FALSE,FALSE,FALSE,TRUE,FALSE,FALSE,FALSE,55.1494,-4.2725,1862,NA
Cranstackie,801m,NA,Cranstackie and Beinn Spionnaidh from Carbreck,https://www.walkhighlands.co.uk/sutherland/cranstackie.shtml,6,8,12,1030,FALSE,FALSE,FALSE,TRUE,TRUE,TRUE,FALSE,FALSE,FALSE,FALSE,FALSE,FALSE,FALSE,58.4892,-4.8623,948,NA
Creach Bheinn (Loch Creran),810m,NA,"Creach Bheinn from Druimavuic, Loch Creran",https://www.walkhighlands.co.uk/argyll/creach-bheinn.shtml,5,6,14.25,899,FALSE,FALSE,TRUE,FALSE,TRUE,TRUE,FALSE,FALSE,FALSE,FALSE,FALSE,FALSE,FALSE,56.5556,-5.2412,904,NA
Creach Bheinn (Morvern),853m,NA,Creach Bheinn and Fuar Bheinn via the Glengalmadale Horseshoe,https://www.walkhighlands.co.uk/fortwilliam/creach-bheinn.shtml,7,9,16,1428,FALSE,FALSE,FALSE,TRUE,FALSE,TRUE,FALSE,FALSE,FALSE,TRUE,FALSE,FALSE,FALSE,56.6213,-5.4791,747,NA
Creag an Dail Bheag,863m,NA,Culardoch and Creag an Dail Bheag from Keiloch,https://www.walkhighlands.co.uk/cairngorms/culardoch.shtml,7.5,8.5,23.75,853,FALSE,FALSE,FALSE,TRUE,FALSE,TRUE,FALSE,FALSE,FALSE,TRUE,FALSE,FALSE,FALSE,57.0057,-3.338,1276,NA
Creag Mac Ranaich,809m,NA,Creag Mac Ranaich and Meall an t-Seallach from Lochearnhead,https://www.walkhighlands.co.uk/lochlomond/creag-mac-ranaich.shtml,7,8,20.5,984,FALSE,FALSE,FALSE,TRUE,FALSE,TRUE,FALSE,FALSE,FALSE,TRUE,FALSE,FALSE,TRUE,56.3853,-4.2803,1819,NA
Creag Mhòr,895m,NA,Creag Mhòr and Loch Avon from Glenmore,https://www.walkhighlands.co.uk/cairngorms/creag-mhor.shtml,8,10,32,868,FALSE,FALSE,FALSE,TRUE,TRUE,TRUE,FALSE,FALSE,FALSE,TRUE,FALSE,FALSE,FALSE,57.1591,-3.6816,1090,NA
Creag nan Gabhar,834m,NA,Creag nan Gabhar circuit,https://www.walkhighlands.co.uk/cairngorms/creag-nan-gabhar.shtml,5,6,14.5,479,FALSE,FALSE,FALSE,TRUE,TRUE,TRUE,FALSE,TRUE,FALSE,TRUE,FALSE,FALSE,FALSE,56.9774,-3.39,2079,NA
Creag Rainich,807m,NA,Craig Rainich via Loch a'Bhraoin,https://www.walkhighlands.co.uk/ullapool/creag-rainich.shtml,6,7,17.5,620,FALSE,FALSE,FALSE,TRUE,FALSE,TRUE,FALSE,TRUE,FALSE,FALSE,FALSE,FALSE,FALSE,57.7374,-5.09,778,NA
Creag Uchdag,879m,NA,Creag Uchdag from Glen Lednock,https://www.walkhighlands.co.uk/perthshire/creag-uchdag.shtml,5.5,6.5,15,667,FALSE,FALSE,FALSE,TRUE,FALSE,TRUE,FALSE,FALSE,FALSE,TRUE,FALSE,FALSE,FALSE,56.4209,-4.0395,1220,NA
Creagan na Beinne,888m,NA,Creagan na Beinne from Ardtalnaig,https://www.walkhighlands.co.uk/perthshire/creagan-na-beinne.shtml,5,6,18,775,FALSE,FALSE,FALSE,TRUE,FALSE,TRUE,FALSE,FALSE,FALSE,FALSE,FALSE,FALSE,FALSE,56.5276,-4.1119,1116,NA
Cruach Innse,857m,NA,The Innses from Corriechoille,https://www.walkhighlands.co.uk/fortwilliam/cruach-innse.shtml,6,7,13,890,FALSE,FALSE,FALSE,FALSE,FALSE,TRUE,FALSE,FALSE,FALSE,FALSE,FALSE,FALSE,FALSE,56.8682,-4.86347,1127,NA
Cùl Beag,769m,NA,Cùl Beag from the east,https://www.walkhighlands.co.uk/ullapool/cul-beag.shtml,4,5,10.5,729,FALSE,FALSE,FALSE,TRUE,FALSE,FALSE,FALSE,FALSE,FALSE,FALSE,FALSE,FALSE,TRUE,58.0227,-5.0757,1673,NA
Cùl Mòr,849m,NA,Cùl Mòr from the east,https://www.walkhighlands.co.uk/ullapool/culmor.shtml,4,5.5,13.5,808,FALSE,FALSE,FALSE,TRUE,FALSE,TRUE,FALSE,FALSE,FALSE,FALSE,FALSE,FALSE,FALSE,58.0367,-5.0693,2405,NA
Culardoch,900m,NA,Culardoch and Creag an Dail Bheag from Keiloch,https://www.walkhighlands.co.uk/cairngorms/culardoch.shtml,7.5,8.5,23.75,853,FALSE,FALSE,FALSE,TRUE,FALSE,TRUE,FALSE,FALSE,FALSE,TRUE,FALSE,FALSE,FALSE,57.0057,-3.338,1406,NA
Druim Tarsuinn,770m,NA,"The Sgùrr Ghiubhsachain round, from Callop",https://www.walkhighlands.co.uk/fortwilliam/sgurr-ghiubhsachain.shtml,9,11,21.75,1454,FALSE,FALSE,TRUE,TRUE,TRUE,FALSE,FALSE,FALSE,FALSE,TRUE,TRUE,FALSE,FALSE,56.8579,-5.4068,564,NA
Dùn da Ghaoithe,766m,NA,Dùn da Ghaoithe via the masts,https://www.walkhighlands.co.uk/mull/dun-da-ghaoithe.shtml,4,5,15,843,FALSE,FALSE,FALSE,FALSE,FALSE,TRUE,FALSE,FALSE,FALSE,FALSE,FALSE,FALSE,FALSE,56.451,-5.6941,1088,NA
Faochaig,868m,NA,Sguman Coinntich and Faochaig from Killilan,https://www.walkhighlands.co.uk/kintail/sguman-coinntich.shtml,9,10,25,1198,TRUE,FALSE,FALSE,FALSE,FALSE,TRUE,FALSE,FALSE,FALSE,FALSE,TRUE,FALSE,TRUE,57.3169,-5.4221,549,NA
Farragon Hill,783m,NA,Meall Tairneachan and Farragon Hill via the Foss mine track,https://www.walkhighlands.co.uk/perthshire/farragon-hill.shtml,5.5,6.5,17.25,878,FALSE,FALSE,FALSE,TRUE,FALSE,TRUE,FALSE,FALSE,FALSE,FALSE,FALSE,TRUE,FALSE,56.6812,-3.99299,1410,NA
Foinaven,911m,NA,Foinaven circuit from Gualin House,https://www.walkhighlands.co.uk/sutherland/foinaven.shtml,8,9,18.5,982,FALSE,FALSE,FALSE,TRUE,TRUE,TRUE,FALSE,FALSE,FALSE,FALSE,FALSE,FALSE,FALSE,58.4658,-4.9022,1118,NA
Fraoch Bheinn,858m,NA,Sgùrr Mhurlagain and Fraoch Bheinn,https://www.walkhighlands.co.uk/fortwilliam/sgurr-mhurlagain.shtml,6.5,8,15,1243,FALSE,FALSE,FALSE,TRUE,FALSE,TRUE,FALSE,FALSE,FALSE,TRUE,FALSE,FALSE,FALSE,56.9716,-5.3122,620,NA
Fraochaidh,879m,NA,Fraochaidh from Ballachulish,https://www.walkhighlands.co.uk/fortwilliam/fraochaidh.shtml,7,8,21,1113,FALSE,FALSE,FALSE,TRUE,TRUE,FALSE,TRUE,FALSE,FALSE,TRUE,FALSE,FALSE,FALSE,56.6783,-5.12979,780,NA
Fuar Bheinn,766m,NA,Creach Bheinn and Fuar Bheinn via the Glengalmadale Horseshoe,https://www.walkhighlands.co.uk/fortwilliam/creach-bheinn.shtml,7,9,16,1428,FALSE,FALSE,FALSE,TRUE,FALSE,TRUE,FALSE,FALSE,FALSE,TRUE,FALSE,FALSE,FALSE,56.6213,-5.4791,751,NA
Fuar Tholl,907m,NA,Fuar Tholl from Achnashellach,https://www.walkhighlands.co.uk/torridon/fuar-tholl.shtml,5.5,7,14.5,919,FALSE,FALSE,TRUE,FALSE,TRUE,FALSE,FALSE,FALSE,FALSE,FALSE,FALSE,FALSE,FALSE,57.4818,-5.3292,1319,NA
Gairbeinn,896m,NA,Gairbeinn and Corrieyairack Hill from Melgarve,https://www.walkhighlands.co.uk/cairngorms/gairbeinn.shtml,5,6.5,15.5,754,FALSE,FALSE,FALSE,TRUE,FALSE,TRUE,FALSE,TRUE,FALSE,FALSE,FALSE,FALSE,FALSE,57.0289,-4.5264,836,NA
Garbh Bheinn (Ardgour),885m,NA,Garbh Bheinn via the southeast ridge,https://www.walkhighlands.co.uk/fortwilliam/garbh-bheinn-ardgour.shtml,5,6,8,978,TRUE,FALSE,FALSE,TRUE,FALSE,FALSE,FALSE,FALSE,FALSE,FALSE,FALSE,FALSE,FALSE,56.6832,-5.3844900000000004,1295,NA
Garbh Bheinn (Loch Leven),867m,NA,Garbh Bheinn from Loch Leven,https://www.walkhighlands.co.uk/fortwilliam/garbh-bheinn-loch-leven.shtml,4.5,6,6,865,TRUE,FALSE,FALSE,TRUE,FALSE,FALSE,FALSE,FALSE,FALSE,FALSE,FALSE,FALSE,FALSE,56.7019,-5.035,1232,NA
Garbh-bheinn (Skye),808m,NA,Garbh Bheinn and Belig circular,https://www.walkhighlands.co.uk/skye/garbhbheinn.shtml,5,7,10,1070,TRUE,FALSE,FALSE,TRUE,FALSE,TRUE,FALSE,FALSE,FALSE,FALSE,FALSE,FALSE,FALSE,57.2644,-6.0915,1073,NA
Geal Charn (Arkaig),804m,NA,Meall na h-Eilde and Geal Charn from Loch Arkaig,https://www.walkhighlands.co.uk/fortwilliam/meall-na-h-eilde.shtml,6.5,7,17,1017,FALSE,FALSE,FALSE,TRUE,FALSE,TRUE,FALSE,FALSE,FALSE,FALSE,FALSE,FALSE,FALSE,56.9576,-5.03209,763,NA
Geal Charn (Dorback),821m,NA,Geal Charn from Dorback Lodge,https://www.walkhighlands.co.uk/cairngorms/geal-charn-dorback.shtml,3.5,4,13.25,524,FALSE,FALSE,FALSE,TRUE,TRUE,TRUE,FALSE,FALSE,FALSE,FALSE,FALSE,FALSE,FALSE,57.2327,-3.5298,1189,NA
Geal-charn Mòr,824m,NA,Geal Charn Mòr from Lynwilg near Aviemore,https://www.walkhighlands.co.uk/cairngorms/geal-charn-mor.shtml,3,4.5,12.5,608,FALSE,FALSE,FALSE,TRUE,TRUE,FALSE,FALSE,FALSE,FALSE,FALSE,TRUE,FALSE,FALSE,57.1735,-3.8507,2432,NA
Glamaig,775m,NA,Glamaig and the Red Hills circuit from Sligachan,https://www.walkhighlands.co.uk/skye/red-hills.shtml,6,8,13,1215,FALSE,FALSE,FALSE,TRUE,TRUE,TRUE,FALSE,FALSE,FALSE,TRUE,FALSE,FALSE,FALSE,57.2905,-6.1714,1347,NA
Glas Bheinn (Assynt),776m,NA,Glas Bheinn from Inchnadamph,https://www.walkhighlands.co.uk/ullapool/glas-bheinn.shtml,5.5,6.5,15.75,770,FALSE,FALSE,TRUE,TRUE,TRUE,FALSE,FALSE,FALSE,FALSE,TRUE,FALSE,FALSE,FALSE,58.1485,-4.9734,1105,NA
Glas Bheinn (Kinlochleven),792m,NA,Glas Bheinn circuit from Kinlochleven,https://www.walkhighlands.co.uk/fortwilliam/glas-bheinn.shtml,7,8,20.75,889,FALSE,FALSE,TRUE,TRUE,TRUE,TRUE,FALSE,FALSE,FALSE,TRUE,FALSE,FALSE,FALSE,56.7169,-4.96308,774,NA
Goat Fell,874m,NA,Goatfell from Brodick Castle,https://www.walkhighlands.co.uk/arran/goatfell.shtml,4.5,6,10.5,874,TRUE,FALSE,FALSE,FALSE,FALSE,FALSE,FALSE,FALSE,FALSE,FALSE,TRUE,FALSE,FALSE,55.5921,-5.1563,7253,NA
Hart Fell,808m,NA,Hart Fell ridges horseshoe,https://www.walkhighlands.co.uk/galloway/hart-fell.shtml,5,6,13,886,FALSE,FALSE,FALSE,TRUE,FALSE,TRUE,FALSE,FALSE,FALSE,FALSE,FALSE,FALSE,FALSE,55.3751,-3.3476,2569,NA
Leathad an Taobhain,912m,NA,Leathad an Taobhain and Càrn Dearg Mòr from Glen Feshie,https://www.walkhighlands.co.uk/cairngorms/leathad-an-taobhain.shtml,9,10,33.5,989,FALSE,TRUE,TRUE,TRUE,TRUE,FALSE,FALSE,FALSE,FALSE,TRUE,FALSE,FALSE,FALSE,57.0631,-3.897,852,NA
Leum Uilleim,909m,NA,Leum Uilleim from Corrour Station,https://www.walkhighlands.co.uk/fortwilliam/leum-uilleim.shtml,3,4.5,9.75,524,FALSE,FALSE,FALSE,TRUE,FALSE,TRUE,FALSE,FALSE,FALSE,FALSE,FALSE,FALSE,FALSE,56.7602,-4.6906,1200,NA
Little Wyvis,764m,NA,Little Wyvis ascent,https://www.walkhighlands.co.uk/lochness/little-wyvis.shtml,3,4,10,NA,FALSE,FALSE,FALSE,TRUE,FALSE,FALSE,FALSE,FALSE,FALSE,TRUE,FALSE,FALSE,FALSE,57.6368,-4.6782,1963,NA
Mam na Gualainn,796m,NA,Mam na Gualainn and Beinn na Caillich from Mamore Lodge,https://www.walkhighlands.co.uk/fortwilliam/mam-na-gualainn.shtml,7,8,19.5,1084,FALSE,FALSE,TRUE,TRUE,FALSE,TRUE,FALSE,FALSE,FALSE,TRUE,TRUE,FALSE,FALSE,56.7167,-4.9629,1328,NA
Maol Creag an Loch (A' Chaoirnich),875m,NA,An Dùn and Maol Creag an Loch via the Gaick Pass,https://www.walkhighlands.co.uk/perthshire/gaick-corbetts.shtml,9,10,28,959,FALSE,FALSE,TRUE,TRUE,TRUE,TRUE,FALSE,FALSE,FALSE,FALSE,FALSE,FALSE,TRUE,56.8064,-4.093,805,NA
Meall a' Bhuachaille,810m,NA,Meall a' Bhuachaille classic circuit from Glenmore,https://www.walkhighlands.co.uk/cairngorms/meallabhuachaille.shtml,3.5,4.5,8.5,540,FALSE,FALSE,FALSE,TRUE,FALSE,FALSE,FALSE,TRUE,FALSE,TRUE,FALSE,FALSE,FALSE,57.1675,-3.6936,5839,NA
Meall a' Ghiubhais,887m,NA,Meall a' Ghiubhais from Loch Maree.,https://www.walkhighlands.co.uk/torridon/Meallaghuibhais.shtml,4.5,6,9,930,FALSE,FALSE,FALSE,FALSE,FALSE,FALSE,FALSE,FALSE,FALSE,TRUE,FALSE,FALSE,FALSE,57.6308,-5.34836,1382,NA
Meall a' Phùbuill,774m,NA,Meall a'Phùbuill from Glen Loy,https://www.walkhighlands.co.uk/fortwilliam/meall-a-phubuill.shtml,5,6,15,738,FALSE,FALSE,FALSE,FALSE,TRUE,TRUE,FALSE,FALSE,FALSE,FALSE,FALSE,FALSE,FALSE,56.9146,-5.1338,713,NA
Meall an Fhudair,764m,NA,Meall an Fhudair from Glen Falloch,https://www.walkhighlands.co.uk/lochlomond/meall-an-fhudair.shtml,5,6,14.5,901,FALSE,FALSE,FALSE,TRUE,FALSE,FALSE,FALSE,FALSE,FALSE,FALSE,FALSE,FALSE,FALSE,56.3396,-4.72095,984,NA
Meall an t-Seallaidh,852m,NA,Creag Mac Ranaich and Meall an t-Seallach from Lochearnhead,https://www.walkhighlands.co.uk/lochlomond/creag-mac-ranaich.shtml,7,8,20.5,984,FALSE,FALSE,FALSE,TRUE,FALSE,TRUE,FALSE,FALSE,FALSE,TRUE,FALSE,FALSE,TRUE,56.3853,-4.2803,1736,NA
Meall Buidhe,907m,NA,Meall Buidhe and Sron a' Choire Chnapanich from Loch Lyon,https://www.walkhighlands.co.uk/perthshire/sron-a-choire-chnapanich.shtml,6,6.5,15.75,921,FALSE,FALSE,FALSE,TRUE,FALSE,TRUE,FALSE,FALSE,FALSE,FALSE,FALSE,FALSE,FALSE,56.544,-4.50676,990,NA
Meall Dubh,788m,NA,Meall Dubh from Glen Moriston,https://www.walkhighlands.co.uk/lochness/meall-dubh.shtml,4,5,11,670,FALSE,FALSE,FALSE,TRUE,FALSE,TRUE,FALSE,FALSE,FALSE,FALSE,FALSE,FALSE,FALSE,57.1622,-4.8882,828,NA
Meall Horn,777m,NA,Meall Horn from Loch Stack,https://www.walkhighlands.co.uk/sutherland/meall-horn.shtml,6,7,18,836,FALSE,FALSE,FALSE,TRUE,TRUE,TRUE,FALSE,FALSE,FALSE,FALSE,FALSE,FALSE,FALSE,58.3175,-4.9098,677,NA
Meall Lighiche,772m,NA,Meall Ligiche and Sgòr na h-Ulaidh from Glencoe,https://www.walkhighlands.co.uk/fortwilliam/sgornaulaidh.shtml,7,9,15.5,1292,FALSE,FALSE,TRUE,TRUE,TRUE,TRUE,FALSE,FALSE,FALSE,TRUE,FALSE,FALSE,TRUE,56.6611,-5.06878,1519,NA
Meall na Fearna,809m,NA,Meall na Fearna from Loch Earn,https://www.walkhighlands.co.uk/perthshire/meall-na-fearna.shtml,4.5,5.5,12.25,730,FALSE,FALSE,FALSE,TRUE,FALSE,TRUE,FALSE,FALSE,FALSE,FALSE,FALSE,FALSE,FALSE,56.3814,-4.21578,1334,NA
Meall na h-Aisre,862m,NA,Meall na h-Aisre from Garva Bridge,https://www.walkhighlands.co.uk/cairngorms/meall-na-h-aisre.shtml,4.5,5,13,611,FALSE,FALSE,FALSE,TRUE,FALSE,TRUE,FALSE,FALSE,FALSE,FALSE,FALSE,FALSE,FALSE,57.0199,-4.436,843,NA
Meall na h-Eilde,838m,NA,Meall na h-Eilde and Geal Charn from Loch Arkaig,https://www.walkhighlands.co.uk/fortwilliam/meall-na-h-eilde.shtml,6.5,7,17,1017,FALSE,FALSE,FALSE,TRUE,FALSE,TRUE,FALSE,FALSE,FALSE,FALSE,FALSE,FALSE,FALSE,56.9576,-5.03209,772,NA
Meall na Leitreach,775m,NA,Meall na Leitreach from Dalnaspital,https://www.walkhighlands.co.uk/perthshire/meall-na-leitreach.shtml,2.5,3,7.75,407,FALSE,FALSE,FALSE,FALSE,FALSE,FALSE,FALSE,FALSE,FALSE,FALSE,FALSE,FALSE,FALSE,56.8308,-4.22154,1519,NA
Meall nam Maigheach,779m,NA,Meall nam Maigheach from the Loch Tay - Glen Lyon Pass,https://www.walkhighlands.co.uk/perthshire/meall-nam-maigheach.shtml,2,2.5,5.5,270,FALSE,FALSE,FALSE,TRUE,FALSE,TRUE,FALSE,FALSE,FALSE,FALSE,FALSE,FALSE,FALSE,56.5458,-4.30649,1269,NA
Meall nan Subh,806m,NA,Meall nan Subh from Glen Lochay,https://www.walkhighlands.co.uk/perthshire/meall-nan-subh.shtml,3,4,12.75,602,FALSE,FALSE,FALSE,FALSE,FALSE,TRUE,FALSE,FALSE,FALSE,TRUE,FALSE,FALSE,FALSE,56.4989,-4.476,992,NA
Meall Tairneachan,787m,NA,Meall Tairneachan and Farragon Hill via the Foss mine track,https://www.walkhighlands.co.uk/perthshire/farragon-hill.shtml,5.5,6.5,17.25,878,FALSE,FALSE,FALSE,TRUE,FALSE,TRUE,FALSE,FALSE,FALSE,FALSE,FALSE,TRUE,FALSE,56.6812,-3.99299,1500,NA
Meallach Mhòr,769m,NA,Meallach Mhòr and Croidh-la from Glen Tromie,https://www.walkhighlands.co.uk/cairngorms/meallach-mhor.shtml,7,8,25,734,FALSE,FALSE,FALSE,TRUE,TRUE,TRUE,FALSE,TRUE,FALSE,TRUE,FALSE,FALSE,TRUE,57.0733,-4.0227,884,NA
Meallan Liath Coire Mhic Dhughaill,801m,NA,Meallan Liath Coire Mhic Dhughaill,https://www.walkhighlands.co.uk/sutherland/meallan-liath-coire-mhic-dhughaill.shtml,6,6.5,16,900,FALSE,FALSE,TRUE,TRUE,FALSE,TRUE,FALSE,FALSE,FALSE,FALSE,FALSE,FALSE,FALSE,58.2664,-4.8178,603,NA
Meallan nan Uan,838m,NA,Sgùrr a'Mhuilinn and Meallan nan Uan from Strathconon,https://www.walkhighlands.co.uk/lochness/sgurr-a-mhuilinn.shtml,5,7,13,1085,FALSE,FALSE,FALSE,TRUE,FALSE,TRUE,FALSE,FALSE,FALSE,FALSE,TRUE,FALSE,FALSE,57.5482,-4.852,1029,NA
Merrick,843m,NA,The Merrick via Benyellary,https://www.walkhighlands.co.uk/galloway/merrick.shtml,4,5,13.25,875,FALSE,FALSE,FALSE,TRUE,FALSE,TRUE,FALSE,TRUE,FALSE,TRUE,FALSE,FALSE,FALSE,55.0922,-4.4861,3573,NA
Monamenach,807m,NA,Monamenach from Glen Isla,https://www.walkhighlands.co.uk/angus/monamenach.shtml,2,3,5.25,444,FALSE,FALSE,FALSE,FALSE,TRUE,FALSE,FALSE,FALSE,FALSE,FALSE,FALSE,TRUE,FALSE,56.8115,-3.324,2116,NA
Morrone,859m,NA,Morrone from Braemar,https://www.walkhighlands.co.uk/cairngorms/morrone.shtml,4,5,12,650,FALSE,FALSE,FALSE,FALSE,TRUE,FALSE,FALSE,FALSE,FALSE,TRUE,FALSE,TRUE,FALSE,57.0058,-3.3984,3375,NA
Morven,872m,NA,Morven from the east,https://www.walkhighlands.co.uk/aberdeenshire/morven.shtml,3.5,4.5,8.75,655,FALSE,FALSE,FALSE,TRUE,FALSE,FALSE,FALSE,FALSE,FALSE,FALSE,FALSE,FALSE,FALSE,57.1267,-2.9761,2788,NA
Mount Battock,778m,NA,Mount Battock from Glen Esk,https://www.walkhighlands.co.uk/angus/mount-battock.shtml,4,5,15,673,FALSE,FALSE,FALSE,TRUE,FALSE,FALSE,FALSE,FALSE,FALSE,FALSE,FALSE,FALSE,FALSE,56.8995,-2.7562,2567,NA
Quinag - Sàil Gharbh,808m,NA,Quinag: three Corbetts,https://www.walkhighlands.co.uk/ullapool/quinag.shtml,7.5,8.5,14,1130,TRUE,FALSE,FALSE,TRUE,FALSE,FALSE,FALSE,FALSE,FALSE,TRUE,FALSE,FALSE,FALSE,58.1996,-5.0089,2581,NA
Quinag - Sàil Ghorm,776m,NA,Quinag: three Corbetts,https://www.walkhighlands.co.uk/ullapool/quinag.shtml,7.5,8.5,14,1130,TRUE,FALSE,FALSE,TRUE,FALSE,FALSE,FALSE,FALSE,FALSE,TRUE,FALSE,FALSE,FALSE,58.1996,-5.0089,2287,NA
Quinag - Spidean Coinich,764m,NA,Quinag: three Corbetts,https://www.walkhighlands.co.uk/ullapool/quinag.shtml,7.5,8.5,14,1130,TRUE,FALSE,FALSE,TRUE,FALSE,FALSE,FALSE,FALSE,FALSE,TRUE,FALSE,FALSE,FALSE,58.1996,-5.0089,2807,NA
Rois-Bheinn,882m,NA,Rois-bheinn round from Inverailort,https://www.walkhighlands.co.uk/fortwilliam/rois-bheinn.shtml,9,10,19,1649,TRUE,FALSE,FALSE,TRUE,FALSE,TRUE,FALSE,FALSE,FALSE,FALSE,FALSE,FALSE,FALSE,56.8733,-5.6689,983,NA
Ruadh-stac Beag,896m,NA,Ruadh-stac Beag from the Beinn Eighe visitor centre,https://www.walkhighlands.co.uk/torridon/ruadh-stac-beag.shtml,6.5,7.5,15.5,931,FALSE,FALSE,FALSE,FALSE,FALSE,TRUE,FALSE,FALSE,FALSE,TRUE,TRUE,FALSE,FALSE,57.6132,-5.3165,879,NA
Sail Mhòr,767m,NA,"Sail Mhòr, from Ardessie",https://www.walkhighlands.co.uk/ullapool/sail-mhor.shtml,5.5,6,12,825,FALSE,FALSE,TRUE,TRUE,FALSE,FALSE,FALSE,FALSE,FALSE,FALSE,FALSE,FALSE,FALSE,57.8537,-5.2862,1099,NA
Sgòr Mòr,813m,NA,Sgòrr Mòr circular from the Linn of Dee,https://www.walkhighlands.co.uk/cairngorms/sgor-mor.shtml,6,7,20.75,544,FALSE,FALSE,TRUE,TRUE,TRUE,TRUE,FALSE,FALSE,FALSE,TRUE,TRUE,FALSE,FALSE,56.9895,-3.5439,1422,NA
Sgòrr Craobh a' Chaorainn,775m,NA,"The Sgùrr Ghiubhsachain round, from Callop",https://www.walkhighlands.co.uk/fortwilliam/sgurr-ghiubhsachain.shtml,9,11,21.75,1454,FALSE,FALSE,TRUE,TRUE,TRUE,FALSE,FALSE,FALSE,FALSE,TRUE,TRUE,FALSE,FALSE,56.8579,-5.4068,711,NA
Sgòrr na Diollaid,818m,NA,Sgòrr na Diollaid from Glen Cannich,https://www.walkhighlands.co.uk/lochness/sgorr-na-diollaid.shtml,4,5,7,654,TRUE,FALSE,FALSE,TRUE,TRUE,TRUE,FALSE,FALSE,FALSE,FALSE,FALSE,FALSE,FALSE,57.3589,-4.85151,1118,NA
Sgòrr nan Lochan Uaine,871m,NA,Sgòrr nan Lochan Uaine and Sgùrr Dubh from Glen Torridon,https://www.walkhighlands.co.uk/torridon/sgorr-nan-lochan-uaine.shtml,7.5,9,14.25,985,FALSE,FALSE,FALSE,TRUE,FALSE,TRUE,FALSE,FALSE,FALSE,TRUE,FALSE,FALSE,FALSE,57.5547,-5.4156,813,NA
Sguman Coinntich,879m,NA,Sguman Coinntich and Faochaig from Killilan,https://www.walkhighlands.co.uk/kintail/sguman-coinntich.shtml,9,10,25,1198,TRUE,FALSE,FALSE,FALSE,FALSE,TRUE,FALSE,FALSE,FALSE,FALSE,TRUE,FALSE,TRUE,57.3169,-5.4221,604,NA
Sgùrr a' Chaorachain,792m,NA,Sgùrr a' Chaorachain from the Bealach na Ba,https://www.walkhighlands.co.uk/torridon/Sgurrachaorachain.shtml,2,2.5,7,375,FALSE,TRUE,FALSE,FALSE,FALSE,TRUE,FALSE,FALSE,FALSE,FALSE,FALSE,FALSE,FALSE,57.4188,-5.70807,1421,NA
Sgùrr a' Choire-bheithe,913m,NA,Sgùrr a’ Choire-bheithe from Barrisdale Bay,https://www.walkhighlands.co.uk/fortwilliam/sgurr-a-choire-bheithe.shtml,4.5,5.5,9.75,932,TRUE,FALSE,FALSE,FALSE,TRUE,FALSE,TRUE,TRUE,FALSE,FALSE,FALSE,FALSE,FALSE,57.0796,-5.5134,427,NA
Sgùrr a' Mhuilinn,879m,NA,Sgùrr a' Mhuilinn and Meallan nan Uan from Strathconon,https://www.walkhighlands.co.uk/lochness/sgurr-a-mhuilinn.shtml,5,7,13,1085,FALSE,FALSE,FALSE,TRUE,FALSE,TRUE,FALSE,FALSE,FALSE,FALSE,TRUE,FALSE,FALSE,57.5482,-4.852,995,NA
Sgùrr an Airgid,841m,NA,Sgùrr an Airgid from Morvich,https://www.walkhighlands.co.uk/kintail/Sgurranairgid.shtml,4.5,6,10.5,932,FALSE,FALSE,FALSE,TRUE,FALSE,TRUE,FALSE,FALSE,FALSE,TRUE,FALSE,FALSE,FALSE,57.2354,-5.4042,1339,NA
Sgùrr an Fhuarain,901m,NA,Sgùrr Mòr and Sgùrr an Fhuarain from Loch Arkaig,https://www.walkhighlands.co.uk/fortwilliam/sgurr-mor.shtml,9,11,24,1510,FALSE,FALSE,TRUE,TRUE,TRUE,TRUE,FALSE,FALSE,FALSE,TRUE,FALSE,FALSE,TRUE,56.9719,-5.3123,1296,NA
Sgùrr an Utha,796m,NA,Sgùrr an Utha from Drochaid Allt an Utha,https://www.walkhighlands.co.uk/fortwilliam/sgurr-an-utha.shtml,4,6,9,757,FALSE,FALSE,FALSE,TRUE,FALSE,TRUE,FALSE,FALSE,FALSE,FALSE,FALSE,FALSE,FALSE,56.8778,-5.4924,957,NA
Sgùrr Coire Choinnichean,796m,NA,Sgùrr Coire Choinnichean from Inverie,https://www.walkhighlands.co.uk/fortwilliam/sgurr-coire-choinnichean.shtml,5.5,6,12.75,857,FALSE,TRUE,FALSE,FALSE,TRUE,TRUE,FALSE,FALSE,TRUE,FALSE,TRUE,FALSE,FALSE,57.0383,-5.6852,951,NA
Sgùrr Cos na Breachd-laoidh,835m,NA,Sgùrr Cos na Breachd-laoidh from Loch Arkaig,https://www.walkhighlands.co.uk/fortwilliam/sgurr-cos-na-breachd-laoidh.shtml,6,7,13,861,FALSE,FALSE,FALSE,FALSE,TRUE,TRUE,FALSE,FALSE,FALSE,TRUE,FALSE,FALSE,FALSE,56.9715,-5.3122,646,NA
Sgùrr Dhomhnuill,888m,NA,Sgùrr Dhomhnuill via the Ariundle Oakwoods,https://www.walkhighlands.co.uk/fortwilliam/sgurr-dhomhnuill.shtml,7,8.5,17.75,913,TRUE,FALSE,TRUE,TRUE,FALSE,FALSE,FALSE,FALSE,FALSE,TRUE,FALSE,FALSE,FALSE,56.711,-5.5542,713,NA
Sgùrr Dubh,782m,NA,Sgòrr nan Lochan Uaine and Sgùrr Dubh from Glen Torridon,https://www.walkhighlands.co.uk/torridon/sgorr-nan-lochan-uaine.shtml,7.5,9,14.25,985,FALSE,FALSE,FALSE,TRUE,FALSE,TRUE,FALSE,FALSE,FALSE,TRUE,FALSE,FALSE,FALSE,57.5547,-5.4156,848,NA
Sgùrr Gaorsaic,839m,NA,Sgùrr Gaorsaic from Morvich,https://www.walkhighlands.co.uk/kintail/sgurr-gaorsaic.shtml,7,9,20.5,1139,FALSE,FALSE,TRUE,TRUE,TRUE,TRUE,FALSE,FALSE,FALSE,FALSE,FALSE,FALSE,FALSE,57.2348,-5.3809,604,NA
Sgùrr Ghiubhsachain,849m,NA,Sgùrr Ghiubhsachain and Sgòrr Craobh a' Chaorainn from Callop,https://www.walkhighlands.co.uk/fortwilliam/sgurr-ghiubhsachain.shtml,9,11,21.75,1454,FALSE,FALSE,TRUE,TRUE,TRUE,FALSE,FALSE,FALSE,FALSE,TRUE,TRUE,FALSE,FALSE,56.8579,-5.4068,727,NA
Sgùrr Innse,809m,NA,The Innses from Corriechoille,https://www.walkhighlands.co.uk/fortwilliam/cruach-innse.shtml,6,7,13,890,FALSE,FALSE,FALSE,FALSE,FALSE,TRUE,FALSE,FALSE,FALSE,FALSE,FALSE,FALSE,FALSE,56.8682,-4.86347,1078,NA
Sgùrr Mhic Bharraich,779m,NA,Sgùrr Mhic Bharraich from Shiel Bridge,https://www.walkhighlands.co.uk/kintail/sgurr-mhic-bharraich.shtml,4.5,6.5,9.5,787,FALSE,FALSE,FALSE,TRUE,FALSE,TRUE,FALSE,FALSE,FALSE,TRUE,FALSE,FALSE,FALSE,57.2121,-5.4152,959,NA
Sgùrr Mhurlagain,880m,NA,Sgùrr Mhurlagain and Fraoch Bheinn,https://www.walkhighlands.co.uk/fortwilliam/sgurr-mhurlagain.shtml,6.5,8,15,1243,FALSE,FALSE,FALSE,TRUE,FALSE,TRUE,FALSE,FALSE,FALSE,TRUE,FALSE,FALSE,FALSE,56.9716,-5.3122,611,NA
Sgùrr na Ba Glaise,874m,NA,Rois-bheinn round from Inverailort,https://www.walkhighlands.co.uk/fortwilliam/rois-bheinn.shtml,9,10,19,1649,TRUE,FALSE,FALSE,TRUE,FALSE,TRUE,FALSE,FALSE,FALSE,FALSE,FALSE,FALSE,FALSE,56.8733,-5.6689,886,NA
Sgùrr na Feartaig,862m,NA,Sgùrr na Feartaig and Beinn Tharsuinn from Achnashellach,https://www.walkhighlands.co.uk/torridon/sgurr-na-feartaig.shtml,7,8,22,1180,FALSE,FALSE,TRUE,TRUE,TRUE,TRUE,FALSE,FALSE,FALSE,TRUE,TRUE,FALSE,FALSE,57.4914,-5.2722,812,NA
Sgùrr nan Ceannaichean,913m,NA,Moruisg and Sgùrr nan Ceannaichean from Glen Carron,https://www.walkhighlands.co.uk/torridon/Moruisg.shtml,6,7,12,978,FALSE,FALSE,FALSE,TRUE,TRUE,TRUE,FALSE,FALSE,FALSE,FALSE,TRUE,FALSE,FALSE,57.5176,-5.20773,2534,NA
Sgùrr nan Eugallt,898m,NA,Sgùrr nan Eugallt,https://www.walkhighlands.co.uk/fortwilliam/sgurr-nan-eugallt.shtml,4.5,5,9.5,786,FALSE,FALSE,FALSE,FALSE,FALSE,FALSE,FALSE,FALSE,FALSE,FALSE,FALSE,FALSE,FALSE,57.0953,-5.3714,595,NA
Shalloch on Minnoch,775m,NA,Shalloch on Minnoch via the north ridge,https://www.walkhighlands.co.uk/glasgow/shalloch-on-minnoch.shtml,3,4,9.5,425,FALSE,FALSE,FALSE,TRUE,FALSE,TRUE,FALSE,FALSE,FALSE,FALSE,FALSE,FALSE,FALSE,55.2212,-4.5258,1546,NA
Sron a' Choire Chnapanich,837m,NA,Meall Buidhe and Sron a' Choire Chnapanich from Loch Lyon,https://www.walkhighlands.co.uk/perthshire/sron-a-choire-chnapanich.shtml,6,6.5,15.75,921,FALSE,FALSE,FALSE,TRUE,FALSE,TRUE,FALSE,FALSE,FALSE,FALSE,FALSE,FALSE,FALSE,56.544,-4.50676,1066,NA
Stob a' Choin,869m,NA,Stob a' Choin from Inverlochlarig,https://www.walkhighlands.co.uk/lochlomond/stob-a-choin.shtml,6.5,7,10.5,790,TRUE,FALSE,FALSE,TRUE,TRUE,TRUE,FALSE,FALSE,FALSE,TRUE,FALSE,FALSE,FALSE,56.3329,-4.5156,1165,NA
Stob an Aonaich Mhòir,855m,NA,Stob an Aonaich Mhòir from Loch Rannoch,https://www.walkhighlands.co.uk/perthshire/stob-an-aonaich-mhoir.shtml,7.5,8.5,28.5,649,FALSE,FALSE,FALSE,TRUE,TRUE,TRUE,FALSE,FALSE,FALSE,TRUE,FALSE,FALSE,TRUE,56.6921,-4.4151,697,NA
Stob Coire a' Chearcaill,771m,NA,Stob Coire a' Chearcaill from Loch Eil,https://www.walkhighlands.co.uk/fortwilliam/stob-coire-chearcaill.shtml,4.5,6,14,789,FALSE,FALSE,FALSE,TRUE,FALSE,TRUE,FALSE,FALSE,FALSE,FALSE,TRUE,FALSE,FALSE,56.8449,-5.203,891,NA
Stob Dubh,883m,NA,"Stob Dubh via the northeast ridge, from Glen Etive",https://www.walkhighlands.co.uk/fortwilliam/stob-dubh.shtml,7.5,8,11.5,1005,TRUE,FALSE,FALSE,FALSE,TRUE,TRUE,FALSE,FALSE,FALSE,FALSE,FALSE,FALSE,FALSE,56.6181,-4.9396,742,NA
Streap,909m,NA,Streap via Gleann Dubh Lighe,https://www.walkhighlands.co.uk/fortwilliam/streap.shtml,8,9,18.5,1197,FALSE,FALSE,TRUE,TRUE,TRUE,TRUE,FALSE,TRUE,FALSE,TRUE,FALSE,FALSE,FALSE,56.8636,-5.3982,829,NA
The Brack,787m,NA,The Brack and Cnoc Coinnich from Ardgartan,https://www.walkhighlands.co.uk/lochlomond/the-brack.shtml,6,7.5,15.5,1086,TRUE,FALSE,FALSE,TRUE,FALSE,TRUE,FALSE,FALSE,FALSE,TRUE,FALSE,FALSE,TRUE,56.1946,-4.7913,2511,NA
The Cobbler,884m,NA,The Cobbler from Arrochar,https://www.walkhighlands.co.uk/lochlomond/the-cobbler.shtml,4,6,11,920,TRUE,FALSE,FALSE,FALSE,FALSE,FALSE,FALSE,FALSE,FALSE,TRUE,FALSE,FALSE,TRUE,56.206,-4.7507,11774,NA
The Fara,911m,NA,"The Fara, from Dalwhinnie",https://www.walkhighlands.co.uk/cairngorms/the-fara.shtml,6.5,7.5,21.5,775,FALSE,TRUE,FALSE,TRUE,FALSE,TRUE,FALSE,FALSE,FALSE,TRUE,FALSE,FALSE,TRUE,56.9327,-4.2469,1509,NA
The Sow of Atholl,803m,NA,"The Sow of Atholl, from Dalnaspidal Lodge",https://www.walkhighlands.co.uk/perthshire/sow-of-atholl.shtml,2.5,3,7,393,FALSE,FALSE,FALSE,FALSE,FALSE,TRUE,FALSE,FALSE,FALSE,FALSE,FALSE,FALSE,FALSE,56.8308,-4.22154,1960,NA
White Coomb,821m,NA,White Coomb and Lochcraig Head via the Grey Mare's Tail,https://www.walkhighlands.co.uk/galloway/white-coomb.shtml,4,6,11.5,751,FALSE,FALSE,FALSE,TRUE,FALSE,FALSE,FALSE,FALSE,FALSE,TRUE,FALSE,FALSE,FALSE,55.4176,-3.2874,3002,NA
